# 1.rhot, 2.zeros 3.Te(keV) 4.ne(10^19m^-3)
#
6.390208999999999993e-04 0.000000000000000000e+00 1.218785000000000007e+00 8.300829999999999487e+00
8.887342999999999589e-04 0.000000000000000000e+00 1.218782000000000032e+00 8.299353999999999232e+00
1.138448000000000021e-03 0.000000000000000000e+00 1.218779000000000057e+00 8.297888999999999626e+00
1.388160999999999952e-03 0.000000000000000000e+00 1.218776000000000082e+00 8.296433999999999642e+00
1.637875000000000008e-03 0.000000000000000000e+00 1.218772999999999884e+00 8.294991000000001335e+00
1.887587999999999940e-03 0.000000000000000000e+00 1.218769999999999909e+00 8.293559000000000125e+00
2.137300999999999871e-03 0.000000000000000000e+00 1.218767000000000156e+00 8.292137999999999565e+00
2.387015000000000144e-03 0.000000000000000000e+00 1.218763999999999958e+00 8.290727000000000402e+00
2.636728000000000075e-03 0.000000000000000000e+00 1.218760000000000066e+00 8.289327999999999363e+00
2.886441999999999914e-03 0.000000000000000000e+00 1.218757000000000090e+00 8.287938000000000471e+00
3.136154999999999846e-03 0.000000000000000000e+00 1.218753999999999893e+00 8.286559999999999704e+00
3.385869000000000118e-03 0.000000000000000000e+00 1.218750999999999918e+00 8.285191000000001083e+00
3.635582000000000050e-03 0.000000000000000000e+00 1.218747999999999942e+00 8.283832999999999558e+00
3.885295999999999889e-03 0.000000000000000000e+00 1.218744999999999967e+00 8.282486000000000459e+00
4.135009000000000254e-03 0.000000000000000000e+00 1.218741999999999992e+00 8.281147999999999954e+00
4.384721999999999752e-03 0.000000000000000000e+00 1.218739000000000017e+00 8.279820000000000846e+00
4.634435999999999591e-03 0.000000000000000000e+00 1.218736000000000042e+00 8.278503000000000611e+00
4.884148999999999956e-03 0.000000000000000000e+00 1.218732999999999844e+00 8.277195000000000746e+00
5.133862999999999795e-03 0.000000000000000000e+00 1.218730000000000091e+00 8.275897999999999755e+00
5.383576000000000160e-03 0.000000000000000000e+00 1.218726000000000198e+00 8.274609999999999133e+00
5.633289999999999999e-03 0.000000000000000000e+00 1.218723000000000001e+00 8.273331000000000657e+00
5.883003000000000364e-03 0.000000000000000000e+00 1.218720000000000026e+00 8.272063000000001054e+00
6.132715999999999862e-03 0.000000000000000000e+00 1.218717000000000050e+00 8.270803000000000793e+00
6.382429999999999701e-03 0.000000000000000000e+00 1.218713999999999853e+00 8.269552999999998377e+00
6.632143000000000066e-03 0.000000000000000000e+00 1.218711000000000100e+00 8.268312999999999136e+00
6.881856999999999905e-03 0.000000000000000000e+00 1.218708000000000125e+00 8.267082000000000264e+00
7.131570000000000270e-03 0.000000000000000000e+00 1.218704999999999927e+00 8.265859000000000734e+00
7.381284000000000109e-03 0.000000000000000000e+00 1.218701000000000034e+00 8.264646000000000825e+00
7.630996999999999607e-03 0.000000000000000000e+00 1.218698000000000059e+00 8.263441999999999510e+00
7.880710000000000839e-03 0.000000000000000000e+00 1.218694999999999862e+00 8.262247000000000341e+00
8.130424000000000678e-03 0.000000000000000000e+00 1.218692000000000109e+00 8.261060999999999765e+00
8.380136999999999309e-03 0.000000000000000000e+00 1.218689000000000133e+00 8.259883000000000308e+00
8.629850999999999148e-03 0.000000000000000000e+00 1.218685999999999936e+00 8.258713999999999444e+00
8.879563999999999513e-03 0.000000000000000000e+00 1.218682000000000043e+00 8.257554000000000727e+00
9.129277999999999352e-03 0.000000000000000000e+00 1.218679000000000068e+00 8.256401999999999575e+00
9.378990999999999717e-03 0.000000000000000000e+00 1.218675999999999870e+00 8.255257999999999541e+00
9.628704999999999556e-03 0.000000000000000000e+00 1.218672999999999895e+00 8.254123000000001653e+00
9.878417999999999921e-03 0.000000000000000000e+00 1.218670000000000142e+00 8.252995999999999555e+00
1.012813000000000081e-02 0.000000000000000000e+00 1.218666999999999945e+00 8.251876999999998574e+00
1.037783999999999929e-02 0.000000000000000000e+00 1.218663000000000052e+00 8.250766000000000489e+00
1.062755999999999944e-02 0.000000000000000000e+00 1.218660000000000077e+00 8.249662999999999968e+00
1.087726999999999965e-02 0.000000000000000000e+00 1.218656999999999879e+00 8.248568000000000566e+00
1.112698999999999980e-02 0.000000000000000000e+00 1.218653999999999904e+00 8.247480999999998730e+00
1.137670000000000001e-02 0.000000000000000000e+00 1.218650000000000011e+00 8.246401999999999788e+00
1.162641000000000022e-02 0.000000000000000000e+00 1.218647000000000036e+00 8.245329999999999160e+00
1.187613000000000037e-02 0.000000000000000000e+00 1.218644000000000061e+00 8.244265999999999650e+00
1.212584000000000058e-02 0.000000000000000000e+00 1.218641000000000085e+00 8.243208999999998454e+00
1.237555000000000079e-02 0.000000000000000000e+00 1.218636999999999970e+00 8.242159000000000901e+00
1.262526999999999920e-02 0.000000000000000000e+00 1.218633999999999995e+00 8.241116999999999138e+00
1.287497999999999941e-02 0.000000000000000000e+00 1.218631000000000020e+00 8.240081999999999240e+00
1.312468999999999962e-02 0.000000000000000000e+00 1.218627999999999822e+00 8.239055000000000462e+00
1.337440999999999977e-02 0.000000000000000000e+00 1.218623999999999929e+00 8.238034000000000745e+00
1.362411999999999998e-02 0.000000000000000000e+00 1.218621000000000176e+00 8.237019999999999342e+00
1.387383000000000019e-02 0.000000000000000000e+00 1.218617999999999979e+00 8.236012999999999806e+00
1.412355000000000034e-02 0.000000000000000000e+00 1.218614000000000086e+00 8.235012999999998584e+00
1.437326000000000055e-02 0.000000000000000000e+00 1.218611000000000111e+00 8.234019999999999229e+00
1.462297000000000076e-02 0.000000000000000000e+00 1.218607999999999913e+00 8.233032999999998935e+00
1.487268999999999917e-02 0.000000000000000000e+00 1.218604000000000021e+00 8.232052999999998733e+00
1.512239999999999938e-02 0.000000000000000000e+00 1.218601000000000045e+00 8.231079000000001145e+00
1.537210999999999959e-02 0.000000000000000000e+00 1.218597999999999848e+00 8.230111000000000843e+00
1.562182999999999974e-02 0.000000000000000000e+00 1.218593999999999955e+00 8.229150000000000631e+00
1.587153999999999995e-02 0.000000000000000000e+00 1.218590999999999980e+00 8.228195000000001258e+00
1.612125000000000016e-02 0.000000000000000000e+00 1.218588000000000005e+00 8.227245999999999171e+00
1.637096999999999858e-02 0.000000000000000000e+00 1.218584000000000112e+00 8.226304000000000727e+00
1.662067999999999879e-02 0.000000000000000000e+00 1.218580999999999914e+00 8.225367000000000317e+00
1.687038999999999900e-02 0.000000000000000000e+00 1.218577000000000021e+00 8.224436000000000746e+00
1.712011000000000088e-02 0.000000000000000000e+00 1.218574000000000046e+00 8.223511000000000237e+00
1.736982000000000109e-02 0.000000000000000000e+00 1.218569999999999931e+00 8.222591000000001316e+00
1.761953000000000130e-02 0.000000000000000000e+00 1.218566999999999956e+00 8.221676999999999680e+00
1.786924999999999972e-02 0.000000000000000000e+00 1.218563999999999981e+00 8.220768999999998883e+00
1.811895999999999993e-02 0.000000000000000000e+00 1.218559999999999865e+00 8.219865999999999673e+00
1.836867000000000014e-02 0.000000000000000000e+00 1.218557000000000112e+00 8.218968000000000274e+00
1.861838999999999855e-02 0.000000000000000000e+00 1.218553000000000219e+00 8.218075999999999937e+00
1.886809999999999876e-02 0.000000000000000000e+00 1.218550000000000022e+00 8.217188999999999410e+00
1.911782000000000065e-02 0.000000000000000000e+00 1.218546000000000129e+00 8.216307000000000471e+00
1.936753000000000086e-02 0.000000000000000000e+00 1.218542999999999932e+00 8.215429999999999566e+00
1.961724000000000107e-02 0.000000000000000000e+00 1.218539000000000039e+00 8.214556999999999221e+00
1.986695999999999948e-02 0.000000000000000000e+00 1.218536000000000064e+00 8.213689999999999714e+00
2.011666999999999969e-02 0.000000000000000000e+00 1.218531999999999949e+00 8.212828000000000017e+00
2.036637999999999990e-02 0.000000000000000000e+00 1.218528999999999973e+00 8.211970000000000880e+00
2.061609999999999832e-02 0.000000000000000000e+00 1.218525000000000080e+00 8.211116999999999777e+00
2.086580999999999853e-02 0.000000000000000000e+00 1.218520999999999965e+00 8.210267999999999233e+00
2.111551999999999873e-02 0.000000000000000000e+00 1.218517999999999990e+00 8.209424000000000277e+00
2.136524000000000062e-02 0.000000000000000000e+00 1.218513999999999875e+00 8.208584000000000103e+00
2.161495000000000083e-02 0.000000000000000000e+00 1.218510999999999900e+00 8.207748000000000488e+00
2.186466000000000104e-02 0.000000000000000000e+00 1.218507000000000007e+00 8.206916999999998907e+00
2.211437999999999945e-02 0.000000000000000000e+00 1.218502999999999892e+00 8.206088999999998634e+00
2.236408999999999966e-02 0.000000000000000000e+00 1.218499999999999917e+00 8.205265999999999948e+00
2.261379999999999987e-02 0.000000000000000000e+00 1.218496000000000024e+00 8.204446000000000794e+00
2.286351999999999829e-02 0.000000000000000000e+00 1.218491999999999909e+00 8.203630000000000422e+00
2.311322999999999850e-02 0.000000000000000000e+00 1.218488999999999933e+00 8.202819000000001637e+00
2.336293999999999871e-02 0.000000000000000000e+00 1.218484999999999818e+00 8.202009999999999579e+00
2.361266000000000059e-02 0.000000000000000000e+00 1.218480999999999925e+00 8.201206000000000884e+00
2.386237000000000080e-02 0.000000000000000000e+00 1.218478000000000172e+00 8.200404000000000693e+00
2.411208000000000101e-02 0.000000000000000000e+00 1.218473999999999835e+00 8.199607000000000312e+00
2.436179999999999943e-02 0.000000000000000000e+00 1.218469999999999942e+00 8.198812000000000211e+00
2.461150999999999964e-02 0.000000000000000000e+00 1.218465999999999827e+00 8.198020999999998892e+00
2.486121999999999985e-02 0.000000000000000000e+00 1.218463000000000074e+00 8.197232999999998881e+00
2.511094000000000173e-02 0.000000000000000000e+00 1.218458999999999959e+00 8.196448000000000178e+00
2.536064999999999847e-02 0.000000000000000000e+00 1.218454999999999844e+00 8.195665999999999229e+00
2.561035999999999868e-02 0.000000000000000000e+00 1.218450999999999951e+00 8.194887000000001365e+00
2.586008000000000057e-02 0.000000000000000000e+00 1.218446999999999836e+00 8.194111000000001255e+00
2.610979000000000078e-02 0.000000000000000000e+00 1.218443999999999861e+00 8.193336999999999648e+00
2.635950000000000099e-02 0.000000000000000000e+00 1.218439999999999968e+00 8.192565999999999349e+00
2.660921999999999940e-02 0.000000000000000000e+00 1.218435999999999853e+00 8.191798000000000357e+00
2.685892999999999961e-02 0.000000000000000000e+00 1.218431999999999960e+00 8.191031999999999869e+00
2.710863999999999982e-02 0.000000000000000000e+00 1.218428000000000067e+00 8.190268999999998911e+00
2.735836000000000170e-02 0.000000000000000000e+00 1.218423999999999952e+00 8.189508000000000010e+00
2.760806999999999845e-02 0.000000000000000000e+00 1.218420000000000059e+00 8.188748999999999612e+00
2.785779000000000033e-02 0.000000000000000000e+00 1.218415999999999944e+00 8.187991999999999493e+00
2.810750000000000054e-02 0.000000000000000000e+00 1.218412000000000051e+00 8.187238000000000682e+00
2.835721000000000075e-02 0.000000000000000000e+00 1.218407999999999936e+00 8.186484999999999346e+00
2.860692999999999916e-02 0.000000000000000000e+00 1.218404999999999960e+00 8.185734000000000066e+00
2.885663999999999937e-02 0.000000000000000000e+00 1.218401000000000067e+00 8.184984999999999289e+00
2.910634999999999958e-02 0.000000000000000000e+00 1.218396999999999952e+00 8.184238000000000568e+00
2.935607000000000147e-02 0.000000000000000000e+00 1.218393000000000059e+00 8.183491999999999322e+00
2.960578000000000168e-02 0.000000000000000000e+00 1.218388000000000027e+00 8.182748000000000133e+00
2.985548999999999842e-02 0.000000000000000000e+00 1.218383999999999912e+00 8.182005999999999446e+00
3.010521000000000030e-02 0.000000000000000000e+00 1.218380000000000019e+00 8.181264999999999787e+00
3.035492000000000051e-02 0.000000000000000000e+00 1.218375999999999904e+00 8.180524999999999380e+00
3.060463000000000072e-02 0.000000000000000000e+00 1.218372000000000011e+00 8.179786000000000001e+00
3.085434999999999914e-02 0.000000000000000000e+00 1.218367999999999896e+00 8.179047999999999874e+00
3.110405999999999935e-02 0.000000000000000000e+00 1.218364000000000003e+00 8.178312000000000026e+00
3.135377000000000303e-02 0.000000000000000000e+00 1.218359999999999888e+00 8.177576000000000178e+00
3.160348999999999797e-02 0.000000000000000000e+00 1.218355999999999995e+00 8.176842000000000610e+00
3.185319999999999818e-02 0.000000000000000000e+00 1.218351000000000184e+00 8.176107999999999265e+00
3.210290999999999839e-02 0.000000000000000000e+00 1.218347000000000069e+00 8.175375000000000725e+00
3.235263000000000028e-02 0.000000000000000000e+00 1.218343000000000176e+00 8.174642000000000408e+00
3.260234000000000049e-02 0.000000000000000000e+00 1.218338999999999839e+00 8.173909999999999343e+00
3.285205000000000070e-02 0.000000000000000000e+00 1.218334999999999946e+00 8.173179000000001082e+00
3.310177000000000258e-02 0.000000000000000000e+00 1.218329999999999913e+00 8.172447000000000017e+00
3.335148000000000279e-02 0.000000000000000000e+00 1.218326000000000020e+00 8.171716999999999231e+00
3.360119000000000300e-02 0.000000000000000000e+00 1.218321999999999905e+00 8.170985999999999194e+00
3.385090999999999795e-02 0.000000000000000000e+00 1.218317000000000094e+00 8.170255000000000933e+00
3.410061999999999816e-02 0.000000000000000000e+00 1.218313000000000201e+00 8.169524999999998371e+00
3.435032999999999836e-02 0.000000000000000000e+00 1.218308999999999864e+00 8.168794000000000111e+00
3.460005000000000025e-02 0.000000000000000000e+00 1.218304000000000054e+00 8.168063999999999325e+00
3.484976000000000046e-02 0.000000000000000000e+00 1.218299999999999939e+00 8.167332999999999288e+00
3.509947000000000067e-02 0.000000000000000000e+00 1.218296000000000046e+00 8.166600999999999999e+00
3.534919000000000255e-02 0.000000000000000000e+00 1.218291000000000013e+00 8.165869999999999962e+00
3.559890000000000276e-02 0.000000000000000000e+00 1.218287000000000120e+00 8.165138000000000673e+00
3.584861999999999771e-02 0.000000000000000000e+00 1.218281999999999865e+00 8.164404999999998580e+00
3.609832999999999792e-02 0.000000000000000000e+00 1.218277999999999972e+00 8.163672000000000040e+00
3.634803999999999813e-02 0.000000000000000000e+00 1.218272999999999939e+00 8.162938000000000471e+00
3.659776000000000001e-02 0.000000000000000000e+00 1.218269000000000046e+00 8.162203000000001651e+00
3.684747000000000022e-02 0.000000000000000000e+00 1.218263999999999792e+00 8.161467000000000027e+00
3.709718000000000043e-02 0.000000000000000000e+00 1.218259999999999899e+00 8.160731000000000179e+00
3.734690000000000232e-02 0.000000000000000000e+00 1.218255000000000088e+00 8.159993000000000052e+00
3.759661000000000253e-02 0.000000000000000000e+00 1.218250999999999973e+00 8.159254000000000673e+00
3.784632000000000274e-02 0.000000000000000000e+00 1.218246000000000162e+00 8.158514000000000266e+00
3.809603999999999768e-02 0.000000000000000000e+00 1.218242000000000047e+00 8.157771999999999579e+00
3.834574999999999789e-02 0.000000000000000000e+00 1.218237000000000014e+00 8.157028999999999641e+00
3.859545999999999810e-02 0.000000000000000000e+00 1.218231999999999982e+00 8.156284999999998675e+00
3.884517999999999999e-02 0.000000000000000000e+00 1.218228000000000089e+00 8.155539000000000982e+00
3.909489000000000020e-02 0.000000000000000000e+00 1.218223000000000056e+00 8.154792000000000485e+00
3.934460000000000041e-02 0.000000000000000000e+00 1.218218000000000023e+00 8.154042000000000456e+00
3.959432000000000229e-02 0.000000000000000000e+00 1.218212999999999990e+00 8.153291000000001176e+00
3.984403000000000250e-02 0.000000000000000000e+00 1.218209000000000097e+00 8.152537999999999840e+00
4.009374000000000271e-02 0.000000000000000000e+00 1.218203999999999843e+00 8.151783000000000001e+00
4.034345999999999766e-02 0.000000000000000000e+00 1.218199000000000032e+00 8.151025999999999883e+00
4.059316999999999787e-02 0.000000000000000000e+00 1.218193999999999999e+00 8.150267000000001261e+00
4.084287999999999808e-02 0.000000000000000000e+00 1.218189000000000188e+00 8.149504999999999555e+00
4.109259999999999996e-02 0.000000000000000000e+00 1.218184999999999851e+00 8.148740999999999346e+00
4.134231000000000017e-02 0.000000000000000000e+00 1.218180000000000041e+00 8.147975000000000634e+00
4.159202000000000038e-02 0.000000000000000000e+00 1.218175000000000008e+00 8.147207000000001642e+00
4.184174000000000226e-02 0.000000000000000000e+00 1.218169999999999975e+00 8.146435000000000315e+00
4.209145000000000247e-02 0.000000000000000000e+00 1.218164999999999942e+00 8.145660999999998708e+00
4.234116000000000268e-02 0.000000000000000000e+00 1.218160000000000132e+00 8.144883999999999347e+00
4.259087999999999763e-02 0.000000000000000000e+00 1.218154999999999877e+00 8.144104999999999706e+00
4.284058999999999784e-02 0.000000000000000000e+00 1.218150000000000066e+00 8.143321999999999505e+00
4.309029999999999805e-02 0.000000000000000000e+00 1.218145000000000033e+00 8.142536999999999026e+00
4.334001999999999993e-02 0.000000000000000000e+00 1.218140000000000001e+00 8.141747999999999763e+00
4.358973000000000014e-02 0.000000000000000000e+00 1.218134999999999968e+00 8.140956999999998445e+00
4.383945000000000203e-02 0.000000000000000000e+00 1.218130000000000157e+00 8.140162000000000120e+00
4.408916000000000224e-02 0.000000000000000000e+00 1.218124999999999902e+00 8.139364000000000487e+00
4.433887000000000245e-02 0.000000000000000000e+00 1.218119999999999870e+00 8.138564000000000576e+00
4.458858999999999739e-02 0.000000000000000000e+00 1.218114000000000141e+00 8.137760000000000105e+00
4.483829999999999760e-02 0.000000000000000000e+00 1.218108999999999886e+00 8.136952999999998326e+00
4.508800999999999781e-02 0.000000000000000000e+00 1.218104000000000076e+00 8.136141999999999541e+00
4.533772999999999970e-02 0.000000000000000000e+00 1.218099000000000043e+00 8.135328999999998700e+00
4.558743999999999991e-02 0.000000000000000000e+00 1.218094000000000010e+00 8.134512000000000853e+00
4.583715000000000012e-02 0.000000000000000000e+00 1.218088000000000060e+00 8.133692999999999174e+00
4.608687000000000200e-02 0.000000000000000000e+00 1.218083000000000027e+00 8.132868999999999460e+00
4.633658000000000221e-02 0.000000000000000000e+00 1.218077999999999994e+00 8.132043000000001243e+00
4.658629000000000242e-02 0.000000000000000000e+00 1.218071999999999822e+00 8.131213999999999942e+00
4.683600999999999737e-02 0.000000000000000000e+00 1.218067000000000011e+00 8.130380999999999858e+00
4.708571999999999758e-02 0.000000000000000000e+00 1.218060999999999838e+00 8.129544999999998467e+00
4.733542999999999779e-02 0.000000000000000000e+00 1.218056000000000028e+00 8.128704999999998293e+00
4.758514999999999967e-02 0.000000000000000000e+00 1.218050999999999995e+00 8.127862000000000364e+00
4.783485999999999988e-02 0.000000000000000000e+00 1.218045000000000044e+00 8.127015999999999352e+00
4.808457000000000009e-02 0.000000000000000000e+00 1.218040000000000012e+00 8.126167000000000584e+00
4.833429000000000197e-02 0.000000000000000000e+00 1.218034000000000061e+00 8.125313999999999481e+00
4.858400000000000218e-02 0.000000000000000000e+00 1.218028000000000111e+00 8.124456999999999596e+00
4.883371000000000239e-02 0.000000000000000000e+00 1.218022999999999856e+00 8.123596999999998403e+00
4.908342999999999734e-02 0.000000000000000000e+00 1.218017000000000127e+00 8.122733999999999455e+00
4.933313999999999755e-02 0.000000000000000000e+00 1.218010999999999955e+00 8.121866999999999948e+00
4.958284999999999776e-02 0.000000000000000000e+00 1.218006000000000144e+00 8.120996999999999133e+00
4.983256999999999964e-02 0.000000000000000000e+00 1.217999999999999972e+00 8.120123000000001312e+00
5.008227999999999985e-02 0.000000000000000000e+00 1.217994000000000021e+00 8.119246000000000407e+00
5.033199000000000006e-02 0.000000000000000000e+00 1.217988000000000071e+00 8.118364999999998943e+00
5.058171000000000195e-02 0.000000000000000000e+00 1.217983000000000038e+00 8.117480999999999725e+00
5.083142000000000216e-02 0.000000000000000000e+00 1.217977000000000087e+00 8.116592999999999947e+00
5.108113000000000237e-02 0.000000000000000000e+00 1.217970999999999915e+00 8.115700999999999610e+00
5.133084999999999731e-02 0.000000000000000000e+00 1.217964999999999964e+00 8.114805999999999742e+00
5.158055999999999752e-02 0.000000000000000000e+00 1.217959000000000014e+00 8.113907000000001091e+00
5.183026999999999773e-02 0.000000000000000000e+00 1.217953000000000063e+00 8.113004999999999356e+00
5.207998999999999962e-02 0.000000000000000000e+00 1.217946999999999891e+00 8.112099000000000615e+00
5.232969999999999983e-02 0.000000000000000000e+00 1.217940999999999940e+00 8.111188999999999538e+00
5.257942000000000171e-02 0.000000000000000000e+00 1.217934999999999990e+00 8.110275000000001455e+00
5.282913000000000192e-02 0.000000000000000000e+00 1.217929000000000039e+00 8.109358000000000288e+00
5.307884000000000213e-02 0.000000000000000000e+00 1.217921999999999949e+00 8.108436999999998562e+00
5.332855999999999708e-02 0.000000000000000000e+00 1.217915999999999999e+00 8.107511999999999830e+00
5.357826999999999729e-02 0.000000000000000000e+00 1.217910000000000048e+00 8.106583000000000538e+00
5.382797999999999750e-02 0.000000000000000000e+00 1.217904000000000098e+00 8.105650000000000688e+00
5.407769999999999938e-02 0.000000000000000000e+00 1.217897000000000007e+00 8.104713999999999530e+00
5.432740999999999959e-02 0.000000000000000000e+00 1.217891000000000057e+00 8.103773999999999589e+00
5.457711999999999980e-02 0.000000000000000000e+00 1.217884999999999884e+00 8.102830000000000865e+00
5.482684000000000168e-02 0.000000000000000000e+00 1.217878000000000016e+00 8.101881999999999806e+00
5.507655000000000189e-02 0.000000000000000000e+00 1.217872000000000066e+00 8.100929999999999964e+00
5.532626000000000210e-02 0.000000000000000000e+00 1.217864999999999975e+00 8.099973999999999563e+00
5.557597999999999705e-02 0.000000000000000000e+00 1.217859000000000025e+00 8.099015000000001407e+00
5.582568999999999726e-02 0.000000000000000000e+00 1.217852000000000157e+00 8.098051000000001665e+00
5.607539999999999747e-02 0.000000000000000000e+00 1.217845000000000066e+00 8.097083000000001363e+00
5.632511999999999935e-02 0.000000000000000000e+00 1.217838999999999894e+00 8.096111999999999753e+00
5.657482999999999956e-02 0.000000000000000000e+00 1.217832000000000026e+00 8.095136000000000109e+00
5.682453999999999977e-02 0.000000000000000000e+00 1.217824999999999935e+00 8.094155999999999906e+00
5.707426000000000166e-02 0.000000000000000000e+00 1.217818000000000067e+00 8.093171999999999144e+00
5.732397000000000187e-02 0.000000000000000000e+00 1.217810999999999977e+00 8.092183999999999600e+00
5.757368000000000208e-02 0.000000000000000000e+00 1.217805000000000026e+00 8.091191999999999496e+00
5.782339999999999702e-02 0.000000000000000000e+00 1.217797999999999936e+00 8.090195000000001357e+00
5.807310999999999723e-02 0.000000000000000000e+00 1.217790999999999846e+00 8.089194000000000884e+00
5.832281999999999744e-02 0.000000000000000000e+00 1.217784000000000200e+00 8.088188000000000599e+00
5.857253999999999933e-02 0.000000000000000000e+00 1.217777000000000109e+00 8.087177999999999756e+00
5.882224999999999954e-02 0.000000000000000000e+00 1.217769000000000101e+00 8.086163000000000878e+00
5.907195999999999975e-02 0.000000000000000000e+00 1.217762000000000011e+00 8.085143000000000413e+00
5.932168000000000163e-02 0.000000000000000000e+00 1.217755000000000143e+00 8.084118000000000137e+00
5.957139000000000184e-02 0.000000000000000000e+00 1.217748000000000053e+00 8.083088999999999302e+00
5.982110000000000205e-02 0.000000000000000000e+00 1.217740000000000045e+00 8.082053999999999405e+00
6.007081999999999700e-02 0.000000000000000000e+00 1.217732999999999954e+00 8.081015000000000725e+00
6.032052999999999721e-02 0.000000000000000000e+00 1.217726000000000086e+00 8.079969999999999430e+00
6.057024999999999909e-02 0.000000000000000000e+00 1.217718000000000078e+00 8.078920000000000101e+00
6.081995999999999930e-02 0.000000000000000000e+00 1.217710999999999988e+00 8.077864999999999185e+00
6.106966999999999951e-02 0.000000000000000000e+00 1.217702999999999980e+00 8.076804999999998458e+00
6.131939000000000140e-02 0.000000000000000000e+00 1.217694999999999972e+00 8.075739000000000445e+00
6.156910000000000160e-02 0.000000000000000000e+00 1.217688000000000104e+00 8.074667000000001593e+00
6.181881000000000181e-02 0.000000000000000000e+00 1.217680000000000096e+00 8.073589999999999378e+00
6.206852999999999676e-02 0.000000000000000000e+00 1.217672000000000088e+00 8.072507999999999129e+00
6.231823999999999697e-02 0.000000000000000000e+00 1.217664000000000080e+00 8.071419000000000565e+00
6.256794999999999718e-02 0.000000000000000000e+00 1.217655999999999850e+00 8.070324999999998639e+00
6.281767000000000600e-02 0.000000000000000000e+00 1.217647999999999842e+00 8.069224999999999426e+00
6.306738000000000621e-02 0.000000000000000000e+00 1.217640000000000056e+00 8.068119000000001151e+00
6.331709000000000642e-02 0.000000000000000000e+00 1.217632000000000048e+00 8.067007000000000261e+00
6.356681000000000137e-02 0.000000000000000000e+00 1.217624000000000040e+00 8.065888999999998532e+00
6.381652000000000158e-02 0.000000000000000000e+00 1.217616000000000032e+00 8.064764000000000266e+00
6.406623000000000179e-02 0.000000000000000000e+00 1.217608000000000024e+00 8.063632999999999384e+00
6.431594999999999673e-02 0.000000000000000000e+00 1.217598999999999876e+00 8.062495999999999441e+00
6.456565999999999694e-02 0.000000000000000000e+00 1.217590999999999868e+00 8.061352999999998659e+00
6.481536999999999715e-02 0.000000000000000000e+00 1.217582000000000164e+00 8.060203000000001339e+00
6.506509000000000598e-02 0.000000000000000000e+00 1.217574000000000156e+00 8.059047000000001404e+00
6.531480000000000619e-02 0.000000000000000000e+00 1.217565000000000008e+00 8.057883999999999602e+00
6.556451000000000640e-02 0.000000000000000000e+00 1.217556000000000083e+00 8.056713999999999487e+00
6.581423000000000134e-02 0.000000000000000000e+00 1.217548000000000075e+00 8.055536999999999281e+00
6.606394000000000155e-02 0.000000000000000000e+00 1.217538999999999927e+00 8.054354000000000013e+00
6.631365000000000176e-02 0.000000000000000000e+00 1.217530000000000001e+00 8.053163000000001404e+00
6.656336999999999671e-02 0.000000000000000000e+00 1.217520999999999853e+00 8.051966000000000179e+00
6.681307999999999692e-02 0.000000000000000000e+00 1.217511999999999928e+00 8.050760999999999612e+00
6.706278999999999713e-02 0.000000000000000000e+00 1.217503000000000002e+00 8.049549999999999983e+00
6.731251000000000595e-02 0.000000000000000000e+00 1.217493999999999854e+00 8.048331000000001012e+00
6.756222000000000616e-02 0.000000000000000000e+00 1.217484000000000011e+00 8.047104999999998398e+00
6.781193000000000637e-02 0.000000000000000000e+00 1.217474999999999863e+00 8.045871999999999247e+00
6.806165000000000131e-02 0.000000000000000000e+00 1.217465999999999937e+00 8.044632000000000005e+00
6.831136000000000152e-02 0.000000000000000000e+00 1.217455999999999872e+00 8.043384999999998897e+00
6.856107999999999647e-02 0.000000000000000000e+00 1.217446999999999946e+00 8.042130000000000223e+00
6.881078999999999668e-02 0.000000000000000000e+00 1.217436999999999880e+00 8.040868999999998934e+00
6.906049999999999689e-02 0.000000000000000000e+00 1.217428000000000177e+00 8.039600000000000080e+00
6.931022000000000571e-02 0.000000000000000000e+00 1.217417999999999889e+00 8.038323000000000107e+00
6.955993000000000592e-02 0.000000000000000000e+00 1.217407999999999824e+00 8.037039999999999296e+00
6.980964000000000613e-02 0.000000000000000000e+00 1.217397999999999980e+00 8.035748999999999143e+00
7.005936000000000108e-02 0.000000000000000000e+00 1.217387999999999915e+00 8.034451000000000676e+00
7.030907000000000129e-02 0.000000000000000000e+00 1.217377999999999849e+00 8.033146000000000342e+00
7.055878000000000150e-02 0.000000000000000000e+00 1.217368000000000006e+00 8.031833999999999918e+00
7.080849999999999644e-02 0.000000000000000000e+00 1.217357999999999940e+00 8.030514000000000152e+00
7.105820999999999665e-02 0.000000000000000000e+00 1.217346999999999957e+00 8.029185999999999268e+00
7.130791999999999686e-02 0.000000000000000000e+00 1.217336999999999891e+00 8.027851999999999322e+00
7.155764000000000569e-02 0.000000000000000000e+00 1.217327000000000048e+00 8.026510000000000034e+00
7.180735000000000590e-02 0.000000000000000000e+00 1.217316000000000065e+00 8.025159999999999627e+00
7.205706000000000611e-02 0.000000000000000000e+00 1.217305000000000081e+00 8.023803000000000907e+00
7.230678000000000105e-02 0.000000000000000000e+00 1.217295000000000016e+00 8.022439000000000320e+00
7.255649000000000126e-02 0.000000000000000000e+00 1.217284000000000033e+00 8.021067000000000391e+00
7.280620000000000147e-02 0.000000000000000000e+00 1.217272999999999827e+00 8.019688000000000372e+00
7.305591999999999642e-02 0.000000000000000000e+00 1.217261999999999844e+00 8.018300999999999235e+00
7.330562999999999663e-02 0.000000000000000000e+00 1.217251000000000083e+00 8.016907000000001560e+00
7.355533999999999684e-02 0.000000000000000000e+00 1.217240000000000100e+00 8.015506000000000242e+00
7.380506000000000566e-02 0.000000000000000000e+00 1.217229000000000116e+00 8.014096000000000330e+00
7.405477000000000587e-02 0.000000000000000000e+00 1.217218000000000133e+00 8.012679000000000329e+00
7.430448000000000608e-02 0.000000000000000000e+00 1.217206000000000010e+00 8.011255000000000237e+00
7.455420000000000103e-02 0.000000000000000000e+00 1.217195000000000027e+00 8.009823000000000803e+00
7.480391000000000123e-02 0.000000000000000000e+00 1.217182999999999904e+00 8.008384999999998755e+00
7.505362000000000144e-02 0.000000000000000000e+00 1.217171999999999921e+00 8.006940000000000168e+00
7.530333999999999639e-02 0.000000000000000000e+00 1.217160000000000020e+00 8.005487999999999715e+00
7.555304999999999660e-02 0.000000000000000000e+00 1.217147999999999897e+00 8.004031000000001228e+00
7.580275999999999681e-02 0.000000000000000000e+00 1.217136999999999913e+00 8.002568999999999377e+00
7.605248000000000563e-02 0.000000000000000000e+00 1.217125000000000012e+00 8.001100999999998464e+00
7.630219000000000584e-02 0.000000000000000000e+00 1.217113000000000111e+00 7.999628999999998769e+00
7.655190000000000605e-02 0.000000000000000000e+00 1.217101000000000210e+00 7.998152999999999402e+00
7.680162000000000100e-02 0.000000000000000000e+00 1.217088999999999865e+00 7.996672000000000224e+00
7.705133000000000121e-02 0.000000000000000000e+00 1.217076999999999964e+00 7.995188999999998991e+00
7.730104999999999615e-02 0.000000000000000000e+00 1.217064000000000146e+00 7.993701999999999863e+00
7.755075999999999636e-02 0.000000000000000000e+00 1.217051999999999801e+00 7.992212000000000316e+00
7.780046999999999657e-02 0.000000000000000000e+00 1.217039999999999900e+00 7.990719999999999601e+00
7.805019000000000540e-02 0.000000000000000000e+00 1.217027999999999999e+00 7.989226000000000383e+00
7.829990000000000561e-02 0.000000000000000000e+00 1.217015000000000180e+00 7.987729999999999997e+00
7.854961000000000582e-02 0.000000000000000000e+00 1.217002999999999835e+00 7.986232999999999471e+00
7.879933000000000076e-02 0.000000000000000000e+00 1.216990999999999934e+00 7.984735999999999834e+00
7.904904000000000097e-02 0.000000000000000000e+00 1.216978000000000115e+00 7.983236999999999028e+00
7.929875000000000118e-02 0.000000000000000000e+00 1.216965999999999992e+00 7.981739000000001028e+00
7.954846999999999613e-02 0.000000000000000000e+00 1.216953999999999869e+00 7.980240999999999474e+00
7.979817999999999634e-02 0.000000000000000000e+00 1.216941000000000050e+00 7.978743999999999836e+00
8.004788999999999655e-02 0.000000000000000000e+00 1.216929000000000149e+00 7.977248000000000339e+00
8.029761000000000537e-02 0.000000000000000000e+00 1.216915999999999887e+00 7.975752999999999204e+00
8.054732000000000558e-02 0.000000000000000000e+00 1.216903999999999986e+00 7.974260000000000126e+00
8.079703000000000579e-02 0.000000000000000000e+00 1.216891000000000167e+00 7.972769999999999690e+00
8.104675000000000074e-02 0.000000000000000000e+00 1.216878999999999822e+00 7.971280999999999395e+00
8.129646000000000094e-02 0.000000000000000000e+00 1.216866000000000003e+00 7.969795000000000407e+00
8.154617000000000115e-02 0.000000000000000000e+00 1.216854000000000102e+00 7.968311000000000810e+00
8.179588999999999610e-02 0.000000000000000000e+00 1.216840999999999839e+00 7.966828999999998828e+00
8.204559999999999631e-02 0.000000000000000000e+00 1.216828999999999938e+00 7.965348999999998902e+00
8.229530999999999652e-02 0.000000000000000000e+00 1.216816000000000120e+00 7.963872000000000284e+00
8.254503000000000534e-02 0.000000000000000000e+00 1.216803000000000079e+00 7.962398000000000309e+00
8.279474000000000555e-02 0.000000000000000000e+00 1.216790999999999956e+00 7.960925999999999725e+00
8.304445000000000576e-02 0.000000000000000000e+00 1.216777999999999915e+00 7.959456000000000309e+00
8.329417000000000071e-02 0.000000000000000000e+00 1.216766000000000014e+00 7.957988999999999535e+00
8.354388000000000092e-02 0.000000000000000000e+00 1.216752999999999973e+00 7.956523999999999930e+00
8.379359000000000113e-02 0.000000000000000000e+00 1.216741000000000072e+00 7.955061999999999856e+00
8.404330999999999607e-02 0.000000000000000000e+00 1.216728000000000032e+00 7.953603000000001089e+00
8.429301999999999628e-02 0.000000000000000000e+00 1.216715999999999909e+00 7.952145999999999937e+00
8.454272999999999649e-02 0.000000000000000000e+00 1.216702999999999868e+00 7.950692000000000093e+00
8.479245000000000532e-02 0.000000000000000000e+00 1.216690999999999967e+00 7.949240999999998891e+00
8.504216000000000553e-02 0.000000000000000000e+00 1.216678000000000148e+00 7.947792999999998997e+00
8.529188000000000047e-02 0.000000000000000000e+00 1.216666000000000025e+00 7.946347000000001159e+00
8.554159000000000068e-02 0.000000000000000000e+00 1.216652999999999984e+00 7.944904000000000188e+00
8.579130000000000089e-02 0.000000000000000000e+00 1.216640000000000166e+00 7.943464999999998888e+00
8.604101999999999584e-02 0.000000000000000000e+00 1.216627999999999821e+00 7.942027999999999643e+00
8.629072999999999605e-02 0.000000000000000000e+00 1.216615000000000002e+00 7.940593999999999930e+00
8.654043999999999626e-02 0.000000000000000000e+00 1.216603000000000101e+00 7.939163000000000636e+00
8.679016000000000508e-02 0.000000000000000000e+00 1.216589999999999838e+00 7.937735000000000873e+00
8.703987000000000529e-02 0.000000000000000000e+00 1.216577999999999937e+00 7.936309999999999754e+00
8.728958000000000550e-02 0.000000000000000000e+00 1.216565000000000119e+00 7.934887999999999941e+00
8.753930000000000045e-02 0.000000000000000000e+00 1.216553000000000218e+00 7.933468999999998772e+00
8.778901000000000066e-02 0.000000000000000000e+00 1.216539999999999955e+00 7.932051999999999659e+00
8.803872000000000086e-02 0.000000000000000000e+00 1.216528000000000054e+00 7.930638000000000076e+00
8.828843999999999581e-02 0.000000000000000000e+00 1.216515000000000013e+00 7.929227000000000913e+00
8.853814999999999602e-02 0.000000000000000000e+00 1.216502999999999890e+00 7.927818000000000254e+00
8.878785999999999623e-02 0.000000000000000000e+00 1.216490000000000071e+00 7.926411000000000762e+00
8.903758000000000505e-02 0.000000000000000000e+00 1.216478000000000170e+00 7.925005999999999773e+00
8.928729000000000526e-02 0.000000000000000000e+00 1.216464999999999907e+00 7.923603000000000840e+00
8.953700000000000547e-02 0.000000000000000000e+00 1.216453000000000007e+00 7.922202000000000410e+00
8.978672000000000042e-02 0.000000000000000000e+00 1.216439999999999966e+00 7.920803000000001148e+00
9.003643000000000063e-02 0.000000000000000000e+00 1.216428000000000065e+00 7.919406000000000390e+00
9.028614000000000084e-02 0.000000000000000000e+00 1.216415000000000024e+00 7.918009999999999771e+00
9.053585999999999578e-02 0.000000000000000000e+00 1.216403000000000123e+00 7.916616000000000319e+00
9.078556999999999599e-02 0.000000000000000000e+00 1.216390000000000082e+00 7.915223000000001008e+00
9.103527999999999620e-02 0.000000000000000000e+00 1.216377000000000042e+00 7.913831000000000948e+00
9.128500000000000503e-02 0.000000000000000000e+00 1.216364999999999919e+00 7.912440999999999391e+00
9.153471000000000524e-02 0.000000000000000000e+00 1.216352000000000100e+00 7.911051999999999751e+00
9.178442000000000545e-02 0.000000000000000000e+00 1.216339999999999977e+00 7.909663000000000999e+00
9.203414000000000039e-02 0.000000000000000000e+00 1.216326999999999936e+00 7.908275999999999861e+00
9.228385000000000060e-02 0.000000000000000000e+00 1.216314000000000117e+00 7.906888999999999612e+00
9.253356000000000081e-02 0.000000000000000000e+00 1.216301999999999994e+00 7.905502000000000251e+00
9.278327999999999576e-02 0.000000000000000000e+00 1.216288999999999954e+00 7.904116999999999393e+00
9.303298999999999597e-02 0.000000000000000000e+00 1.216277000000000053e+00 7.902731000000001060e+00
9.328271000000000479e-02 0.000000000000000000e+00 1.216263999999999790e+00 7.901346000000000203e+00
9.353242000000000500e-02 0.000000000000000000e+00 1.216250999999999971e+00 7.899962000000000373e+00
9.378213000000000521e-02 0.000000000000000000e+00 1.216238000000000152e+00 7.898576999999999515e+00
9.403185000000000016e-02 0.000000000000000000e+00 1.216226000000000029e+00 7.897192000000000434e+00
9.428156000000000037e-02 0.000000000000000000e+00 1.216212999999999989e+00 7.895807999999999716e+00
9.453127000000000058e-02 0.000000000000000000e+00 1.216199999999999948e+00 7.894423000000000634e+00
9.478098999999999552e-02 0.000000000000000000e+00 1.216186999999999907e+00 7.893037999999999776e+00
9.503069999999999573e-02 0.000000000000000000e+00 1.216174000000000088e+00 7.891652999999998919e+00
9.528040999999999594e-02 0.000000000000000000e+00 1.216161999999999965e+00 7.890267999999999837e+00
9.553013000000000476e-02 0.000000000000000000e+00 1.216148999999999925e+00 7.888881999999999728e+00
9.577984000000000497e-02 0.000000000000000000e+00 1.216135999999999884e+00 7.887495000000001255e+00
9.602955000000000518e-02 0.000000000000000000e+00 1.216123000000000065e+00 7.886108000000000118e+00
9.627927000000000013e-02 0.000000000000000000e+00 1.216109999999999802e+00 7.884719999999999729e+00
9.652898000000000034e-02 0.000000000000000000e+00 1.216096999999999984e+00 7.883331000000000977e+00
9.677869000000000055e-02 0.000000000000000000e+00 1.216084000000000165e+00 7.881941999999999560e+00
9.702840999999999549e-02 0.000000000000000000e+00 1.216070999999999902e+00 7.880551000000000528e+00
9.727811999999999570e-02 0.000000000000000000e+00 1.216058000000000083e+00 7.879159000000000468e+00
9.752782999999999591e-02 0.000000000000000000e+00 1.216045000000000043e+00 7.877767000000000408e+00
9.777755000000000474e-02 0.000000000000000000e+00 1.216032000000000002e+00 7.876372999999999180e+00
9.802726000000000495e-02 0.000000000000000000e+00 1.216018000000000043e+00 7.874976999999999450e+00
9.827697000000000516e-02 0.000000000000000000e+00 1.216005000000000003e+00 7.873579999999999579e+00
9.852669000000000010e-02 0.000000000000000000e+00 1.215991999999999962e+00 7.872181999999999569e+00
9.877640000000000031e-02 0.000000000000000000e+00 1.215979000000000143e+00 7.870782000000000167e+00
9.902611000000000052e-02 0.000000000000000000e+00 1.215964999999999963e+00 7.869380999999998849e+00
9.927582999999999547e-02 0.000000000000000000e+00 1.215951999999999922e+00 7.867977999999999916e+00
9.952553999999999568e-02 0.000000000000000000e+00 1.215939000000000103e+00 7.866572999999998927e+00
9.977524999999999589e-02 0.000000000000000000e+00 1.215924999999999923e+00 7.865166000000000324e+00
1.000250000000000028e-01 0.000000000000000000e+00 1.215912000000000104e+00 7.863756999999998776e+00
1.002746999999999944e-01 0.000000000000000000e+00 1.215897999999999923e+00 7.862347000000000641e+00
1.005243999999999999e-01 0.000000000000000000e+00 1.215884999999999883e+00 7.860935000000000450e+00
1.007741000000000053e-01 0.000000000000000000e+00 1.215871000000000146e+00 7.859520999999999091e+00
1.010237999999999969e-01 0.000000000000000000e+00 1.215856999999999966e+00 7.858104999999999229e+00
1.012735000000000024e-01 0.000000000000000000e+00 1.215844000000000147e+00 7.856688000000000116e+00
1.015231999999999940e-01 0.000000000000000000e+00 1.215829999999999966e+00 7.855267999999999695e+00
1.017730000000000024e-01 0.000000000000000000e+00 1.215816000000000008e+00 7.853845999999999883e+00
1.020226999999999939e-01 0.000000000000000000e+00 1.215801999999999827e+00 7.852421999999999791e+00
1.022723999999999994e-01 0.000000000000000000e+00 1.215789000000000009e+00 7.850996000000000308e+00
1.025221000000000049e-01 0.000000000000000000e+00 1.215775000000000050e+00 7.849567999999999657e+00
1.027717999999999965e-01 0.000000000000000000e+00 1.215760999999999870e+00 7.848137999999999614e+00
1.030215000000000020e-01 0.000000000000000000e+00 1.215747000000000133e+00 7.846706000000000181e+00
1.032711999999999936e-01 0.000000000000000000e+00 1.215732999999999953e+00 7.845271000000001216e+00
1.035210000000000019e-01 0.000000000000000000e+00 1.215718999999999994e+00 7.843835000000001223e+00
1.037706999999999935e-01 0.000000000000000000e+00 1.215703999999999896e+00 7.842395999999999923e+00
1.040203999999999990e-01 0.000000000000000000e+00 1.215690000000000159e+00 7.840953999999999979e+00
1.042701000000000044e-01 0.000000000000000000e+00 1.215675999999999979e+00 7.839511000000000784e+00
1.045197999999999960e-01 0.000000000000000000e+00 1.215662000000000020e+00 7.838064999999999394e+00
1.047695000000000015e-01 0.000000000000000000e+00 1.215647999999999840e+00 7.836616999999999500e+00
1.050191999999999931e-01 0.000000000000000000e+00 1.215632999999999964e+00 7.835166000000000075e+00
1.052688999999999986e-01 0.000000000000000000e+00 1.215619000000000005e+00 7.833712999999999482e+00
1.055187000000000069e-01 0.000000000000000000e+00 1.215604000000000129e+00 7.832259000000000526e+00
1.057683999999999985e-01 0.000000000000000000e+00 1.215589999999999948e+00 7.830802000000000263e+00
1.060181000000000040e-01 0.000000000000000000e+00 1.215575000000000072e+00 7.829343000000000607e+00
1.062677999999999956e-01 0.000000000000000000e+00 1.215560999999999892e+00 7.827881999999999785e+00
1.065175000000000011e-01 0.000000000000000000e+00 1.215546000000000015e+00 7.826419999999999710e+00
1.067672000000000065e-01 0.000000000000000000e+00 1.215531999999999835e+00 7.824955000000000993e+00
1.070168999999999981e-01 0.000000000000000000e+00 1.215516999999999959e+00 7.823488999999999471e+00
1.072667000000000065e-01 0.000000000000000000e+00 1.215501999999999860e+00 7.822020000000000195e+00
1.075163999999999981e-01 0.000000000000000000e+00 1.215486999999999984e+00 7.820551000000000919e+00
1.077661000000000036e-01 0.000000000000000000e+00 1.215473000000000026e+00 7.819079000000001223e+00
1.080157999999999952e-01 0.000000000000000000e+00 1.215458000000000149e+00 7.817605999999999611e+00
1.082655000000000006e-01 0.000000000000000000e+00 1.215443000000000051e+00 7.816131000000000384e+00
1.085152000000000061e-01 0.000000000000000000e+00 1.215428000000000175e+00 7.814655000000001017e+00
1.087648999999999977e-01 0.000000000000000000e+00 1.215413000000000077e+00 7.813176999999999595e+00
1.090147000000000060e-01 0.000000000000000000e+00 1.215397999999999978e+00 7.811697999999999809e+00
1.092643999999999976e-01 0.000000000000000000e+00 1.215383000000000102e+00 7.810217999999999883e+00
1.095141000000000031e-01 0.000000000000000000e+00 1.215368000000000004e+00 7.808735999999999677e+00
1.097637999999999947e-01 0.000000000000000000e+00 1.215351999999999988e+00 7.807252999999999332e+00
1.100135000000000002e-01 0.000000000000000000e+00 1.215336999999999890e+00 7.805768999999998847e+00
1.102632000000000057e-01 0.000000000000000000e+00 1.215321999999999791e+00 7.804283999999999999e+00
1.105128999999999972e-01 0.000000000000000000e+00 1.215306999999999915e+00 7.802796999999999095e+00
1.107626000000000027e-01 0.000000000000000000e+00 1.215291999999999817e+00 7.801309999999999967e+00
1.110123999999999972e-01 0.000000000000000000e+00 1.215276000000000023e+00 7.799821999999999811e+00
1.112621000000000027e-01 0.000000000000000000e+00 1.215260999999999925e+00 7.798332999999999515e+00
1.115117999999999943e-01 0.000000000000000000e+00 1.215244999999999909e+00 7.796843000000000856e+00
1.117614999999999997e-01 0.000000000000000000e+00 1.215230000000000032e+00 7.795352000000000281e+00
1.120112000000000052e-01 0.000000000000000000e+00 1.215214999999999934e+00 7.793860999999998818e+00
1.122608999999999968e-01 0.000000000000000000e+00 1.215199000000000140e+00 7.792370000000000019e+00
1.125106000000000023e-01 0.000000000000000000e+00 1.215182999999999902e+00 7.790878000000000192e+00
1.127603999999999967e-01 0.000000000000000000e+00 1.215167999999999804e+00 7.789384999999999337e+00
1.130101000000000022e-01 0.000000000000000000e+00 1.215152000000000010e+00 7.787892000000000259e+00
1.132597999999999938e-01 0.000000000000000000e+00 1.215136999999999912e+00 7.786399000000001180e+00
1.135094999999999993e-01 0.000000000000000000e+00 1.215121000000000118e+00 7.784906000000000326e+00
1.137592000000000048e-01 0.000000000000000000e+00 1.215105000000000102e+00 7.783412000000000219e+00
1.140088999999999964e-01 0.000000000000000000e+00 1.215090000000000003e+00 7.781918000000000113e+00
1.142586000000000018e-01 0.000000000000000000e+00 1.215073999999999987e+00 7.780424999999999258e+00
1.145082999999999934e-01 0.000000000000000000e+00 1.215057999999999971e+00 7.778931000000000928e+00
1.147581000000000018e-01 0.000000000000000000e+00 1.215041999999999955e+00 7.777438000000000073e+00
1.150077999999999934e-01 0.000000000000000000e+00 1.215027000000000079e+00 7.775944999999999219e+00
1.152574999999999988e-01 0.000000000000000000e+00 1.215011000000000063e+00 7.774451000000000889e+00
1.155072000000000043e-01 0.000000000000000000e+00 1.214994999999999825e+00 7.772958000000000034e+00
1.157568999999999959e-01 0.000000000000000000e+00 1.214979000000000031e+00 7.771466000000000207e+00
1.160066000000000014e-01 0.000000000000000000e+00 1.214963000000000015e+00 7.769972999999999352e+00
1.162563000000000069e-01 0.000000000000000000e+00 1.214946999999999999e+00 7.768480999999999526e+00
1.165061000000000013e-01 0.000000000000000000e+00 1.214930999999999983e+00 7.766988999999998811e+00
1.167558000000000068e-01 0.000000000000000000e+00 1.214914999999999967e+00 7.765498000000000012e+00
1.170054999999999984e-01 0.000000000000000000e+00 1.214898999999999951e+00 7.764006000000000185e+00
1.172552000000000039e-01 0.000000000000000000e+00 1.214882999999999935e+00 7.762515999999999750e+00
1.175048999999999955e-01 0.000000000000000000e+00 1.214866999999999919e+00 7.761024999999999174e+00
1.177546000000000009e-01 0.000000000000000000e+00 1.214851000000000125e+00 7.759535999999999767e+00
1.180043000000000064e-01 0.000000000000000000e+00 1.214835000000000109e+00 7.758046000000000220e+00
1.182539999999999980e-01 0.000000000000000000e+00 1.214818999999999871e+00 7.756558000000000064e+00
1.185038000000000064e-01 0.000000000000000000e+00 1.214803000000000077e+00 7.755068999999998880e+00
1.187534999999999979e-01 0.000000000000000000e+00 1.214786000000000143e+00 7.753581999999999752e+00
1.190032000000000034e-01 0.000000000000000000e+00 1.214769999999999905e+00 7.752095000000000624e+00
1.192528999999999950e-01 0.000000000000000000e+00 1.214753999999999889e+00 7.750607999999999720e+00
1.195026000000000005e-01 0.000000000000000000e+00 1.214738000000000095e+00 7.749123000000000872e+00
1.197523000000000060e-01 0.000000000000000000e+00 1.214720999999999940e+00 7.747638000000000247e+00
1.200019999999999976e-01 0.000000000000000000e+00 1.214704999999999924e+00 7.746152999999999622e+00
1.202518000000000059e-01 0.000000000000000000e+00 1.214689000000000130e+00 7.744668999999999137e+00
1.205014999999999975e-01 0.000000000000000000e+00 1.214671999999999974e+00 7.743185999999999680e+00
1.207512000000000030e-01 0.000000000000000000e+00 1.214655999999999958e+00 7.741703000000001111e+00
1.210008999999999946e-01 0.000000000000000000e+00 1.214640000000000164e+00 7.740220999999999130e+00
1.212506000000000000e-01 0.000000000000000000e+00 1.214623000000000008e+00 7.738739000000000701e+00
1.215003000000000055e-01 0.000000000000000000e+00 1.214606999999999992e+00 7.737257999999999747e+00
1.217499999999999971e-01 0.000000000000000000e+00 1.214589999999999836e+00 7.735776999999998793e+00
1.219998000000000055e-01 0.000000000000000000e+00 1.214574000000000042e+00 7.734295999999999616e+00
1.222494999999999971e-01 0.000000000000000000e+00 1.214557000000000109e+00 7.732815999999999690e+00
1.224992000000000025e-01 0.000000000000000000e+00 1.214540999999999871e+00 7.731336999999999016e+00
1.227488999999999941e-01 0.000000000000000000e+00 1.214523999999999937e+00 7.729858000000000118e+00
1.229985999999999996e-01 0.000000000000000000e+00 1.214508000000000143e+00 7.728379000000001220e+00
1.232483000000000051e-01 0.000000000000000000e+00 1.214490999999999987e+00 7.726899999999999658e+00
1.234979999999999967e-01 0.000000000000000000e+00 1.214474999999999971e+00 7.725422000000000011e+00
1.237477000000000021e-01 0.000000000000000000e+00 1.214458000000000037e+00 7.723944000000000365e+00
1.239974999999999966e-01 0.000000000000000000e+00 1.214441000000000104e+00 7.722467000000000859e+00
1.242472000000000021e-01 0.000000000000000000e+00 1.214424999999999866e+00 7.720988999999999436e+00
1.244968999999999937e-01 0.000000000000000000e+00 1.214407999999999932e+00 7.719511999999999929e+00
1.247465999999999992e-01 0.000000000000000000e+00 1.214390999999999998e+00 7.718035000000000423e+00
1.249963000000000046e-01 0.000000000000000000e+00 1.214374000000000065e+00 7.716559000000001056e+00
1.252459999999999962e-01 0.000000000000000000e+00 1.214356999999999909e+00 7.715081999999999773e+00
1.254956999999999878e-01 0.000000000000000000e+00 1.214340999999999893e+00 7.713606000000000407e+00
1.257455000000000100e-01 0.000000000000000000e+00 1.214323999999999959e+00 7.712130000000000152e+00
1.259952000000000016e-01 0.000000000000000000e+00 1.214307000000000025e+00 7.710655000000000925e+00
1.262448999999999932e-01 0.000000000000000000e+00 1.214289999999999869e+00 7.709179000000000670e+00
1.264946000000000126e-01 0.000000000000000000e+00 1.214272999999999936e+00 7.707703999999999667e+00
1.267443000000000042e-01 0.000000000000000000e+00 1.214256000000000002e+00 7.706228999999999552e+00
1.269939999999999958e-01 0.000000000000000000e+00 1.214239000000000068e+00 7.704754000000000325e+00
1.272436999999999874e-01 0.000000000000000000e+00 1.214221999999999912e+00 7.703279000000001098e+00
1.274934000000000067e-01 0.000000000000000000e+00 1.214204999999999979e+00 7.701804000000000094e+00
1.277432000000000012e-01 0.000000000000000000e+00 1.214188000000000045e+00 7.700330000000000119e+00
1.279928999999999928e-01 0.000000000000000000e+00 1.214169999999999972e+00 7.698855000000000892e+00
1.282426000000000121e-01 0.000000000000000000e+00 1.214153000000000038e+00 7.697380999999999140e+00
1.284923000000000037e-01 0.000000000000000000e+00 1.214135999999999882e+00 7.695907000000000941e+00
1.287419999999999953e-01 0.000000000000000000e+00 1.214118999999999948e+00 7.694431999999999938e+00
1.289916999999999869e-01 0.000000000000000000e+00 1.214101000000000097e+00 7.692957999999999963e+00
1.292414000000000063e-01 0.000000000000000000e+00 1.214084000000000163e+00 7.691483999999999988e+00
1.294912000000000007e-01 0.000000000000000000e+00 1.214067000000000007e+00 7.690010000000000012e+00
1.297408999999999923e-01 0.000000000000000000e+00 1.214048999999999934e+00 7.688536000000000037e+00
1.299906000000000117e-01 0.000000000000000000e+00 1.214032000000000000e+00 7.687063000000001090e+00
1.302403000000000033e-01 0.000000000000000000e+00 1.214015000000000066e+00 7.685588999999999338e+00
1.304899999999999949e-01 0.000000000000000000e+00 1.213996999999999993e+00 7.684115000000001139e+00
1.307396999999999865e-01 0.000000000000000000e+00 1.213980000000000059e+00 7.682640999999999387e+00
1.309894000000000058e-01 0.000000000000000000e+00 1.213961999999999986e+00 7.681167000000001188e+00
1.312390999999999974e-01 0.000000000000000000e+00 1.213944999999999830e+00 7.679692999999999437e+00
1.314888999999999919e-01 0.000000000000000000e+00 1.213926999999999978e+00 7.678219000000001238e+00
1.317386000000000112e-01 0.000000000000000000e+00 1.213909000000000127e+00 7.676744999999999486e+00
1.319883000000000028e-01 0.000000000000000000e+00 1.213891999999999971e+00 7.675271000000000399e+00
1.322379999999999944e-01 0.000000000000000000e+00 1.213874000000000120e+00 7.673796999999999535e+00
1.324877000000000138e-01 0.000000000000000000e+00 1.213856000000000046e+00 7.672323000000000448e+00
1.327374000000000054e-01 0.000000000000000000e+00 1.213837999999999973e+00 7.670848999999999585e+00
1.329870999999999970e-01 0.000000000000000000e+00 1.213820999999999817e+00 7.669374000000000358e+00
1.332368999999999915e-01 0.000000000000000000e+00 1.213803000000000187e+00 7.667900000000000382e+00
1.334866000000000108e-01 0.000000000000000000e+00 1.213785000000000114e+00 7.666424999999999379e+00
1.337363000000000024e-01 0.000000000000000000e+00 1.213767000000000040e+00 7.664951000000001180e+00
1.339859999999999940e-01 0.000000000000000000e+00 1.213748999999999967e+00 7.663476000000000177e+00
1.342357000000000133e-01 0.000000000000000000e+00 1.213730999999999893e+00 7.662002000000000201e+00
1.344854000000000049e-01 0.000000000000000000e+00 1.213713000000000042e+00 7.660527000000000974e+00
1.347350999999999965e-01 0.000000000000000000e+00 1.213694999999999968e+00 7.659052999999999223e+00
1.349847999999999881e-01 0.000000000000000000e+00 1.213676999999999895e+00 7.657577999999999996e+00
1.352346000000000104e-01 0.000000000000000000e+00 1.213659000000000043e+00 7.656104000000000021e+00
1.354843000000000020e-01 0.000000000000000000e+00 1.213640999999999970e+00 7.654628999999999017e+00
1.357339999999999935e-01 0.000000000000000000e+00 1.213621999999999979e+00 7.653155000000000818e+00
1.359837000000000129e-01 0.000000000000000000e+00 1.213604000000000127e+00 7.651679999999999815e+00
1.362334000000000045e-01 0.000000000000000000e+00 1.213586000000000054e+00 7.650205999999999840e+00
1.364830999999999961e-01 0.000000000000000000e+00 1.213567999999999980e+00 7.648731999999999864e+00
1.367327999999999877e-01 0.000000000000000000e+00 1.213548999999999989e+00 7.647257999999999889e+00
1.369826000000000099e-01 0.000000000000000000e+00 1.213530999999999915e+00 7.645783999999999914e+00
1.372323000000000015e-01 0.000000000000000000e+00 1.213511999999999924e+00 7.644309999999999938e+00
1.374819999999999931e-01 0.000000000000000000e+00 1.213493999999999851e+00 7.642835999999999963e+00
1.377317000000000125e-01 0.000000000000000000e+00 1.213476000000000221e+00 7.641361999999999988e+00
1.379814000000000040e-01 0.000000000000000000e+00 1.213457000000000008e+00 7.639888999999999264e+00
1.382310999999999956e-01 0.000000000000000000e+00 1.213438000000000017e+00 7.638416000000000317e+00
1.384807999999999872e-01 0.000000000000000000e+00 1.213420000000000165e+00 7.636943000000000481e+00
1.387306000000000095e-01 0.000000000000000000e+00 1.213401000000000174e+00 7.635469999999999757e+00
1.389803000000000011e-01 0.000000000000000000e+00 1.213383000000000100e+00 7.633996999999999034e+00
1.392299999999999927e-01 0.000000000000000000e+00 1.213364000000000109e+00 7.632524999999999338e+00
1.394797000000000120e-01 0.000000000000000000e+00 1.213345000000000118e+00 7.631052999999998754e+00
1.397294000000000036e-01 0.000000000000000000e+00 1.213326000000000127e+00 7.629580999999999058e+00
1.399790999999999952e-01 0.000000000000000000e+00 1.213308000000000053e+00 7.628108999999999362e+00
1.402287999999999868e-01 0.000000000000000000e+00 1.213289000000000062e+00 7.626637999999999806e+00
1.404785000000000061e-01 0.000000000000000000e+00 1.213270000000000071e+00 7.625167000000001138e+00
1.407283000000000006e-01 0.000000000000000000e+00 1.213251000000000079e+00 7.623695999999999806e+00
1.409779999999999922e-01 0.000000000000000000e+00 1.213231999999999866e+00 7.622226000000000390e+00
1.412277000000000116e-01 0.000000000000000000e+00 1.213212999999999875e+00 7.620756000000000085e+00
1.414774000000000032e-01 0.000000000000000000e+00 1.213193999999999884e+00 7.619285999999999781e+00
1.417270999999999948e-01 0.000000000000000000e+00 1.213174999999999892e+00 7.617816999999999616e+00
1.419767999999999863e-01 0.000000000000000000e+00 1.213155999999999901e+00 7.616348000000000340e+00
1.422265000000000057e-01 0.000000000000000000e+00 1.213136999999999910e+00 7.614880000000000315e+00
1.424763000000000002e-01 0.000000000000000000e+00 1.213117999999999919e+00 7.613412000000000290e+00
1.427259999999999918e-01 0.000000000000000000e+00 1.213098999999999927e+00 7.611944000000000266e+00
1.429757000000000111e-01 0.000000000000000000e+00 1.213079000000000018e+00 7.610476999999999492e+00
1.432254000000000027e-01 0.000000000000000000e+00 1.213060000000000027e+00 7.609009999999999607e+00
1.434750999999999943e-01 0.000000000000000000e+00 1.213041000000000036e+00 7.607543000000000610e+00
1.437248000000000137e-01 0.000000000000000000e+00 1.213022000000000045e+00 7.606076999999999089e+00
1.439745000000000053e-01 0.000000000000000000e+00 1.213001999999999914e+00 7.604611000000001120e+00
1.442241999999999968e-01 0.000000000000000000e+00 1.212982999999999922e+00 7.603145999999999738e+00
1.444739999999999913e-01 0.000000000000000000e+00 1.212963000000000013e+00 7.601680999999999244e+00
1.447237000000000107e-01 0.000000000000000000e+00 1.212944000000000022e+00 7.600215999999999639e+00
1.449734000000000023e-01 0.000000000000000000e+00 1.212923999999999891e+00 7.598752000000000173e+00
1.452230999999999939e-01 0.000000000000000000e+00 1.212904999999999900e+00 7.597288999999999071e+00
1.454728000000000132e-01 0.000000000000000000e+00 1.212884999999999991e+00 7.595824999999999605e+00
1.457225000000000048e-01 0.000000000000000000e+00 1.212866000000000000e+00 7.594363000000000419e+00
1.459721999999999964e-01 0.000000000000000000e+00 1.212846000000000091e+00 7.592900000000000205e+00
1.462219999999999909e-01 0.000000000000000000e+00 1.212825999999999960e+00 7.591439000000001158e+00
1.464717000000000102e-01 0.000000000000000000e+00 1.212806999999999968e+00 7.589976999999999308e+00
1.467214000000000018e-01 0.000000000000000000e+00 1.212787000000000059e+00 7.588516000000000261e+00
1.469710999999999934e-01 0.000000000000000000e+00 1.212767000000000150e+00 7.587055999999999578e+00
1.472208000000000128e-01 0.000000000000000000e+00 1.212747000000000019e+00 7.585595999999999783e+00
1.474705000000000044e-01 0.000000000000000000e+00 1.212727000000000110e+00 7.584135999999999989e+00
1.477201999999999960e-01 0.000000000000000000e+00 1.212707000000000201e+00 7.582676999999999445e+00
1.479698999999999875e-01 0.000000000000000000e+00 1.212686999999999848e+00 7.581217999999999790e+00
1.482197000000000098e-01 0.000000000000000000e+00 1.212666999999999939e+00 7.579760000000000275e+00
1.484694000000000014e-01 0.000000000000000000e+00 1.212647000000000030e+00 7.578303000000000900e+00
1.487190999999999930e-01 0.000000000000000000e+00 1.212626999999999899e+00 7.576845999999999748e+00
1.489688000000000123e-01 0.000000000000000000e+00 1.212606999999999990e+00 7.575388999999999484e+00
1.492185000000000039e-01 0.000000000000000000e+00 1.212587000000000081e+00 7.573932999999999360e+00
1.494681999999999955e-01 0.000000000000000000e+00 1.212566999999999950e+00 7.572476999999999236e+00
1.497178999999999871e-01 0.000000000000000000e+00 1.212547000000000041e+00 7.571022000000000141e+00
1.499677000000000093e-01 0.000000000000000000e+00 1.212525999999999993e+00 7.569567000000001045e+00
1.502174000000000009e-01 0.000000000000000000e+00 1.212506000000000084e+00 7.568112999999999424e+00
1.504670999999999925e-01 0.000000000000000000e+00 1.212486000000000175e+00 7.566659999999999719e+00
1.507168000000000119e-01 0.000000000000000000e+00 1.212465999999999822e+00 7.565207000000000903e+00
1.509665000000000035e-01 0.000000000000000000e+00 1.212444999999999995e+00 7.563755000000000450e+00
1.512161999999999951e-01 0.000000000000000000e+00 1.212424999999999864e+00 7.562303000000000885e+00
1.514658999999999867e-01 0.000000000000000000e+00 1.212404000000000037e+00 7.560851999999999684e+00
1.517156000000000060e-01 0.000000000000000000e+00 1.212383999999999906e+00 7.559402000000000399e+00
1.519654000000000005e-01 0.000000000000000000e+00 1.212363000000000079e+00 7.557952000000000226e+00
1.522150999999999921e-01 0.000000000000000000e+00 1.212343000000000171e+00 7.556503000000001080e+00
1.524648000000000114e-01 0.000000000000000000e+00 1.212321999999999900e+00 7.555054000000000158e+00
1.527145000000000030e-01 0.000000000000000000e+00 1.212300999999999851e+00 7.553607000000000404e+00
1.529641999999999946e-01 0.000000000000000000e+00 1.212280999999999942e+00 7.552159999999999762e+00
1.532138999999999862e-01 0.000000000000000000e+00 1.212259999999999893e+00 7.550712999999999120e+00
1.534636000000000056e-01 0.000000000000000000e+00 1.212239000000000066e+00 7.549267000000000394e+00
1.537134000000000000e-01 0.000000000000000000e+00 1.212218000000000018e+00 7.547822000000000031e+00
1.539630999999999916e-01 0.000000000000000000e+00 1.212196999999999969e+00 7.546377999999999808e+00
1.542128000000000110e-01 0.000000000000000000e+00 1.212175999999999920e+00 7.544935000000000613e+00
1.544625000000000026e-01 0.000000000000000000e+00 1.212156000000000011e+00 7.543491999999999642e+00
1.547121999999999942e-01 0.000000000000000000e+00 1.212134999999999962e+00 7.542049999999999699e+00
1.549619000000000135e-01 0.000000000000000000e+00 1.212114000000000136e+00 7.540607999999999755e+00
1.552116000000000051e-01 0.000000000000000000e+00 1.212093000000000087e+00 7.539168000000000092e+00
1.554613999999999996e-01 0.000000000000000000e+00 1.212070999999999898e+00 7.537728000000000428e+00
1.557110999999999912e-01 0.000000000000000000e+00 1.212049999999999850e+00 7.536288999999999128e+00
1.559608000000000105e-01 0.000000000000000000e+00 1.212029000000000023e+00 7.534851000000000631e+00
1.562105000000000021e-01 0.000000000000000000e+00 1.212007999999999974e+00 7.533412999999999471e+00
1.564601999999999937e-01 0.000000000000000000e+00 1.211987000000000148e+00 7.531976999999999478e+00
1.567099000000000131e-01 0.000000000000000000e+00 1.211964999999999959e+00 7.530540999999999485e+00
1.569596000000000047e-01 0.000000000000000000e+00 1.211943999999999910e+00 7.529105999999999632e+00
1.572092999999999963e-01 0.000000000000000000e+00 1.211923000000000084e+00 7.527671999999999919e+00
1.574590999999999907e-01 0.000000000000000000e+00 1.211901000000000117e+00 7.526239000000001234e+00
1.577088000000000101e-01 0.000000000000000000e+00 1.211880000000000068e+00 7.524805999999999884e+00
1.579585000000000017e-01 0.000000000000000000e+00 1.211857999999999880e+00 7.523375000000000590e+00
1.582081999999999933e-01 0.000000000000000000e+00 1.211837000000000053e+00 7.521944000000000408e+00
1.584579000000000126e-01 0.000000000000000000e+00 1.211815000000000087e+00 7.520515000000000505e+00
1.587076000000000042e-01 0.000000000000000000e+00 1.211794000000000038e+00 7.519085999999999714e+00
1.589572999999999958e-01 0.000000000000000000e+00 1.211771999999999849e+00 7.517657999999999952e+00
1.592070999999999903e-01 0.000000000000000000e+00 1.211750000000000105e+00 7.516231000000001217e+00
1.594568000000000096e-01 0.000000000000000000e+00 1.211729000000000056e+00 7.514804999999999069e+00
1.597065000000000012e-01 0.000000000000000000e+00 1.211707000000000090e+00 7.513379999999999725e+00
1.599561999999999928e-01 0.000000000000000000e+00 1.211684999999999901e+00 7.511955999999999634e+00
1.602059000000000122e-01 0.000000000000000000e+00 1.211662999999999935e+00 7.510532999999998793e+00
1.604556000000000038e-01 0.000000000000000000e+00 1.211642000000000108e+00 7.509111000000000757e+00
1.607052999999999954e-01 0.000000000000000000e+00 1.211619999999999919e+00 7.507690000000000197e+00
1.609549999999999870e-01 0.000000000000000000e+00 1.211597999999999953e+00 7.506269999999999776e+00
1.612048000000000092e-01 0.000000000000000000e+00 1.211575999999999986e+00 7.504851000000000383e+00
1.614545000000000008e-01 0.000000000000000000e+00 1.211554000000000020e+00 7.503432999999999353e+00
1.617041999999999924e-01 0.000000000000000000e+00 1.211531999999999831e+00 7.502016000000000240e+00
1.619539000000000117e-01 0.000000000000000000e+00 1.211510000000000087e+00 7.500600000000000378e+00
1.622036000000000033e-01 0.000000000000000000e+00 1.211486999999999981e+00 7.499185999999999908e+00
1.624532999999999949e-01 0.000000000000000000e+00 1.211465000000000014e+00 7.497772000000000325e+00
1.627029999999999865e-01 0.000000000000000000e+00 1.211443000000000048e+00 7.496360000000000134e+00
1.629528000000000088e-01 0.000000000000000000e+00 1.211421000000000081e+00 7.494948999999999195e+00
1.632025000000000003e-01 0.000000000000000000e+00 1.211397999999999975e+00 7.493539000000001060e+00
1.634521999999999919e-01 0.000000000000000000e+00 1.211376000000000008e+00 7.492130000000000400e+00
1.637019000000000113e-01 0.000000000000000000e+00 1.211354000000000042e+00 7.490721999999999881e+00
1.639516000000000029e-01 0.000000000000000000e+00 1.211330999999999936e+00 7.489315999999999640e+00
1.642012999999999945e-01 0.000000000000000000e+00 1.211308999999999969e+00 7.487911000000000428e+00
1.644510000000000138e-01 0.000000000000000000e+00 1.211287000000000003e+00 7.486507000000000467e+00
1.647007000000000054e-01 0.000000000000000000e+00 1.211263999999999896e+00 7.485103999999999758e+00
1.649504999999999999e-01 0.000000000000000000e+00 1.211241000000000012e+00 7.483703000000001104e+00
1.652001999999999915e-01 0.000000000000000000e+00 1.211219000000000046e+00 7.482303000000000814e+00
1.654499000000000108e-01 0.000000000000000000e+00 1.211195999999999939e+00 7.480903999999999776e+00
1.656996000000000024e-01 0.000000000000000000e+00 1.211173999999999973e+00 7.479507000000000794e+00
1.659492999999999940e-01 0.000000000000000000e+00 1.211151000000000089e+00 7.478111000000001063e+00
1.661990000000000134e-01 0.000000000000000000e+00 1.211127999999999982e+00 7.476715999999999696e+00
1.664487000000000050e-01 0.000000000000000000e+00 1.211105000000000098e+00 7.475323000000000384e+00
1.666984999999999995e-01 0.000000000000000000e+00 1.211083000000000132e+00 7.473931000000001212e+00
1.669481999999999911e-01 0.000000000000000000e+00 1.211060000000000025e+00 7.472540999999998768e+00
1.671979000000000104e-01 0.000000000000000000e+00 1.211037000000000141e+00 7.471152000000000015e+00
1.674476000000000020e-01 0.000000000000000000e+00 1.211013999999999813e+00 7.469764999999998878e+00
1.676972999999999936e-01 0.000000000000000000e+00 1.210990999999999929e+00 7.468379000000000545e+00
1.679470000000000129e-01 0.000000000000000000e+00 1.210968000000000044e+00 7.466993999999999687e+00
1.681967000000000045e-01 0.000000000000000000e+00 1.210944999999999938e+00 7.465611000000000885e+00
1.684463999999999961e-01 0.000000000000000000e+00 1.210922000000000054e+00 7.464228999999999559e+00
1.686961999999999906e-01 0.000000000000000000e+00 1.210898999999999948e+00 7.462848999999999400e+00
1.689459000000000100e-01 0.000000000000000000e+00 1.210876000000000063e+00 7.461471000000000409e+00
1.691956000000000016e-01 0.000000000000000000e+00 1.210852000000000039e+00 7.460092999999998753e+00
1.694452999999999931e-01 0.000000000000000000e+00 1.210828999999999933e+00 7.458716999999999153e+00
1.696950000000000125e-01 0.000000000000000000e+00 1.210806000000000049e+00 7.457343000000000721e+00
1.699447000000000041e-01 0.000000000000000000e+00 1.210782999999999943e+00 7.455969999999999764e+00
1.701943999999999957e-01 0.000000000000000000e+00 1.210758999999999919e+00 7.454597999999999836e+00
1.704441999999999902e-01 0.000000000000000000e+00 1.210736000000000034e+00 7.453228000000000186e+00
1.706939000000000095e-01 0.000000000000000000e+00 1.210712000000000010e+00 7.451859999999999928e+00
1.709436000000000011e-01 0.000000000000000000e+00 1.210689000000000126e+00 7.450492999999998922e+00
1.711932999999999927e-01 0.000000000000000000e+00 1.210664999999999880e+00 7.449127000000000720e+00
1.714430000000000121e-01 0.000000000000000000e+00 1.210641999999999996e+00 7.447763000000001021e+00
1.716927000000000036e-01 0.000000000000000000e+00 1.210617999999999972e+00 7.446399999999999686e+00
1.719423999999999952e-01 0.000000000000000000e+00 1.210595000000000088e+00 7.445038000000000267e+00
1.721921999999999897e-01 0.000000000000000000e+00 1.210570999999999842e+00 7.443678000000000239e+00
1.724419000000000091e-01 0.000000000000000000e+00 1.210547000000000040e+00 7.442319999999999602e+00
1.726916000000000007e-01 0.000000000000000000e+00 1.210523999999999933e+00 7.440963000000000882e+00
1.729412999999999923e-01 0.000000000000000000e+00 1.210499999999999909e+00 7.439607000000000525e+00
1.731910000000000116e-01 0.000000000000000000e+00 1.210476000000000107e+00 7.438252999999999560e+00
1.734407000000000032e-01 0.000000000000000000e+00 1.210452000000000083e+00 7.436900999999998874e+00
1.736903999999999948e-01 0.000000000000000000e+00 1.210428000000000059e+00 7.435548999999999076e+00
1.739400999999999864e-01 0.000000000000000000e+00 1.210404000000000035e+00 7.434199000000000446e+00
1.741899000000000086e-01 0.000000000000000000e+00 1.210380000000000011e+00 7.432851000000001207e+00
1.744396000000000002e-01 0.000000000000000000e+00 1.210355999999999987e+00 7.431504000000000332e+00
1.746892999999999918e-01 0.000000000000000000e+00 1.210332000000000185e+00 7.430159000000000624e+00
1.749390000000000112e-01 0.000000000000000000e+00 1.210307999999999939e+00 7.428815000000001056e+00
1.751887000000000028e-01 0.000000000000000000e+00 1.210284000000000137e+00 7.427471999999999852e+00
1.754383999999999943e-01 0.000000000000000000e+00 1.210259999999999891e+00 7.426131000000000704e+00
1.756881000000000137e-01 0.000000000000000000e+00 1.210236000000000089e+00 7.424792000000000058e+00
1.759379000000000082e-01 0.000000000000000000e+00 1.210210999999999926e+00 7.423452999999999413e+00
1.761875999999999998e-01 0.000000000000000000e+00 1.210186999999999902e+00 7.422116999999999187e+00
1.764372999999999914e-01 0.000000000000000000e+00 1.210163000000000100e+00 7.420781999999999989e+00
1.766870000000000107e-01 0.000000000000000000e+00 1.210137999999999936e+00 7.419448000000000043e+00
1.769367000000000023e-01 0.000000000000000000e+00 1.210114000000000134e+00 7.418116000000000376e+00
1.771863999999999939e-01 0.000000000000000000e+00 1.210088999999999970e+00 7.416784999999999073e+00
1.774361000000000133e-01 0.000000000000000000e+00 1.210064999999999946e+00 7.415455999999999825e+00
1.776858000000000049e-01 0.000000000000000000e+00 1.210040000000000004e+00 7.414127999999999830e+00
1.779355999999999993e-01 0.000000000000000000e+00 1.210015999999999980e+00 7.412802000000000113e+00
1.781852999999999909e-01 0.000000000000000000e+00 1.209991000000000039e+00 7.411476999999998760e+00
1.784350000000000103e-01 0.000000000000000000e+00 1.209965999999999875e+00 7.410154000000000352e+00
1.786847000000000019e-01 0.000000000000000000e+00 1.209940999999999933e+00 7.408832000000000306e+00
1.789343999999999935e-01 0.000000000000000000e+00 1.209916999999999909e+00 7.407511999999999652e+00
1.791841000000000128e-01 0.000000000000000000e+00 1.209891999999999967e+00 7.406192999999999138e+00
1.794338000000000044e-01 0.000000000000000000e+00 1.209867000000000026e+00 7.404875999999999792e+00
1.796835999999999989e-01 0.000000000000000000e+00 1.209842000000000084e+00 7.403559999999999697e+00
1.799332999999999905e-01 0.000000000000000000e+00 1.209816999999999920e+00 7.402245999999999881e+00
1.801830000000000098e-01 0.000000000000000000e+00 1.209791999999999978e+00 7.400934000000000346e+00
1.804327000000000014e-01 0.000000000000000000e+00 1.209767000000000037e+00 7.399623000000000950e+00
1.806823999999999930e-01 0.000000000000000000e+00 1.209741999999999873e+00 7.398312999999999029e+00
1.809321000000000124e-01 0.000000000000000000e+00 1.209717000000000153e+00 7.397004999999999164e+00
1.811818000000000040e-01 0.000000000000000000e+00 1.209691000000000072e+00 7.395699000000000467e+00
1.814314999999999956e-01 0.000000000000000000e+00 1.209665999999999908e+00 7.394394000000000133e+00
1.816812999999999900e-01 0.000000000000000000e+00 1.209640999999999966e+00 7.393089999999999939e+00
1.819310000000000094e-01 0.000000000000000000e+00 1.209615000000000107e+00 7.391788999999999277e+00
1.821807000000000010e-01 0.000000000000000000e+00 1.209589999999999943e+00 7.390488000000000390e+00
1.824303999999999926e-01 0.000000000000000000e+00 1.209565000000000001e+00 7.389190000000000147e+00
1.826801000000000119e-01 0.000000000000000000e+00 1.209538999999999920e+00 7.387892999999999155e+00
1.829298000000000035e-01 0.000000000000000000e+00 1.209513999999999978e+00 7.386596999999999191e+00
1.831794999999999951e-01 0.000000000000000000e+00 1.209488000000000119e+00 7.385303000000000395e+00
1.834292999999999896e-01 0.000000000000000000e+00 1.209462000000000037e+00 7.384011000000000990e+00
1.836790000000000089e-01 0.000000000000000000e+00 1.209436999999999873e+00 7.382719999999999949e+00
1.839287000000000005e-01 0.000000000000000000e+00 1.209411000000000014e+00 7.381431000000000964e+00
1.841783999999999921e-01 0.000000000000000000e+00 1.209384999999999932e+00 7.380143000000001230e+00
1.844281000000000115e-01 0.000000000000000000e+00 1.209358999999999851e+00 7.378856999999999111e+00
1.846778000000000031e-01 0.000000000000000000e+00 1.209334000000000131e+00 7.377571999999999797e+00
1.849274999999999947e-01 0.000000000000000000e+00 1.209308000000000050e+00 7.376288999999999874e+00
1.851771999999999863e-01 0.000000000000000000e+00 1.209281999999999968e+00 7.375008000000000230e+00
1.854270000000000085e-01 0.000000000000000000e+00 1.209256000000000109e+00 7.373727999999999838e+00
1.856767000000000001e-01 0.000000000000000000e+00 1.209230000000000027e+00 7.372448999999999586e+00
1.859263999999999917e-01 0.000000000000000000e+00 1.209203000000000028e+00 7.371172999999999753e+00
1.861761000000000110e-01 0.000000000000000000e+00 1.209176999999999946e+00 7.369898000000000060e+00
1.864258000000000026e-01 0.000000000000000000e+00 1.209151000000000087e+00 7.368623999999999619e+00
1.866754999999999942e-01 0.000000000000000000e+00 1.209125000000000005e+00 7.367352000000000345e+00
1.869252000000000136e-01 0.000000000000000000e+00 1.209098999999999924e+00 7.366081000000000323e+00
1.871750000000000080e-01 0.000000000000000000e+00 1.209071999999999925e+00 7.364812999999999832e+00
1.874246999999999996e-01 0.000000000000000000e+00 1.209046000000000065e+00 7.363545000000000229e+00
1.876743999999999912e-01 0.000000000000000000e+00 1.209019000000000066e+00 7.362280000000000157e+00
1.879241000000000106e-01 0.000000000000000000e+00 1.208992999999999984e+00 7.361015000000000086e+00
1.881738000000000022e-01 0.000000000000000000e+00 1.208965999999999985e+00 7.359753000000000434e+00
1.884234999999999938e-01 0.000000000000000000e+00 1.208940000000000126e+00 7.358492000000000033e+00
1.886732000000000131e-01 0.000000000000000000e+00 1.208912999999999904e+00 7.357232999999999912e+00
1.889230000000000076e-01 0.000000000000000000e+00 1.208885999999999905e+00 7.355974999999999930e+00
1.891726999999999992e-01 0.000000000000000000e+00 1.208858999999999906e+00 7.354719000000000229e+00
1.894223999999999908e-01 0.000000000000000000e+00 1.208833000000000046e+00 7.353463999999999778e+00
1.896721000000000101e-01 0.000000000000000000e+00 1.208806000000000047e+00 7.352210999999999608e+00
1.899218000000000017e-01 0.000000000000000000e+00 1.208779000000000048e+00 7.350959999999999717e+00
1.901714999999999933e-01 0.000000000000000000e+00 1.208752000000000049e+00 7.349709999999999965e+00
1.904212000000000127e-01 0.000000000000000000e+00 1.208724999999999827e+00 7.348461999999999605e+00
1.906709000000000043e-01 0.000000000000000000e+00 1.208698000000000050e+00 7.347215000000000273e+00
1.909206999999999987e-01 0.000000000000000000e+00 1.208671000000000051e+00 7.345970000000000333e+00
1.911703999999999903e-01 0.000000000000000000e+00 1.208643000000000134e+00 7.344726999999999784e+00
1.914201000000000097e-01 0.000000000000000000e+00 1.208615999999999913e+00 7.343485000000000262e+00
1.916698000000000013e-01 0.000000000000000000e+00 1.208588999999999913e+00 7.342245000000000132e+00
1.919194999999999929e-01 0.000000000000000000e+00 1.208561999999999914e+00 7.341007000000000282e+00
1.921692000000000122e-01 0.000000000000000000e+00 1.208533999999999997e+00 7.339769999999999683e+00
1.924189000000000038e-01 0.000000000000000000e+00 1.208506999999999998e+00 7.338535000000000252e+00
1.926686999999999983e-01 0.000000000000000000e+00 1.208479000000000081e+00 7.337301000000000073e+00
1.929183999999999899e-01 0.000000000000000000e+00 1.208452000000000082e+00 7.336069000000000173e+00
1.931681000000000092e-01 0.000000000000000000e+00 1.208423999999999943e+00 7.334838999999999665e+00
1.934178000000000008e-01 0.000000000000000000e+00 1.208396000000000026e+00 7.333611000000000324e+00
1.936674999999999924e-01 0.000000000000000000e+00 1.208368999999999804e+00 7.332384000000000235e+00
1.939172000000000118e-01 0.000000000000000000e+00 1.208340999999999887e+00 7.331159000000000425e+00
1.941669000000000034e-01 0.000000000000000000e+00 1.208313000000000192e+00 7.329934999999999867e+00
1.944165999999999950e-01 0.000000000000000000e+00 1.208285000000000053e+00 7.328712999999999589e+00
1.946663999999999894e-01 0.000000000000000000e+00 1.208257000000000136e+00 7.327492999999999590e+00
1.949161000000000088e-01 0.000000000000000000e+00 1.208228999999999997e+00 7.326274999999999871e+00
1.951658000000000004e-01 0.000000000000000000e+00 1.208201000000000080e+00 7.325058000000000291e+00
1.954154999999999920e-01 0.000000000000000000e+00 1.208172999999999941e+00 7.323843000000000103e+00
1.956652000000000113e-01 0.000000000000000000e+00 1.208145000000000024e+00 7.322629000000000055e+00
1.959149000000000029e-01 0.000000000000000000e+00 1.208115999999999968e+00 7.321418000000000426e+00
1.961645999999999945e-01 0.000000000000000000e+00 1.208088000000000051e+00 7.320208000000000048e+00
1.964143999999999890e-01 0.000000000000000000e+00 1.208059999999999912e+00 7.318998999999999810e+00
1.966641000000000084e-01 0.000000000000000000e+00 1.208030999999999855e+00 7.317792999999999992e+00
1.969137999999999999e-01 0.000000000000000000e+00 1.208002999999999938e+00 7.316588000000000314e+00
1.971634999999999915e-01 0.000000000000000000e+00 1.207973999999999881e+00 7.315385000000000026e+00
1.974132000000000109e-01 0.000000000000000000e+00 1.207945999999999964e+00 7.314184000000000019e+00
1.976629000000000025e-01 0.000000000000000000e+00 1.207916999999999907e+00 7.312984000000000151e+00
1.979125999999999941e-01 0.000000000000000000e+00 1.207887999999999851e+00 7.311785999999999675e+00
1.981623000000000134e-01 0.000000000000000000e+00 1.207859999999999934e+00 7.310590000000000366e+00
1.984121000000000079e-01 0.000000000000000000e+00 1.207830999999999877e+00 7.309395999999999560e+00
1.986617999999999995e-01 0.000000000000000000e+00 1.207801999999999820e+00 7.308202999999999783e+00
1.989114999999999911e-01 0.000000000000000000e+00 1.207772999999999985e+00 7.307012000000000285e+00
1.991612000000000104e-01 0.000000000000000000e+00 1.207743999999999929e+00 7.305823000000000178e+00
1.994109000000000020e-01 0.000000000000000000e+00 1.207714999999999872e+00 7.304635000000000211e+00
1.996605999999999936e-01 0.000000000000000000e+00 1.207685999999999815e+00 7.303449999999999775e+00
1.999103000000000130e-01 0.000000000000000000e+00 1.207656999999999980e+00 7.302266000000000368e+00
2.001601000000000075e-01 0.000000000000000000e+00 1.207627000000000006e+00 7.301084000000000351e+00
2.004097999999999991e-01 0.000000000000000000e+00 1.207597999999999949e+00 7.299902999999999587e+00
2.006594999999999906e-01 0.000000000000000000e+00 1.207568999999999892e+00 7.298725000000000129e+00
2.009092000000000100e-01 0.000000000000000000e+00 1.207538999999999918e+00 7.297547999999999924e+00
2.011589000000000016e-01 0.000000000000000000e+00 1.207510000000000083e+00 7.296372999999999998e+00
2.014085999999999932e-01 0.000000000000000000e+00 1.207480000000000109e+00 7.295199000000000211e+00
2.016583000000000125e-01 0.000000000000000000e+00 1.207451000000000052e+00 7.294027999999999956e+00
2.019080000000000041e-01 0.000000000000000000e+00 1.207421000000000078e+00 7.292857999999999841e+00
2.021577999999999986e-01 0.000000000000000000e+00 1.207391000000000103e+00 7.291690000000000005e+00
2.024074999999999902e-01 0.000000000000000000e+00 1.207362000000000046e+00 7.290523999999999560e+00
2.026572000000000096e-01 0.000000000000000000e+00 1.207332000000000072e+00 7.289359000000000144e+00
2.029069000000000011e-01 0.000000000000000000e+00 1.207301999999999875e+00 7.288196000000000119e+00
2.031565999999999927e-01 0.000000000000000000e+00 1.207271999999999901e+00 7.287035999999999625e+00
2.034063000000000121e-01 0.000000000000000000e+00 1.207241999999999926e+00 7.285876000000000019e+00
2.036560000000000037e-01 0.000000000000000000e+00 1.207211999999999952e+00 7.284718999999999944e+00
2.039057999999999982e-01 0.000000000000000000e+00 1.207181000000000060e+00 7.283564000000000149e+00
2.041554999999999898e-01 0.000000000000000000e+00 1.207151000000000085e+00 7.282409999999999606e+00
2.044052000000000091e-01 0.000000000000000000e+00 1.207121000000000111e+00 7.281258000000000230e+00
2.046549000000000007e-01 0.000000000000000000e+00 1.207090999999999914e+00 7.280108000000000246e+00
2.049045999999999923e-01 0.000000000000000000e+00 1.207060000000000022e+00 7.278959999999999653e+00
2.051543000000000117e-01 0.000000000000000000e+00 1.207030000000000047e+00 7.277813000000000088e+00
2.054040000000000032e-01 0.000000000000000000e+00 1.206998999999999933e+00 7.276669000000000054e+00
2.056537999999999977e-01 0.000000000000000000e+00 1.206968000000000041e+00 7.275526000000000160e+00
2.059034999999999893e-01 0.000000000000000000e+00 1.206938000000000066e+00 7.274384999999999657e+00
2.061532000000000087e-01 0.000000000000000000e+00 1.206906999999999952e+00 7.273246000000000322e+00
2.064029000000000003e-01 0.000000000000000000e+00 1.206876000000000060e+00 7.272108000000000239e+00
2.066525999999999919e-01 0.000000000000000000e+00 1.206844999999999946e+00 7.270972999999999686e+00
2.069023000000000112e-01 0.000000000000000000e+00 1.206814000000000053e+00 7.269839000000000162e+00
2.071520000000000028e-01 0.000000000000000000e+00 1.206782999999999939e+00 7.268707000000000029e+00
2.074016999999999944e-01 0.000000000000000000e+00 1.206752000000000047e+00 7.267577000000000176e+00
2.076514999999999889e-01 0.000000000000000000e+00 1.206720999999999933e+00 7.266448999999999714e+00
2.079012000000000082e-01 0.000000000000000000e+00 1.206690000000000040e+00 7.265323000000000420e+00
2.081508999999999998e-01 0.000000000000000000e+00 1.206659000000000148e+00 7.264198000000000377e+00
2.084005999999999914e-01 0.000000000000000000e+00 1.206626999999999894e+00 7.263075999999999866e+00
2.086503000000000108e-01 0.000000000000000000e+00 1.206596000000000002e+00 7.261955000000000382e+00
2.089000000000000024e-01 0.000000000000000000e+00 1.206563999999999970e+00 7.260836000000000290e+00
2.091496999999999939e-01 0.000000000000000000e+00 1.206532999999999856e+00 7.259718999999999589e+00
2.093994999999999884e-01 0.000000000000000000e+00 1.206501000000000046e+00 7.258604000000000056e+00
2.096492000000000078e-01 0.000000000000000000e+00 1.206469999999999931e+00 7.257490999999999914e+00
2.098988999999999994e-01 0.000000000000000000e+00 1.206438000000000121e+00 7.256380000000000052e+00
2.101485999999999910e-01 0.000000000000000000e+00 1.206405999999999867e+00 7.255270999999999582e+00
2.103983000000000103e-01 0.000000000000000000e+00 1.206374000000000057e+00 7.254163000000000139e+00
2.106480000000000019e-01 0.000000000000000000e+00 1.206342000000000025e+00 7.253058000000000227e+00
2.108976999999999935e-01 0.000000000000000000e+00 1.206309999999999993e+00 7.251953999999999567e+00
2.111474000000000129e-01 0.000000000000000000e+00 1.206277999999999961e+00 7.250852000000000075e+00
2.113972000000000073e-01 0.000000000000000000e+00 1.206246000000000151e+00 7.249753000000000114e+00
2.116468999999999989e-01 0.000000000000000000e+00 1.206213999999999897e+00 7.248655000000000292e+00
2.118965999999999905e-01 0.000000000000000000e+00 1.206180999999999948e+00 7.247558999999999862e+00
2.121463000000000099e-01 0.000000000000000000e+00 1.206148999999999916e+00 7.246464999999999712e+00
2.123960000000000015e-01 0.000000000000000000e+00 1.206115999999999966e+00 7.245372999999999841e+00
2.126456999999999931e-01 0.000000000000000000e+00 1.206084000000000156e+00 7.244283000000000250e+00
2.128954000000000124e-01 0.000000000000000000e+00 1.206050999999999984e+00 7.243193999999999910e+00
2.131452000000000069e-01 0.000000000000000000e+00 1.206018999999999952e+00 7.242107999999999990e+00
2.133948999999999985e-01 0.000000000000000000e+00 1.205986000000000002e+00 7.241024000000000349e+00
2.136445999999999901e-01 0.000000000000000000e+00 1.205953000000000053e+00 7.239942000000000100e+00
2.138943000000000094e-01 0.000000000000000000e+00 1.205920000000000103e+00 7.238860999999999990e+00
2.141440000000000010e-01 0.000000000000000000e+00 1.205886999999999931e+00 7.237783000000000300e+00
2.143936999999999926e-01 0.000000000000000000e+00 1.205853999999999981e+00 7.236707000000000001e+00
2.146434000000000120e-01 0.000000000000000000e+00 1.205820999999999810e+00 7.235631999999999842e+00
2.148931000000000036e-01 0.000000000000000000e+00 1.205788000000000082e+00 7.234560000000000102e+00
2.151428999999999980e-01 0.000000000000000000e+00 1.205755000000000132e+00 7.233488999999999614e+00
2.153925999999999896e-01 0.000000000000000000e+00 1.205721000000000043e+00 7.232421000000000433e+00
2.156423000000000090e-01 0.000000000000000000e+00 1.205688000000000093e+00 7.231353999999999616e+00
2.158920000000000006e-01 0.000000000000000000e+00 1.205654999999999921e+00 7.230290000000000106e+00
2.161416999999999922e-01 0.000000000000000000e+00 1.205621000000000054e+00 7.229227999999999987e+00
2.163914000000000115e-01 0.000000000000000000e+00 1.205586999999999964e+00 7.228167000000000009e+00
2.166411000000000031e-01 0.000000000000000000e+00 1.205554000000000014e+00 7.227108999999999561e+00
2.168908999999999976e-01 0.000000000000000000e+00 1.205519999999999925e+00 7.226052000000000142e+00
2.171405999999999892e-01 0.000000000000000000e+00 1.205486000000000057e+00 7.224998000000000253e+00
2.173903000000000085e-01 0.000000000000000000e+00 1.205451999999999968e+00 7.223944999999999617e+00
2.176400000000000001e-01 0.000000000000000000e+00 1.205417999999999878e+00 7.222895000000000287e+00
2.178896999999999917e-01 0.000000000000000000e+00 1.205384000000000011e+00 7.221847000000000349e+00
2.181394000000000111e-01 0.000000000000000000e+00 1.205349999999999921e+00 7.220799999999999663e+00
2.183891000000000027e-01 0.000000000000000000e+00 1.205316000000000054e+00 7.219756000000000284e+00
2.186387999999999943e-01 0.000000000000000000e+00 1.205281000000000047e+00 7.218714000000000297e+00
2.188885999999999887e-01 0.000000000000000000e+00 1.205247000000000179e+00 7.217672999999999561e+00
2.191383000000000081e-01 0.000000000000000000e+00 1.205212999999999868e+00 7.216635000000000133e+00
2.193879999999999997e-01 0.000000000000000000e+00 1.205178000000000083e+00 7.215599000000000096e+00
2.196376999999999913e-01 0.000000000000000000e+00 1.205143999999999993e+00 7.214565000000000339e+00
2.198874000000000106e-01 0.000000000000000000e+00 1.205108999999999986e+00 7.213532999999999973e+00
2.201371000000000022e-01 0.000000000000000000e+00 1.205073999999999979e+00 7.212502999999999886e+00
2.203867999999999938e-01 0.000000000000000000e+00 1.205038999999999971e+00 7.211475000000000080e+00
2.206365999999999883e-01 0.000000000000000000e+00 1.205003999999999964e+00 7.210448999999999664e+00
2.208863000000000076e-01 0.000000000000000000e+00 1.204968999999999957e+00 7.209425000000000416e+00
2.211359999999999992e-01 0.000000000000000000e+00 1.204933999999999950e+00 7.208402999999999672e+00
2.213856999999999908e-01 0.000000000000000000e+00 1.204898999999999942e+00 7.207383000000000095e+00
2.216354000000000102e-01 0.000000000000000000e+00 1.204863999999999935e+00 7.206364999999999910e+00
2.218851000000000018e-01 0.000000000000000000e+00 1.204828999999999928e+00 7.205350000000000144e+00
2.221347999999999934e-01 0.000000000000000000e+00 1.204793000000000003e+00 7.204335999999999629e+00
2.223845999999999878e-01 0.000000000000000000e+00 1.204757999999999996e+00 7.203325000000000422e+00
2.226343000000000072e-01 0.000000000000000000e+00 1.204722000000000071e+00 7.202315999999999718e+00
2.228839999999999988e-01 0.000000000000000000e+00 1.204686999999999841e+00 7.201308000000000042e+00
2.231336999999999904e-01 0.000000000000000000e+00 1.204651000000000138e+00 7.200302999999999898e+00
2.233834000000000097e-01 0.000000000000000000e+00 1.204614999999999991e+00 7.199300000000000033e+00
2.236331000000000013e-01 0.000000000000000000e+00 1.204578999999999844e+00 7.198298999999999559e+00
2.238827999999999929e-01 0.000000000000000000e+00 1.204544000000000059e+00 7.197300000000000253e+00
2.241325000000000123e-01 0.000000000000000000e+00 1.204508000000000134e+00 7.196303000000000338e+00
2.243823000000000067e-01 0.000000000000000000e+00 1.204471000000000069e+00 7.195308999999999955e+00
2.246319999999999983e-01 0.000000000000000000e+00 1.204434999999999922e+00 7.194315999999999711e+00
2.248816999999999899e-01 0.000000000000000000e+00 1.204398999999999997e+00 7.193325999999999887e+00
2.251314000000000093e-01 0.000000000000000000e+00 1.204363000000000072e+00 7.192337000000000202e+00
2.253811000000000009e-01 0.000000000000000000e+00 1.204326000000000008e+00 7.191351000000000049e+00
2.256307999999999925e-01 0.000000000000000000e+00 1.204289999999999861e+00 7.190367000000000175e+00
2.258805000000000118e-01 0.000000000000000000e+00 1.204253000000000018e+00 7.189384999999999692e+00
2.261303000000000063e-01 0.000000000000000000e+00 1.204217000000000093e+00 7.188405000000000378e+00
2.263799999999999979e-01 0.000000000000000000e+00 1.204180000000000028e+00 7.187427999999999706e+00
2.266296999999999895e-01 0.000000000000000000e+00 1.204142999999999963e+00 7.186452000000000062e+00
2.268794000000000088e-01 0.000000000000000000e+00 1.204105999999999899e+00 7.185478999999999949e+00
2.271291000000000004e-01 0.000000000000000000e+00 1.204069000000000056e+00 7.184508000000000116e+00
2.273787999999999920e-01 0.000000000000000000e+00 1.204031999999999991e+00 7.183538999999999675e+00
2.276285000000000114e-01 0.000000000000000000e+00 1.203994999999999926e+00 7.182572000000000401e+00
2.278782000000000030e-01 0.000000000000000000e+00 1.203958000000000084e+00 7.181606999999999630e+00
2.281279999999999974e-01 0.000000000000000000e+00 1.203921000000000019e+00 7.180645000000000167e+00
2.283776999999999890e-01 0.000000000000000000e+00 1.203883999999999954e+00 7.179683999999999955e+00
2.286274000000000084e-01 0.000000000000000000e+00 1.203845999999999972e+00 7.178726000000000163e+00
2.288771000000000000e-01 0.000000000000000000e+00 1.203808999999999907e+00 7.177769999999999762e+00
2.291267999999999916e-01 0.000000000000000000e+00 1.203770999999999924e+00 7.176815999999999640e+00
2.293765000000000109e-01 0.000000000000000000e+00 1.203732999999999942e+00 7.175864999999999938e+00
2.296262000000000025e-01 0.000000000000000000e+00 1.203695999999999877e+00 7.174915000000000376e+00
2.298759999999999970e-01 0.000000000000000000e+00 1.203657999999999895e+00 7.173968000000000345e+00
2.301256999999999886e-01 0.000000000000000000e+00 1.203619999999999912e+00 7.173022999999999705e+00
2.303754000000000079e-01 0.000000000000000000e+00 1.203582000000000152e+00 7.172080000000000233e+00
2.306250999999999995e-01 0.000000000000000000e+00 1.203544000000000169e+00 7.171140000000000292e+00
2.308747999999999911e-01 0.000000000000000000e+00 1.203506000000000187e+00 7.170200999999999603e+00
2.311245000000000105e-01 0.000000000000000000e+00 1.203467000000000064e+00 7.169265000000000221e+00
2.313742000000000021e-01 0.000000000000000000e+00 1.203429000000000082e+00 7.168331000000000230e+00
2.316238999999999937e-01 0.000000000000000000e+00 1.203391000000000099e+00 7.167398999999999631e+00
2.318736999999999882e-01 0.000000000000000000e+00 1.203352000000000199e+00 7.166470000000000340e+00
2.321234000000000075e-01 0.000000000000000000e+00 1.203313999999999995e+00 7.165542000000000300e+00
2.323730999999999991e-01 0.000000000000000000e+00 1.203275000000000095e+00 7.164616999999999791e+00
2.326227999999999907e-01 0.000000000000000000e+00 1.203236000000000194e+00 7.163694999999999702e+00
2.328725000000000100e-01 0.000000000000000000e+00 1.203197999999999990e+00 7.162773999999999752e+00
2.331222000000000016e-01 0.000000000000000000e+00 1.203159000000000090e+00 7.161856000000000222e+00
2.333718999999999932e-01 0.000000000000000000e+00 1.203119999999999967e+00 7.160940000000000083e+00
2.336216999999999877e-01 0.000000000000000000e+00 1.203080999999999845e+00 7.160026000000000224e+00
2.338714000000000071e-01 0.000000000000000000e+00 1.203041999999999945e+00 7.159113999999999756e+00
2.341210999999999987e-01 0.000000000000000000e+00 1.203001999999999905e+00 7.158204999999999707e+00
2.343707999999999902e-01 0.000000000000000000e+00 1.202963000000000005e+00 7.157297999999999938e+00
2.346205000000000096e-01 0.000000000000000000e+00 1.202923999999999882e+00 7.156392999999999560e+00
2.348702000000000012e-01 0.000000000000000000e+00 1.202884000000000064e+00 7.155490000000000350e+00
2.351198999999999928e-01 0.000000000000000000e+00 1.202844999999999942e+00 7.154589999999999783e+00
2.353696000000000121e-01 0.000000000000000000e+00 1.202805000000000124e+00 7.153692000000000384e+00
2.356194000000000066e-01 0.000000000000000000e+00 1.202765000000000084e+00 7.152796000000000376e+00
2.358690999999999982e-01 0.000000000000000000e+00 1.202726000000000184e+00 7.151902999999999899e+00
2.361187999999999898e-01 0.000000000000000000e+00 1.202685999999999922e+00 7.151011999999999702e+00
2.363685000000000092e-01 0.000000000000000000e+00 1.202645999999999882e+00 7.150122999999999784e+00
2.366182000000000007e-01 0.000000000000000000e+00 1.202606000000000064e+00 7.149236000000000146e+00
2.368678999999999923e-01 0.000000000000000000e+00 1.202566000000000024e+00 7.148352000000000039e+00
2.371176000000000117e-01 0.000000000000000000e+00 1.202525999999999984e+00 7.147470000000000212e+00
2.373674000000000062e-01 0.000000000000000000e+00 1.202484999999999804e+00 7.146589999999999776e+00
2.376170999999999978e-01 0.000000000000000000e+00 1.202444999999999986e+00 7.145712999999999759e+00
2.378667999999999894e-01 0.000000000000000000e+00 1.202404999999999946e+00 7.144838000000000022e+00
2.381165000000000087e-01 0.000000000000000000e+00 1.202363999999999988e+00 7.143964999999999677e+00
2.383662000000000003e-01 0.000000000000000000e+00 1.202323000000000031e+00 7.143093999999999610e+00
2.386158999999999919e-01 0.000000000000000000e+00 1.202282999999999991e+00 7.142225999999999964e+00
2.388656000000000112e-01 0.000000000000000000e+00 1.202242000000000033e+00 7.141360999999999848e+00
2.391154000000000057e-01 0.000000000000000000e+00 1.202201000000000075e+00 7.140496999999999872e+00
2.393650999999999973e-01 0.000000000000000000e+00 1.202160000000000117e+00 7.139636000000000315e+00
2.396147999999999889e-01 0.000000000000000000e+00 1.202118999999999938e+00 7.138777000000000150e+00
2.398645000000000083e-01 0.000000000000000000e+00 1.202077999999999980e+00 7.137921000000000404e+00
2.401141999999999999e-01 0.000000000000000000e+00 1.202037000000000022e+00 7.137065999999999910e+00
2.403638999999999915e-01 0.000000000000000000e+00 1.201996000000000064e+00 7.136213999999999835e+00
2.406136000000000108e-01 0.000000000000000000e+00 1.201953999999999967e+00 7.135365000000000180e+00
2.408633000000000024e-01 0.000000000000000000e+00 1.201913000000000009e+00 7.134517999999999915e+00
2.411130999999999969e-01 0.000000000000000000e+00 1.201872000000000051e+00 7.133672999999999931e+00
2.413627999999999885e-01 0.000000000000000000e+00 1.201829999999999954e+00 7.132831000000000365e+00
2.416125000000000078e-01 0.000000000000000000e+00 1.201788000000000078e+00 7.131990000000000052e+00
2.418621999999999994e-01 0.000000000000000000e+00 1.201747000000000121e+00 7.131153000000000297e+00
2.421118999999999910e-01 0.000000000000000000e+00 1.201705000000000023e+00 7.130316999999999794e+00
2.423616000000000104e-01 0.000000000000000000e+00 1.201662999999999926e+00 7.129483999999999710e+00
2.426113000000000020e-01 0.000000000000000000e+00 1.201621000000000050e+00 7.128654000000000046e+00
2.428610999999999964e-01 0.000000000000000000e+00 1.201578999999999953e+00 7.127824999999999633e+00
2.431107999999999880e-01 0.000000000000000000e+00 1.201537000000000077e+00 7.126998999999999640e+00
2.433605000000000074e-01 0.000000000000000000e+00 1.201493999999999840e+00 7.126176000000000066e+00
2.436101999999999990e-01 0.000000000000000000e+00 1.201451999999999964e+00 7.125353999999999743e+00
2.438598999999999906e-01 0.000000000000000000e+00 1.201410000000000089e+00 7.124535999999999980e+00
2.441096000000000099e-01 0.000000000000000000e+00 1.201366999999999852e+00 7.123719000000000356e+00
2.443593000000000015e-01 0.000000000000000000e+00 1.201324999999999976e+00 7.122905000000000264e+00
2.446089999999999931e-01 0.000000000000000000e+00 1.201281999999999961e+00 7.122092999999999563e+00
2.448587999999999876e-01 0.000000000000000000e+00 1.201238999999999946e+00 7.121284000000000169e+00
2.451085000000000069e-01 0.000000000000000000e+00 1.201195999999999930e+00 7.120477000000000167e+00
2.453581999999999985e-01 0.000000000000000000e+00 1.201152999999999915e+00 7.119671999999999557e+00
2.456078999999999901e-01 0.000000000000000000e+00 1.201111000000000040e+00 7.118869000000000113e+00
2.458576000000000095e-01 0.000000000000000000e+00 1.201067000000000107e+00 7.118069000000000202e+00
2.461073000000000011e-01 0.000000000000000000e+00 1.201023999999999869e+00 7.117271999999999821e+00
2.463569999999999927e-01 0.000000000000000000e+00 1.200981000000000076e+00 7.116476999999999720e+00
2.466067999999999871e-01 0.000000000000000000e+00 1.200938000000000061e+00 7.115683999999999898e+00
2.468565000000000065e-01 0.000000000000000000e+00 1.200893999999999906e+00 7.114893000000000356e+00
2.471061999999999981e-01 0.000000000000000000e+00 1.200851000000000113e+00 7.114105000000000345e+00
2.473558999999999897e-01 0.000000000000000000e+00 1.200806999999999958e+00 7.113318999999999726e+00
2.476056000000000090e-01 0.000000000000000000e+00 1.200763999999999943e+00 7.112536000000000413e+00
2.478553000000000006e-01 0.000000000000000000e+00 1.200720000000000010e+00 7.111754000000000353e+00
2.481049999999999922e-01 0.000000000000000000e+00 1.200675999999999854e+00 7.110975999999999964e+00
2.483547000000000116e-01 0.000000000000000000e+00 1.200632000000000144e+00 7.110198999999999714e+00
2.486045000000000060e-01 0.000000000000000000e+00 1.200587999999999989e+00 7.109424999999999883e+00
2.488541999999999976e-01 0.000000000000000000e+00 1.200544000000000056e+00 7.108653999999999584e+00
2.491038999999999892e-01 0.000000000000000000e+00 1.200499999999999901e+00 7.107884000000000313e+00
2.493536000000000086e-01 0.000000000000000000e+00 1.200455999999999968e+00 7.107116999999999685e+00
2.496033000000000002e-01 0.000000000000000000e+00 1.200411000000000117e+00 7.106353000000000364e+00
2.498529999999999918e-01 0.000000000000000000e+00 1.200366999999999962e+00 7.105591000000000435e+00
2.501027000000000111e-01 0.000000000000000000e+00 1.200321999999999889e+00 7.104830999999999896e+00
2.503524999999999778e-01 0.000000000000000000e+00 1.200277999999999956e+00 7.104072999999999638e+00
2.506021999999999972e-01 0.000000000000000000e+00 1.200232999999999883e+00 7.103317999999999799e+00
2.508519000000000165e-01 0.000000000000000000e+00 1.200188000000000033e+00 7.102565000000000239e+00
2.511015999999999804e-01 0.000000000000000000e+00 1.200142999999999960e+00 7.101815000000000211e+00
2.513512999999999997e-01 0.000000000000000000e+00 1.200097999999999887e+00 7.101066999999999574e+00
2.516010000000000191e-01 0.000000000000000000e+00 1.200053000000000036e+00 7.100321000000000105e+00
2.518506999999999829e-01 0.000000000000000000e+00 1.200007999999999964e+00 7.099578000000000166e+00
2.521004000000000023e-01 0.000000000000000000e+00 1.199962999999999891e+00 7.098836999999999620e+00
2.523502000000000245e-01 0.000000000000000000e+00 1.199917999999999818e+00 7.098098000000000241e+00
2.525998999999999883e-01 0.000000000000000000e+00 1.199872000000000050e+00 7.097362000000000393e+00
2.528496000000000077e-01 0.000000000000000000e+00 1.199826999999999977e+00 7.096627999999999936e+00
2.530993000000000270e-01 0.000000000000000000e+00 1.199780999999999986e+00 7.095896999999999899e+00
2.533489999999999909e-01 0.000000000000000000e+00 1.199736000000000136e+00 7.095167000000000002e+00
2.535987000000000102e-01 0.000000000000000000e+00 1.199690000000000145e+00 7.094440999999999775e+00
2.538483999999999741e-01 0.000000000000000000e+00 1.199643999999999933e+00 7.093715999999999688e+00
2.540981999999999963e-01 0.000000000000000000e+00 1.199597999999999942e+00 7.092994000000000021e+00
2.543479000000000156e-01 0.000000000000000000e+00 1.199551999999999952e+00 7.092273999999999745e+00
2.545975999999999795e-01 0.000000000000000000e+00 1.199506000000000183e+00 7.091556999999999888e+00
2.548472999999999988e-01 0.000000000000000000e+00 1.199459999999999971e+00 7.090842000000000311e+00
2.550970000000000182e-01 0.000000000000000000e+00 1.199413999999999980e+00 7.090129000000000126e+00
2.553466999999999820e-01 0.000000000000000000e+00 1.199367000000000072e+00 7.089419000000000359e+00
2.555964000000000014e-01 0.000000000000000000e+00 1.199320999999999859e+00 7.088710999999999984e+00
2.558462000000000236e-01 0.000000000000000000e+00 1.199273999999999951e+00 7.088004999999999889e+00
2.560958999999999874e-01 0.000000000000000000e+00 1.199227999999999961e+00 7.087302000000000213e+00
2.563456000000000068e-01 0.000000000000000000e+00 1.199181000000000052e+00 7.086600999999999928e+00
2.565953000000000261e-01 0.000000000000000000e+00 1.199133999999999922e+00 7.085903000000000063e+00
2.568449999999999900e-01 0.000000000000000000e+00 1.199087000000000014e+00 7.085206000000000337e+00
2.570947000000000093e-01 0.000000000000000000e+00 1.199039999999999884e+00 7.084513000000000282e+00
2.573443999999999732e-01 0.000000000000000000e+00 1.198992999999999975e+00 7.083821000000000367e+00
2.575940999999999925e-01 0.000000000000000000e+00 1.198945999999999845e+00 7.083131999999999984e+00
2.578439000000000147e-01 0.000000000000000000e+00 1.198898999999999937e+00 7.082444999999999879e+00
2.580935999999999786e-01 0.000000000000000000e+00 1.198851000000000111e+00 7.081761000000000195e+00
2.583432999999999979e-01 0.000000000000000000e+00 1.198803999999999981e+00 7.081077999999999761e+00
2.585930000000000173e-01 0.000000000000000000e+00 1.198756000000000155e+00 7.080398999999999887e+00
2.588426999999999811e-01 0.000000000000000000e+00 1.198709000000000024e+00 7.079721000000000153e+00
2.590924000000000005e-01 0.000000000000000000e+00 1.198660999999999976e+00 7.079045999999999950e+00
2.593421000000000198e-01 0.000000000000000000e+00 1.198613000000000151e+00 7.078374000000000166e+00
2.595918999999999865e-01 0.000000000000000000e+00 1.198565000000000103e+00 7.077702999999999633e+00
2.598416000000000059e-01 0.000000000000000000e+00 1.198517000000000055e+00 7.077035000000000409e+00
2.600913000000000252e-01 0.000000000000000000e+00 1.198469000000000007e+00 7.076368999999999687e+00
2.603409999999999891e-01 0.000000000000000000e+00 1.198420999999999959e+00 7.075706000000000273e+00
2.605907000000000084e-01 0.000000000000000000e+00 1.198373000000000133e+00 7.075045000000000250e+00
2.608403999999999723e-01 0.000000000000000000e+00 1.198324000000000167e+00 7.074385999999999619e+00
2.610900999999999916e-01 0.000000000000000000e+00 1.198276000000000119e+00 7.073730000000000295e+00
2.613398000000000110e-01 0.000000000000000000e+00 1.198227000000000153e+00 7.073076000000000363e+00
2.615895999999999777e-01 0.000000000000000000e+00 1.198179000000000105e+00 7.072424999999999962e+00
2.618392999999999970e-01 0.000000000000000000e+00 1.198130000000000139e+00 7.071774999999999700e+00
2.620890000000000164e-01 0.000000000000000000e+00 1.198080999999999952e+00 7.071127999999999858e+00
2.623386999999999802e-01 0.000000000000000000e+00 1.198031999999999986e+00 7.070484000000000435e+00
2.625883999999999996e-01 0.000000000000000000e+00 1.197983000000000020e+00 7.069842000000000404e+00
2.628381000000000189e-01 0.000000000000000000e+00 1.197934000000000054e+00 7.069201999999999764e+00
2.630877999999999828e-01 0.000000000000000000e+00 1.197885000000000089e+00 7.068564000000000291e+00
2.633376000000000050e-01 0.000000000000000000e+00 1.197834999999999983e+00 7.067929000000000350e+00
2.635873000000000244e-01 0.000000000000000000e+00 1.197786000000000017e+00 7.067295999999999800e+00
2.638369999999999882e-01 0.000000000000000000e+00 1.197736000000000134e+00 7.066665000000000418e+00
2.640867000000000075e-01 0.000000000000000000e+00 1.197686999999999946e+00 7.066036999999999679e+00
2.643364000000000269e-01 0.000000000000000000e+00 1.197636999999999841e+00 7.065411000000000108e+00
2.645860999999999907e-01 0.000000000000000000e+00 1.197586999999999957e+00 7.064788000000000068e+00
2.648358000000000101e-01 0.000000000000000000e+00 1.197537000000000074e+00 7.064166000000000167e+00
2.650854999999999739e-01 0.000000000000000000e+00 1.197487000000000190e+00 7.063547999999999938e+00
2.653352999999999962e-01 0.000000000000000000e+00 1.197436999999999863e+00 7.062930999999999848e+00
2.655850000000000155e-01 0.000000000000000000e+00 1.197386999999999979e+00 7.062317000000000178e+00
2.658346999999999793e-01 0.000000000000000000e+00 1.197337000000000096e+00 7.061704999999999899e+00
2.660843999999999987e-01 0.000000000000000000e+00 1.197286000000000072e+00 7.061094999999999899e+00
2.663341000000000180e-01 0.000000000000000000e+00 1.197236000000000189e+00 7.060488000000000319e+00
2.665837999999999819e-01 0.000000000000000000e+00 1.197184999999999944e+00 7.059883000000000131e+00
2.668335000000000012e-01 0.000000000000000000e+00 1.197135000000000060e+00 7.059281000000000361e+00
2.670833000000000235e-01 0.000000000000000000e+00 1.197084000000000037e+00 7.058679999999999843e+00
2.673329999999999873e-01 0.000000000000000000e+00 1.197032999999999792e+00 7.058081999999999745e+00
2.675827000000000067e-01 0.000000000000000000e+00 1.196981999999999990e+00 7.057487000000000066e+00
2.678324000000000260e-01 0.000000000000000000e+00 1.196930999999999967e+00 7.056893999999999778e+00
2.680820999999999898e-01 0.000000000000000000e+00 1.196880000000000166e+00 7.056302999999999770e+00
2.683318000000000092e-01 0.000000000000000000e+00 1.196828000000000003e+00 7.055714000000000041e+00
2.685814999999999730e-01 0.000000000000000000e+00 1.196776999999999980e+00 7.055127999999999844e+00
2.688311999999999924e-01 0.000000000000000000e+00 1.196724999999999817e+00 7.054543999999999926e+00
2.690810000000000146e-01 0.000000000000000000e+00 1.196674000000000015e+00 7.053962000000000288e+00
2.693306999999999785e-01 0.000000000000000000e+00 1.196622000000000074e+00 7.053383000000000180e+00
2.695803999999999978e-01 0.000000000000000000e+00 1.196569999999999911e+00 7.052806000000000353e+00
2.698301000000000172e-01 0.000000000000000000e+00 1.196519000000000110e+00 7.052230999999999916e+00
2.700797999999999810e-01 0.000000000000000000e+00 1.196467000000000169e+00 7.051657999999999760e+00
2.703295000000000003e-01 0.000000000000000000e+00 1.196414000000000089e+00 7.051088000000000022e+00
2.705792000000000197e-01 0.000000000000000000e+00 1.196362000000000148e+00 7.050520999999999816e+00
2.708289999999999864e-01 0.000000000000000000e+00 1.196309999999999985e+00 7.049954999999999750e+00
2.710787000000000058e-01 0.000000000000000000e+00 1.196258000000000044e+00 7.049392000000000102e+00
2.713284000000000251e-01 0.000000000000000000e+00 1.196204999999999963e+00 7.048830999999999847e+00
2.715780999999999890e-01 0.000000000000000000e+00 1.196153000000000022e+00 7.048273000000000010e+00
2.718278000000000083e-01 0.000000000000000000e+00 1.196099999999999941e+00 7.047716000000000314e+00
2.720775000000000277e-01 0.000000000000000000e+00 1.196047000000000082e+00 7.047163000000000288e+00
2.723271999999999915e-01 0.000000000000000000e+00 1.195994000000000002e+00 7.046611000000000402e+00
2.725770000000000137e-01 0.000000000000000000e+00 1.195940999999999921e+00 7.046062000000000047e+00
2.728266999999999776e-01 0.000000000000000000e+00 1.195887999999999840e+00 7.045514999999999972e+00
2.730763999999999969e-01 0.000000000000000000e+00 1.195834999999999981e+00 7.044970000000000176e+00
2.733261000000000163e-01 0.000000000000000000e+00 1.195780999999999983e+00 7.044427999999999912e+00
2.735757999999999801e-01 0.000000000000000000e+00 1.195728000000000124e+00 7.043887999999999927e+00
2.738254999999999995e-01 0.000000000000000000e+00 1.195673999999999904e+00 7.043350000000000222e+00
2.740752000000000188e-01 0.000000000000000000e+00 1.195621000000000045e+00 7.042813999999999908e+00
2.743248999999999826e-01 0.000000000000000000e+00 1.195567000000000046e+00 7.042281000000000013e+00
2.745747000000000049e-01 0.000000000000000000e+00 1.195512999999999826e+00 7.041750000000000398e+00
2.748244000000000242e-01 0.000000000000000000e+00 1.195459000000000049e+00 7.041222000000000314e+00
2.750740999999999881e-01 0.000000000000000000e+00 1.195405000000000051e+00 7.040695000000000370e+00
2.753238000000000074e-01 0.000000000000000000e+00 1.195351000000000052e+00 7.040170999999999957e+00
2.755735000000000268e-01 0.000000000000000000e+00 1.195297000000000054e+00 7.039649999999999963e+00
2.758231999999999906e-01 0.000000000000000000e+00 1.195241999999999916e+00 7.039130000000000109e+00
2.760729000000000100e-01 0.000000000000000000e+00 1.195188000000000139e+00 7.038612999999999786e+00
2.763226999999999767e-01 0.000000000000000000e+00 1.195133000000000001e+00 7.038098999999999883e+00
2.765723999999999960e-01 0.000000000000000000e+00 1.195079000000000002e+00 7.037586000000000119e+00
2.768221000000000154e-01 0.000000000000000000e+00 1.195023999999999864e+00 7.037075999999999887e+00
2.770717999999999792e-01 0.000000000000000000e+00 1.194968999999999948e+00 7.036567999999999934e+00
2.773214999999999986e-01 0.000000000000000000e+00 1.194914000000000032e+00 7.036062000000000261e+00
2.775712000000000179e-01 0.000000000000000000e+00 1.194858999999999893e+00 7.035559000000000118e+00
2.778208999999999818e-01 0.000000000000000000e+00 1.194803000000000059e+00 7.035058000000000256e+00
2.780706000000000011e-01 0.000000000000000000e+00 1.194748000000000143e+00 7.034558999999999784e+00
2.783204000000000233e-01 0.000000000000000000e+00 1.194693000000000005e+00 7.034062999999999732e+00
2.785700999999999872e-01 0.000000000000000000e+00 1.194636999999999949e+00 7.033568999999999960e+00
2.788198000000000065e-01 0.000000000000000000e+00 1.194580999999999893e+00 7.033076999999999579e+00
2.790695000000000259e-01 0.000000000000000000e+00 1.194525000000000059e+00 7.032587000000000366e+00
2.793191999999999897e-01 0.000000000000000000e+00 1.194469999999999921e+00 7.032099999999999795e+00
2.795689000000000091e-01 0.000000000000000000e+00 1.194414000000000087e+00 7.031615000000000393e+00
2.798185999999999729e-01 0.000000000000000000e+00 1.194356999999999891e+00 7.031132000000000382e+00
2.800683999999999951e-01 0.000000000000000000e+00 1.194300999999999835e+00 7.030651999999999902e+00
2.803181000000000145e-01 0.000000000000000000e+00 1.194245000000000001e+00 7.030173999999999701e+00
2.805677999999999783e-01 0.000000000000000000e+00 1.194188000000000027e+00 7.029697999999999780e+00
2.808174999999999977e-01 0.000000000000000000e+00 1.194131999999999971e+00 7.029224000000000139e+00
2.810672000000000170e-01 0.000000000000000000e+00 1.194074999999999998e+00 7.028753000000000029e+00
2.813168999999999809e-01 0.000000000000000000e+00 1.194018000000000024e+00 7.028284000000000198e+00
2.815666000000000002e-01 0.000000000000000000e+00 1.193961000000000050e+00 7.027816999999999759e+00
2.818163000000000196e-01 0.000000000000000000e+00 1.193904000000000076e+00 7.027351999999999599e+00
2.820660999999999863e-01 0.000000000000000000e+00 1.193846999999999881e+00 7.026889999999999858e+00
2.823158000000000056e-01 0.000000000000000000e+00 1.193789999999999907e+00 7.026430000000000398e+00
2.825655000000000250e-01 0.000000000000000000e+00 1.193732999999999933e+00 7.025972000000000328e+00
2.828151999999999888e-01 0.000000000000000000e+00 1.193675000000000042e+00 7.025516999999999790e+00
2.830649000000000082e-01 0.000000000000000000e+00 1.193617999999999846e+00 7.025064000000000419e+00
2.833146000000000275e-01 0.000000000000000000e+00 1.193559999999999954e+00 7.024613000000000440e+00
2.835642999999999914e-01 0.000000000000000000e+00 1.193502000000000063e+00 7.024163999999999852e+00
2.838141000000000136e-01 0.000000000000000000e+00 1.193443999999999949e+00 7.023717999999999684e+00
2.840637999999999774e-01 0.000000000000000000e+00 1.193386000000000058e+00 7.023273999999999795e+00
2.843134999999999968e-01 0.000000000000000000e+00 1.193327999999999944e+00 7.022832000000000185e+00
2.845632000000000161e-01 0.000000000000000000e+00 1.193270000000000053e+00 7.022393000000000107e+00
2.848128999999999800e-01 0.000000000000000000e+00 1.193211000000000022e+00 7.021955000000000169e+00
2.850625999999999993e-01 0.000000000000000000e+00 1.193153000000000130e+00 7.021519999999999762e+00
2.853123000000000187e-01 0.000000000000000000e+00 1.193094000000000099e+00 7.021086999999999634e+00
2.855619999999999825e-01 0.000000000000000000e+00 1.193035999999999985e+00 7.020656999999999925e+00
2.858118000000000047e-01 0.000000000000000000e+00 1.192977000000000176e+00 7.020228000000000357e+00
2.860615000000000241e-01 0.000000000000000000e+00 1.192917999999999923e+00 7.019802000000000319e+00
2.863111999999999879e-01 0.000000000000000000e+00 1.192858999999999892e+00 7.019378999999999813e+00
2.865609000000000073e-01 0.000000000000000000e+00 1.192798999999999943e+00 7.018957000000000335e+00
2.868106000000000266e-01 0.000000000000000000e+00 1.192739999999999911e+00 7.018538000000000388e+00
2.870602999999999905e-01 0.000000000000000000e+00 1.192681000000000102e+00 7.018120999999999832e+00
2.873100000000000098e-01 0.000000000000000000e+00 1.192621000000000153e+00 7.017706000000000444e+00
2.875597999999999765e-01 0.000000000000000000e+00 1.192560999999999982e+00 7.017292999999999559e+00
2.878094999999999959e-01 0.000000000000000000e+00 1.192501999999999951e+00 7.016882999999999981e+00
2.880592000000000152e-01 0.000000000000000000e+00 1.192442000000000002e+00 7.016474999999999795e+00
2.883088999999999791e-01 0.000000000000000000e+00 1.192382000000000053e+00 7.016068999999999889e+00
2.885585999999999984e-01 0.000000000000000000e+00 1.192321999999999882e+00 7.015666000000000402e+00
2.888083000000000178e-01 0.000000000000000000e+00 1.192261000000000015e+00 7.015264000000000166e+00
2.890579999999999816e-01 0.000000000000000000e+00 1.192201000000000066e+00 7.014865000000000350e+00
2.893078000000000038e-01 0.000000000000000000e+00 1.192140000000000200e+00 7.014467999999999925e+00
2.895575000000000232e-01 0.000000000000000000e+00 1.192080000000000028e+00 7.014073999999999920e+00
2.898071999999999870e-01 0.000000000000000000e+00 1.192018999999999940e+00 7.013681000000000054e+00
2.900569000000000064e-01 0.000000000000000000e+00 1.191958000000000073e+00 7.013290999999999720e+00
2.903066000000000257e-01 0.000000000000000000e+00 1.191896999999999984e+00 7.012902999999999665e+00
2.905562999999999896e-01 0.000000000000000000e+00 1.191836000000000118e+00 7.012516999999999889e+00
2.908060000000000089e-01 0.000000000000000000e+00 1.191775000000000029e+00 7.012133999999999645e+00
2.910556999999999728e-01 0.000000000000000000e+00 1.191713999999999940e+00 7.011752999999999680e+00
2.913054999999999950e-01 0.000000000000000000e+00 1.191651999999999934e+00 7.011372999999999855e+00
2.915552000000000143e-01 0.000000000000000000e+00 1.191590999999999845e+00 7.010996999999999701e+00
2.918048999999999782e-01 0.000000000000000000e+00 1.191529000000000060e+00 7.010621999999999687e+00
2.920545999999999975e-01 0.000000000000000000e+00 1.191467000000000054e+00 7.010250000000000092e+00
2.923043000000000169e-01 0.000000000000000000e+00 1.191405000000000047e+00 7.009878999999999749e+00
2.925539999999999807e-01 0.000000000000000000e+00 1.191343000000000041e+00 7.009510999999999825e+00
2.928037000000000001e-01 0.000000000000000000e+00 1.191281000000000034e+00 7.009146000000000321e+00
2.930535000000000223e-01 0.000000000000000000e+00 1.191218000000000110e+00 7.008782000000000068e+00
2.933031999999999861e-01 0.000000000000000000e+00 1.191155999999999882e+00 7.008421000000000234e+00
2.935529000000000055e-01 0.000000000000000000e+00 1.191093000000000179e+00 7.008060999999999652e+00
2.938026000000000248e-01 0.000000000000000000e+00 1.191030999999999951e+00 7.007704999999999629e+00
2.940522999999999887e-01 0.000000000000000000e+00 1.190968000000000027e+00 7.007349999999999746e+00
2.943020000000000080e-01 0.000000000000000000e+00 1.190904999999999880e+00 7.006997000000000142e+00
2.945517000000000274e-01 0.000000000000000000e+00 1.190842000000000178e+00 7.006647000000000070e+00
2.948013999999999912e-01 0.000000000000000000e+00 1.190779000000000032e+00 7.006299000000000277e+00
2.950512000000000135e-01 0.000000000000000000e+00 1.190714999999999968e+00 7.005952999999999875e+00
2.953008999999999773e-01 0.000000000000000000e+00 1.190652000000000044e+00 7.005608999999999753e+00
2.955505999999999966e-01 0.000000000000000000e+00 1.190587999999999980e+00 7.005266999999999911e+00
2.958003000000000160e-01 0.000000000000000000e+00 1.190525000000000055e+00 7.004927999999999599e+00
2.960499999999999798e-01 0.000000000000000000e+00 1.190460999999999991e+00 7.004590999999999568e+00
2.962996999999999992e-01 0.000000000000000000e+00 1.190396999999999927e+00 7.004255999999999815e+00
2.965494000000000185e-01 0.000000000000000000e+00 1.190333000000000085e+00 7.003923000000000343e+00
2.967991999999999853e-01 0.000000000000000000e+00 1.190269000000000021e+00 7.003592000000000262e+00
2.970489000000000046e-01 0.000000000000000000e+00 1.190204000000000040e+00 7.003263999999999712e+00
2.972986000000000240e-01 0.000000000000000000e+00 1.190140000000000198e+00 7.002937000000000189e+00
2.975482999999999878e-01 0.000000000000000000e+00 1.190074999999999994e+00 7.002613000000000198e+00
2.977980000000000071e-01 0.000000000000000000e+00 1.190010999999999930e+00 7.002290999999999599e+00
2.980477000000000265e-01 0.000000000000000000e+00 1.189945999999999948e+00 7.001971000000000167e+00
2.982973999999999903e-01 0.000000000000000000e+00 1.189881000000000189e+00 7.001654000000000266e+00
2.985471000000000097e-01 0.000000000000000000e+00 1.189815999999999985e+00 7.001337999999999617e+00
2.987968999999999764e-01 0.000000000000000000e+00 1.189751000000000003e+00 7.001025000000000276e+00
2.990465999999999958e-01 0.000000000000000000e+00 1.189684999999999881e+00 7.000714000000000325e+00
2.992963000000000151e-01 0.000000000000000000e+00 1.189619999999999900e+00 7.000404999999999767e+00
2.995459999999999789e-01 0.000000000000000000e+00 1.189554000000000000e+00 7.000098000000000376e+00
2.997956999999999983e-01 0.000000000000000000e+00 1.189488000000000101e+00 6.999793000000000376e+00
3.000454000000000176e-01 0.000000000000000000e+00 1.189422999999999897e+00 6.999490999999999907e+00
3.002950999999999815e-01 0.000000000000000000e+00 1.189356999999999998e+00 6.999190999999999718e+00
3.005449000000000037e-01 0.000000000000000000e+00 1.189290999999999876e+00 6.998891999999999669e+00
3.007946000000000231e-01 0.000000000000000000e+00 1.189223999999999837e+00 6.998596000000000039e+00
3.010442999999999869e-01 0.000000000000000000e+00 1.189157999999999937e+00 6.998301999999999801e+00
3.012940000000000063e-01 0.000000000000000000e+00 1.189090999999999898e+00 6.998010999999999981e+00
3.015437000000000256e-01 0.000000000000000000e+00 1.189024999999999999e+00 6.997721000000000302e+00
3.017933999999999894e-01 0.000000000000000000e+00 1.188958000000000181e+00 6.997434000000000154e+00
3.020431000000000088e-01 0.000000000000000000e+00 1.188891000000000142e+00 6.997148000000000145e+00
3.022927999999999726e-01 0.000000000000000000e+00 1.188824000000000103e+00 6.996864999999999668e+00
3.025425999999999949e-01 0.000000000000000000e+00 1.188757000000000064e+00 6.996584000000000358e+00
3.027923000000000142e-01 0.000000000000000000e+00 1.188690000000000024e+00 6.996305000000000440e+00
3.030419999999999781e-01 0.000000000000000000e+00 1.188622000000000067e+00 6.996029000000000053e+00
3.032916999999999974e-01 0.000000000000000000e+00 1.188555000000000028e+00 6.995753999999999806e+00
3.035414000000000168e-01 0.000000000000000000e+00 1.188487000000000071e+00 6.995480999999999838e+00
3.037910999999999806e-01 0.000000000000000000e+00 1.188419000000000114e+00 6.995211000000000290e+00
3.040407999999999999e-01 0.000000000000000000e+00 1.188351000000000157e+00 6.994943000000000133e+00
3.042906000000000222e-01 0.000000000000000000e+00 1.188282999999999978e+00 6.994677000000000255e+00
3.045402999999999860e-01 0.000000000000000000e+00 1.188215000000000021e+00 6.994412999999999769e+00
3.047900000000000054e-01 0.000000000000000000e+00 1.188146999999999842e+00 6.994150999999999563e+00
3.050397000000000247e-01 0.000000000000000000e+00 1.188077999999999967e+00 6.993890999999999636e+00
3.052893999999999886e-01 0.000000000000000000e+00 1.188010000000000010e+00 6.993634000000000128e+00
3.055391000000000079e-01 0.000000000000000000e+00 1.187941000000000136e+00 6.993377999999999872e+00
3.057888000000000273e-01 0.000000000000000000e+00 1.187872000000000039e+00 6.993125000000000036e+00
3.060385999999999940e-01 0.000000000000000000e+00 1.187803000000000164e+00 6.992873999999999590e+00
3.062883000000000133e-01 0.000000000000000000e+00 1.187733999999999845e+00 6.992624000000000173e+00
3.065379999999999772e-01 0.000000000000000000e+00 1.187664000000000053e+00 6.992377000000000287e+00
3.067876999999999965e-01 0.000000000000000000e+00 1.187594999999999956e+00 6.992132999999999932e+00
3.070374000000000159e-01 0.000000000000000000e+00 1.187526000000000082e+00 6.991889999999999716e+00
3.072870999999999797e-01 0.000000000000000000e+00 1.187455999999999845e+00 6.991648999999999781e+00
3.075367999999999991e-01 0.000000000000000000e+00 1.187386000000000053e+00 6.991410000000000124e+00
3.077865000000000184e-01 0.000000000000000000e+00 1.187316000000000038e+00 6.991173999999999999e+00
3.080362999999999851e-01 0.000000000000000000e+00 1.187246000000000024e+00 6.990940000000000154e+00
3.082860000000000045e-01 0.000000000000000000e+00 1.187176000000000009e+00 6.990706999999999560e+00
3.085357000000000238e-01 0.000000000000000000e+00 1.187105000000000077e+00 6.990477000000000274e+00
3.087853999999999877e-01 0.000000000000000000e+00 1.187035000000000062e+00 6.990249000000000379e+00
3.090351000000000070e-01 0.000000000000000000e+00 1.186963999999999908e+00 6.990022999999999875e+00
3.092848000000000264e-01 0.000000000000000000e+00 1.186892999999999976e+00 6.989798999999999651e+00
3.095344999999999902e-01 0.000000000000000000e+00 1.186821999999999822e+00 6.989576999999999707e+00
3.097843000000000124e-01 0.000000000000000000e+00 1.186750999999999889e+00 6.989357000000000042e+00
3.100339999999999763e-01 0.000000000000000000e+00 1.186679999999999957e+00 6.989139999999999908e+00
3.102836999999999956e-01 0.000000000000000000e+00 1.186609000000000025e+00 6.988923999999999914e+00
3.105334000000000150e-01 0.000000000000000000e+00 1.186536999999999953e+00 6.988711000000000340e+00
3.107830999999999788e-01 0.000000000000000000e+00 1.186465999999999799e+00 6.988499000000000017e+00
3.110327999999999982e-01 0.000000000000000000e+00 1.186393999999999949e+00 6.988290000000000113e+00
3.112825000000000175e-01 0.000000000000000000e+00 1.186321999999999877e+00 6.988082999999999601e+00
3.115321999999999814e-01 0.000000000000000000e+00 1.186250000000000027e+00 6.987877000000000116e+00
3.117820000000000036e-01 0.000000000000000000e+00 1.186178000000000177e+00 6.987674000000000163e+00
3.120317000000000229e-01 0.000000000000000000e+00 1.186106000000000105e+00 6.987472999999999601e+00
3.122813999999999868e-01 0.000000000000000000e+00 1.186032999999999893e+00 6.987274000000000207e+00
3.125311000000000061e-01 0.000000000000000000e+00 1.185961000000000043e+00 6.987077000000000204e+00
3.127808000000000255e-01 0.000000000000000000e+00 1.185887999999999831e+00 6.986881999999999593e+00
3.130304999999999893e-01 0.000000000000000000e+00 1.185815000000000063e+00 6.986689000000000149e+00
3.132802000000000087e-01 0.000000000000000000e+00 1.185741999999999852e+00 6.986499000000000237e+00
3.135299999999999754e-01 0.000000000000000000e+00 1.185669000000000084e+00 6.986309999999999576e+00
3.137796999999999947e-01 0.000000000000000000e+00 1.185596000000000094e+00 6.986123000000000083e+00
3.140294000000000141e-01 0.000000000000000000e+00 1.185521999999999965e+00 6.985937999999999981e+00
3.142790999999999779e-01 0.000000000000000000e+00 1.185448999999999975e+00 6.985756000000000299e+00
3.145287999999999973e-01 0.000000000000000000e+00 1.185375000000000068e+00 6.985574999999999868e+00
3.147785000000000166e-01 0.000000000000000000e+00 1.185300999999999938e+00 6.985396999999999856e+00
3.150281999999999805e-01 0.000000000000000000e+00 1.185227000000000031e+00 6.985219999999999985e+00
3.152778999999999998e-01 0.000000000000000000e+00 1.185153000000000123e+00 6.985045999999999644e+00
3.155277000000000220e-01 0.000000000000000000e+00 1.185078999999999994e+00 6.984873000000000332e+00
3.157773999999999859e-01 0.000000000000000000e+00 1.185003999999999946e+00 6.984702999999999662e+00
3.160271000000000052e-01 0.000000000000000000e+00 1.184930000000000039e+00 6.984535000000000160e+00
3.162768000000000246e-01 0.000000000000000000e+00 1.184854999999999992e+00 6.984367999999999910e+00
3.165264999999999884e-01 0.000000000000000000e+00 1.184779999999999944e+00 6.984204000000000079e+00
3.167762000000000078e-01 0.000000000000000000e+00 1.184704999999999897e+00 6.984041999999999639e+00
3.170259000000000271e-01 0.000000000000000000e+00 1.184630000000000072e+00 6.983881000000000228e+00
3.172756999999999938e-01 0.000000000000000000e+00 1.184555000000000025e+00 6.983723000000000347e+00
3.175254000000000132e-01 0.000000000000000000e+00 1.184479000000000060e+00 6.983566999999999858e+00
3.177750999999999770e-01 0.000000000000000000e+00 1.184404000000000012e+00 6.983412000000000397e+00
3.180247999999999964e-01 0.000000000000000000e+00 1.184328000000000047e+00 6.983259999999999579e+00
3.182745000000000157e-01 0.000000000000000000e+00 1.184251999999999860e+00 6.983109999999999928e+00
3.185241999999999796e-01 0.000000000000000000e+00 1.184175999999999895e+00 6.982961999999999669e+00
3.187738999999999989e-01 0.000000000000000000e+00 1.184099999999999930e+00 6.982815000000000438e+00
3.190236000000000183e-01 0.000000000000000000e+00 1.184023999999999965e+00 6.982670999999999850e+00
3.192733999999999850e-01 0.000000000000000000e+00 1.183946999999999861e+00 6.982529000000000430e+00
3.195231000000000043e-01 0.000000000000000000e+00 1.183871000000000118e+00 6.982388000000000261e+00
3.197728000000000237e-01 0.000000000000000000e+00 1.183794000000000013e+00 6.982249999999999623e+00
3.200224999999999875e-01 0.000000000000000000e+00 1.183717000000000130e+00 6.982114000000000154e+00
3.202722000000000069e-01 0.000000000000000000e+00 1.183640000000000025e+00 6.981978999999999935e+00
3.205219000000000262e-01 0.000000000000000000e+00 1.183563000000000143e+00 6.981847000000000136e+00
3.207715999999999901e-01 0.000000000000000000e+00 1.183484999999999898e+00 6.981716999999999729e+00
3.210214000000000123e-01 0.000000000000000000e+00 1.183407999999999793e+00 6.981588000000000349e+00
3.212710999999999761e-01 0.000000000000000000e+00 1.183329999999999993e+00 6.981461999999999612e+00
3.215207999999999955e-01 0.000000000000000000e+00 1.183252999999999888e+00 6.981336999999999904e+00
3.217705000000000148e-01 0.000000000000000000e+00 1.183174999999999866e+00 6.981214999999999726e+00
3.220201999999999787e-01 0.000000000000000000e+00 1.183097000000000065e+00 6.981093999999999689e+00
3.222698999999999980e-01 0.000000000000000000e+00 1.183018000000000125e+00 6.980976000000000070e+00
3.225196000000000174e-01 0.000000000000000000e+00 1.182940000000000103e+00 6.980858999999999703e+00
3.227693999999999841e-01 0.000000000000000000e+00 1.182861000000000162e+00 6.980743999999999616e+00
3.230191000000000034e-01 0.000000000000000000e+00 1.182782999999999918e+00 6.980631999999999948e+00
3.232688000000000228e-01 0.000000000000000000e+00 1.182703999999999978e+00 6.980521000000000420e+00
3.235184999999999866e-01 0.000000000000000000e+00 1.182625000000000037e+00 6.980412000000000283e+00
3.237682000000000060e-01 0.000000000000000000e+00 1.182546000000000097e+00 6.980305000000000426e+00
3.240179000000000253e-01 0.000000000000000000e+00 1.182467000000000157e+00 6.980199999999999960e+00
3.242675999999999892e-01 0.000000000000000000e+00 1.182386999999999855e+00 6.980096999999999774e+00
3.245173000000000085e-01 0.000000000000000000e+00 1.182307999999999915e+00 6.979995999999999867e+00
3.247670999999999752e-01 0.000000000000000000e+00 1.182228000000000057e+00 6.979896000000000100e+00
3.250167999999999946e-01 0.000000000000000000e+00 1.182147999999999977e+00 6.979798999999999864e+00
3.252665000000000139e-01 0.000000000000000000e+00 1.182067999999999897e+00 6.979703999999999908e+00
3.255161999999999778e-01 0.000000000000000000e+00 1.181988000000000039e+00 6.979610000000000092e+00
3.257658999999999971e-01 0.000000000000000000e+00 1.181906999999999819e+00 6.979518999999999807e+00
3.260156000000000165e-01 0.000000000000000000e+00 1.181826999999999961e+00 6.979428999999999661e+00
3.262652999999999803e-01 0.000000000000000000e+00 1.181746000000000185e+00 6.979340999999999795e+00
3.265151000000000026e-01 0.000000000000000000e+00 1.181665999999999883e+00 6.979256000000000348e+00
3.267648000000000219e-01 0.000000000000000000e+00 1.181585000000000107e+00 6.979172000000000153e+00
3.270144999999999857e-01 0.000000000000000000e+00 1.181502999999999970e+00 6.979090000000000238e+00
3.272642000000000051e-01 0.000000000000000000e+00 1.181421999999999972e+00 6.979009999999999714e+00
3.275139000000000244e-01 0.000000000000000000e+00 1.181340999999999974e+00 6.978931000000000218e+00
3.277635999999999883e-01 0.000000000000000000e+00 1.181259000000000059e+00 6.978855000000000253e+00
3.280133000000000076e-01 0.000000000000000000e+00 1.181178000000000061e+00 6.978780999999999679e+00
3.282630000000000270e-01 0.000000000000000000e+00 1.181095999999999924e+00 6.978708000000000133e+00
3.285127999999999937e-01 0.000000000000000000e+00 1.181013999999999786e+00 6.978636999999999979e+00
3.287625000000000131e-01 0.000000000000000000e+00 1.180932000000000093e+00 6.978568000000000104e+00
3.290121999999999769e-01 0.000000000000000000e+00 1.180849000000000038e+00 6.978500999999999621e+00
3.292618999999999962e-01 0.000000000000000000e+00 1.180767000000000122e+00 6.978436000000000305e+00
3.295116000000000156e-01 0.000000000000000000e+00 1.180684000000000067e+00 6.978373000000000381e+00
3.297612999999999794e-01 0.000000000000000000e+00 1.180601000000000012e+00 6.978311999999999848e+00
3.300109999999999988e-01 0.000000000000000000e+00 1.180517999999999956e+00 6.978252000000000344e+00
3.302608000000000210e-01 0.000000000000000000e+00 1.180434999999999901e+00 6.978195000000000370e+00
3.305104999999999849e-01 0.000000000000000000e+00 1.180352000000000068e+00 6.978138999999999648e+00
3.307602000000000042e-01 0.000000000000000000e+00 1.180269000000000013e+00 6.978085000000000093e+00
3.310099000000000236e-01 0.000000000000000000e+00 1.180185000000000040e+00 6.978032999999999930e+00
3.312595999999999874e-01 0.000000000000000000e+00 1.180101000000000067e+00 6.977981999999999907e+00
3.315093000000000067e-01 0.000000000000000000e+00 1.180017000000000094e+00 6.977934000000000303e+00
3.317590000000000261e-01 0.000000000000000000e+00 1.179932999999999899e+00 6.977886999999999951e+00
3.320086999999999899e-01 0.000000000000000000e+00 1.179848999999999926e+00 6.977841999999999878e+00
3.322585000000000122e-01 0.000000000000000000e+00 1.179765000000000175e+00 6.977799000000000085e+00
3.325081999999999760e-01 0.000000000000000000e+00 1.179680000000000062e+00 6.977757999999999683e+00
3.327578999999999954e-01 0.000000000000000000e+00 1.179596000000000089e+00 6.977718999999999561e+00
3.330076000000000147e-01 0.000000000000000000e+00 1.179510999999999976e+00 6.977680999999999578e+00
3.332572999999999785e-01 0.000000000000000000e+00 1.179425999999999863e+00 6.977646000000000015e+00
3.335069999999999979e-01 0.000000000000000000e+00 1.179340999999999973e+00 6.977611999999999703e+00
3.337567000000000172e-01 0.000000000000000000e+00 1.179255000000000164e+00 6.977579999999999671e+00
3.340064999999999840e-01 0.000000000000000000e+00 1.179170000000000051e+00 6.977548999999999779e+00
3.342562000000000033e-01 0.000000000000000000e+00 1.179084000000000021e+00 6.977521000000000306e+00
3.345059000000000227e-01 0.000000000000000000e+00 1.178997999999999990e+00 6.977494000000000085e+00
3.347555999999999865e-01 0.000000000000000000e+00 1.178911999999999960e+00 6.977469000000000143e+00
3.350053000000000059e-01 0.000000000000000000e+00 1.178825999999999929e+00 6.977445999999999593e+00
3.352550000000000252e-01 0.000000000000000000e+00 1.178739999999999899e+00 6.977425000000000210e+00
3.355046999999999890e-01 0.000000000000000000e+00 1.178654000000000091e+00 6.977405000000000079e+00
3.357545000000000113e-01 0.000000000000000000e+00 1.178566999999999920e+00 6.977387000000000228e+00
3.360041999999999751e-01 0.000000000000000000e+00 1.178479999999999972e+00 6.977370999999999768e+00
3.362538999999999945e-01 0.000000000000000000e+00 1.178393000000000024e+00 6.977356999999999587e+00
3.365036000000000138e-01 0.000000000000000000e+00 1.178306000000000076e+00 6.977344000000000435e+00
3.367532999999999777e-01 0.000000000000000000e+00 1.178219000000000127e+00 6.977332999999999785e+00
3.370029999999999970e-01 0.000000000000000000e+00 1.178131999999999957e+00 6.977324000000000304e+00
3.372527000000000164e-01 0.000000000000000000e+00 1.178044000000000091e+00 6.977317000000000213e+00
3.375023999999999802e-01 0.000000000000000000e+00 1.177956000000000003e+00 6.977311000000000263e+00
3.377522000000000024e-01 0.000000000000000000e+00 1.177867999999999915e+00 6.977307999999999844e+00
3.380019000000000218e-01 0.000000000000000000e+00 1.177780000000000049e+00 6.977305999999999564e+00
3.382515999999999856e-01 0.000000000000000000e+00 1.177691999999999961e+00 6.977305000000000312e+00
3.385013000000000050e-01 0.000000000000000000e+00 1.177604000000000095e+00 6.977306999999999704e+00
3.387510000000000243e-01 0.000000000000000000e+00 1.177515000000000089e+00 6.977310000000000123e+00
3.390006999999999882e-01 0.000000000000000000e+00 1.177425999999999862e+00 6.977313999999999794e+00
3.392504000000000075e-01 0.000000000000000000e+00 1.177337999999999996e+00 6.977320999999999884e+00
3.395001999999999742e-01 0.000000000000000000e+00 1.177248999999999990e+00 6.977329000000000114e+00
3.397498999999999936e-01 0.000000000000000000e+00 1.177159000000000066e+00 6.977338999999999736e+00
3.399996000000000129e-01 0.000000000000000000e+00 1.177069999999999839e+00 6.977350999999999637e+00
3.402492999999999768e-01 0.000000000000000000e+00 1.176979999999999915e+00 6.977363999999999677e+00
3.404989999999999961e-01 0.000000000000000000e+00 1.176891000000000131e+00 6.977378999999999998e+00
3.407487000000000155e-01 0.000000000000000000e+00 1.176800999999999986e+00 6.977395999999999709e+00
3.409983999999999793e-01 0.000000000000000000e+00 1.176711000000000062e+00 6.977413999999999561e+00
3.412480999999999987e-01 0.000000000000000000e+00 1.176621000000000139e+00 6.977433999999999692e+00
3.414979000000000209e-01 0.000000000000000000e+00 1.176530000000000076e+00 6.977456000000000103e+00
3.417475999999999847e-01 0.000000000000000000e+00 1.176440000000000152e+00 6.977479999999999905e+00
3.419973000000000041e-01 0.000000000000000000e+00 1.176348999999999867e+00 6.977504999999999846e+00
3.422470000000000234e-01 0.000000000000000000e+00 1.176258000000000026e+00 6.977530999999999928e+00
3.424966999999999873e-01 0.000000000000000000e+00 1.176166999999999963e+00 6.977560000000000429e+00
3.427464000000000066e-01 0.000000000000000000e+00 1.176076000000000121e+00 6.977590000000000181e+00
3.429961000000000260e-01 0.000000000000000000e+00 1.175984999999999836e+00 6.977622000000000213e+00
3.432458999999999927e-01 0.000000000000000000e+00 1.175893000000000077e+00 6.977655000000000385e+00
3.434956000000000120e-01 0.000000000000000000e+00 1.175802000000000014e+00 6.977689999999999948e+00
3.437452999999999759e-01 0.000000000000000000e+00 1.175710000000000033e+00 6.977726999999999791e+00
3.439949999999999952e-01 0.000000000000000000e+00 1.175617999999999830e+00 6.977764999999999773e+00
3.442447000000000146e-01 0.000000000000000000e+00 1.175525000000000153e+00 6.977805000000000035e+00
3.444943999999999784e-01 0.000000000000000000e+00 1.175432999999999950e+00 6.977846999999999689e+00
3.447440999999999978e-01 0.000000000000000000e+00 1.175340999999999969e+00 6.977890000000000370e+00
3.449938000000000171e-01 0.000000000000000000e+00 1.175248000000000070e+00 6.977934000000000303e+00
3.452435999999999838e-01 0.000000000000000000e+00 1.175154999999999950e+00 6.977980999999999767e+00
3.454933000000000032e-01 0.000000000000000000e+00 1.175061999999999829e+00 6.978029000000000259e+00
3.457430000000000225e-01 0.000000000000000000e+00 1.174969000000000152e+00 6.978078000000000003e+00
3.459926999999999864e-01 0.000000000000000000e+00 1.174874999999999892e+00 6.978130000000000166e+00
3.462424000000000057e-01 0.000000000000000000e+00 1.174781999999999993e+00 6.978182000000000329e+00
3.464921000000000251e-01 0.000000000000000000e+00 1.174688000000000176e+00 6.978237000000000023e+00
3.467417999999999889e-01 0.000000000000000000e+00 1.174594000000000138e+00 6.978292999999999857e+00
3.469916000000000111e-01 0.000000000000000000e+00 1.174500000000000099e+00 6.978349999999999831e+00
3.472412999999999750e-01 0.000000000000000000e+00 1.174405999999999839e+00 6.978409000000000084e+00
3.474909999999999943e-01 0.000000000000000000e+00 1.174310999999999883e+00 6.978469999999999729e+00
3.477407000000000137e-01 0.000000000000000000e+00 1.174217000000000066e+00 6.978532000000000401e+00
3.479903999999999775e-01 0.000000000000000000e+00 1.174122000000000110e+00 6.978595999999999577e+00
3.482400999999999969e-01 0.000000000000000000e+00 1.174027000000000154e+00 6.978660999999999781e+00
3.484898000000000162e-01 0.000000000000000000e+00 1.173931999999999976e+00 6.978728000000000264e+00
3.487394999999999801e-01 0.000000000000000000e+00 1.173837000000000019e+00 6.978797000000000139e+00
3.489893000000000023e-01 0.000000000000000000e+00 1.173740999999999923e+00 6.978867000000000154e+00
3.492390000000000216e-01 0.000000000000000000e+00 1.173645999999999967e+00 6.978938000000000308e+00
3.494886999999999855e-01 0.000000000000000000e+00 1.173549999999999871e+00 6.979010999999999854e+00
3.497384000000000048e-01 0.000000000000000000e+00 1.173453999999999997e+00 6.979085999999999679e+00
3.499881000000000242e-01 0.000000000000000000e+00 1.173357999999999901e+00 6.979161999999999644e+00
3.502377999999999880e-01 0.000000000000000000e+00 1.173262000000000027e+00 6.979238999999999749e+00
3.504875000000000074e-01 0.000000000000000000e+00 1.173165000000000013e+00 6.979319000000000273e+00
3.507372999999999741e-01 0.000000000000000000e+00 1.173068999999999917e+00 6.979398999999999909e+00
3.509869999999999934e-01 0.000000000000000000e+00 1.172971999999999904e+00 6.979480999999999824e+00
3.512367000000000128e-01 0.000000000000000000e+00 1.172874999999999890e+00 6.979565000000000019e+00
3.514863999999999766e-01 0.000000000000000000e+00 1.172778000000000098e+00 6.979650000000000354e+00
3.517360999999999960e-01 0.000000000000000000e+00 1.172680000000000167e+00 6.979737000000000080e+00
3.519858000000000153e-01 0.000000000000000000e+00 1.172583000000000153e+00 6.979824999999999946e+00
3.522354999999999792e-01 0.000000000000000000e+00 1.172484999999999999e+00 6.979913999999999952e+00
3.524853000000000014e-01 0.000000000000000000e+00 1.172386999999999846e+00 6.980005000000000237e+00
3.527350000000000207e-01 0.000000000000000000e+00 1.172288999999999914e+00 6.980097999999999914e+00
3.529846999999999846e-01 0.000000000000000000e+00 1.172190999999999983e+00 6.980191999999999730e+00
3.532344000000000039e-01 0.000000000000000000e+00 1.172093000000000051e+00 6.980286999999999686e+00
3.534841000000000233e-01 0.000000000000000000e+00 1.171993999999999980e+00 6.980383999999999922e+00
3.537337999999999871e-01 0.000000000000000000e+00 1.171894999999999909e+00 6.980482000000000298e+00
3.539835000000000065e-01 0.000000000000000000e+00 1.171796999999999978e+00 6.980582000000000065e+00
3.542332000000000258e-01 0.000000000000000000e+00 1.171696999999999989e+00 6.980682999999999971e+00
3.544829999999999925e-01 0.000000000000000000e+00 1.171597999999999917e+00 6.980786000000000158e+00
3.547327000000000119e-01 0.000000000000000000e+00 1.171499000000000068e+00 6.980889999999999596e+00
3.549823999999999757e-01 0.000000000000000000e+00 1.171398999999999857e+00 6.980995000000000061e+00
3.552320999999999951e-01 0.000000000000000000e+00 1.171298999999999868e+00 6.981101999999999919e+00
3.554818000000000144e-01 0.000000000000000000e+00 1.171199000000000101e+00 6.981209999999999916e+00
3.557314999999999783e-01 0.000000000000000000e+00 1.171098999999999890e+00 6.981320000000000192e+00
3.559811999999999976e-01 0.000000000000000000e+00 1.170999000000000123e+00 6.981430999999999720e+00
3.562310000000000199e-01 0.000000000000000000e+00 1.170897999999999994e+00 6.981544000000000416e+00
3.564806999999999837e-01 0.000000000000000000e+00 1.170798000000000005e+00 6.981658000000000364e+00
3.567304000000000030e-01 0.000000000000000000e+00 1.170696999999999877e+00 6.981772999999999563e+00
3.569801000000000224e-01 0.000000000000000000e+00 1.170595999999999970e+00 6.981888999999999790e+00
3.572297999999999862e-01 0.000000000000000000e+00 1.170494999999999841e+00 6.982007000000000296e+00
3.574795000000000056e-01 0.000000000000000000e+00 1.170393000000000017e+00 6.982127000000000194e+00
3.577292000000000249e-01 0.000000000000000000e+00 1.170291999999999888e+00 6.982247000000000092e+00
3.579788999999999888e-01 0.000000000000000000e+00 1.170190000000000063e+00 6.982370000000000410e+00
3.582287000000000110e-01 0.000000000000000000e+00 1.170088000000000017e+00 6.982492999999999839e+00
3.584783999999999748e-01 0.000000000000000000e+00 1.169986000000000193e+00 6.982618000000000436e+00
3.587280999999999942e-01 0.000000000000000000e+00 1.169883999999999924e+00 6.982744000000000284e+00
3.589778000000000135e-01 0.000000000000000000e+00 1.169780999999999960e+00 6.982871000000000272e+00
3.592274999999999774e-01 0.000000000000000000e+00 1.169679000000000135e+00 6.982999999999999652e+00
3.594771999999999967e-01 0.000000000000000000e+00 1.169575999999999949e+00 6.983130000000000059e+00
3.597269000000000161e-01 0.000000000000000000e+00 1.169472999999999985e+00 6.983261999999999858e+00
3.599766999999999828e-01 0.000000000000000000e+00 1.169369999999999798e+00 6.983393999999999657e+00
3.602264000000000022e-01 0.000000000000000000e+00 1.169266000000000139e+00 6.983528999999999876e+00
3.604761000000000215e-01 0.000000000000000000e+00 1.169162999999999952e+00 6.983664000000000094e+00
3.607257999999999853e-01 0.000000000000000000e+00 1.169059000000000070e+00 6.983800999999999704e+00
3.609755000000000047e-01 0.000000000000000000e+00 1.168954999999999966e+00 6.983938000000000201e+00
3.612252000000000240e-01 0.000000000000000000e+00 1.168851000000000084e+00 6.984078000000000230e+00
3.614748999999999879e-01 0.000000000000000000e+00 1.168746999999999980e+00 6.984218000000000259e+00
3.617246000000000072e-01 0.000000000000000000e+00 1.168641999999999959e+00 6.984359999999999680e+00
3.619743999999999740e-01 0.000000000000000000e+00 1.168538000000000077e+00 6.984503000000000128e+00
3.622240999999999933e-01 0.000000000000000000e+00 1.168433000000000055e+00 6.984646999999999828e+00
3.624738000000000127e-01 0.000000000000000000e+00 1.168328000000000033e+00 6.984792999999999807e+00
3.627234999999999765e-01 0.000000000000000000e+00 1.168223000000000011e+00 6.984939999999999927e+00
3.629731999999999958e-01 0.000000000000000000e+00 1.168117000000000072e+00 6.985088000000000186e+00
3.632229000000000152e-01 0.000000000000000000e+00 1.168012000000000050e+00 6.985236999999999696e+00
3.634725999999999790e-01 0.000000000000000000e+00 1.167905999999999889e+00 6.985388000000000375e+00
3.637224000000000013e-01 0.000000000000000000e+00 1.167799999999999949e+00 6.985540000000000305e+00
3.639721000000000206e-01 0.000000000000000000e+00 1.167694000000000010e+00 6.985693000000000374e+00
3.642217999999999845e-01 0.000000000000000000e+00 1.167588000000000070e+00 6.985846999999999696e+00
3.644715000000000038e-01 0.000000000000000000e+00 1.167480999999999991e+00 6.986002000000000045e+00
3.647212000000000232e-01 0.000000000000000000e+00 1.167375000000000052e+00 6.986158999999999786e+00
3.649708999999999870e-01 0.000000000000000000e+00 1.167267999999999972e+00 6.986316999999999666e+00
3.652206000000000063e-01 0.000000000000000000e+00 1.167161000000000115e+00 6.986475999999999686e+00
3.654703000000000257e-01 0.000000000000000000e+00 1.167054000000000036e+00 6.986636999999999986e+00
3.657200999999999924e-01 0.000000000000000000e+00 1.166946999999999957e+00 6.986798000000000286e+00
3.659698000000000118e-01 0.000000000000000000e+00 1.166838999999999960e+00 6.986960999999999977e+00
3.662194999999999756e-01 0.000000000000000000e+00 1.166730999999999963e+00 6.987124999999999808e+00
3.664691999999999950e-01 0.000000000000000000e+00 1.166622999999999966e+00 6.987289999999999779e+00
3.667189000000000143e-01 0.000000000000000000e+00 1.166515000000000191e+00 6.987455999999999889e+00
3.669685999999999781e-01 0.000000000000000000e+00 1.166406999999999972e+00 6.987623000000000140e+00
3.672182999999999975e-01 0.000000000000000000e+00 1.166298000000000057e+00 6.987791999999999781e+00
3.674681000000000197e-01 0.000000000000000000e+00 1.166190000000000060e+00 6.987961999999999563e+00
3.677177999999999836e-01 0.000000000000000000e+00 1.166080999999999923e+00 6.988133000000000372e+00
3.679675000000000029e-01 0.000000000000000000e+00 1.165972000000000008e+00 6.988305000000000433e+00
3.682172000000000223e-01 0.000000000000000000e+00 1.165863000000000094e+00 6.988477999999999746e+00
3.684668999999999861e-01 0.000000000000000000e+00 1.165753000000000039e+00 6.988652000000000086e+00
3.687166000000000055e-01 0.000000000000000000e+00 1.165643999999999902e+00 6.988827999999999818e+00
3.689663000000000248e-01 0.000000000000000000e+00 1.165534000000000070e+00 6.989004000000000438e+00
3.692160999999999915e-01 0.000000000000000000e+00 1.165424000000000015e+00 6.989181999999999562e+00
3.694658000000000109e-01 0.000000000000000000e+00 1.165314000000000183e+00 6.989360999999999713e+00
3.697154999999999747e-01 0.000000000000000000e+00 1.165202999999999989e+00 6.989541000000000004e+00
3.699651999999999941e-01 0.000000000000000000e+00 1.165093000000000156e+00 6.989722000000000435e+00
3.702149000000000134e-01 0.000000000000000000e+00 1.164981999999999962e+00 6.989904000000000117e+00
3.704645999999999773e-01 0.000000000000000000e+00 1.164870999999999990e+00 6.990088000000000079e+00
3.707142999999999966e-01 0.000000000000000000e+00 1.164760000000000018e+00 6.990272000000000041e+00
3.709640000000000160e-01 0.000000000000000000e+00 1.164648999999999823e+00 6.990458000000000283e+00
3.712137999999999827e-01 0.000000000000000000e+00 1.164536999999999933e+00 6.990643999999999636e+00
3.714635000000000020e-01 0.000000000000000000e+00 1.164425999999999961e+00 6.990832000000000157e+00
3.717132000000000214e-01 0.000000000000000000e+00 1.164314000000000071e+00 6.991020999999999930e+00
3.719628999999999852e-01 0.000000000000000000e+00 1.164201999999999959e+00 6.991209999999999702e+00
3.722126000000000046e-01 0.000000000000000000e+00 1.164089999999999847e+00 6.991400999999999755e+00
3.724623000000000239e-01 0.000000000000000000e+00 1.163977000000000039e+00 6.991592999999999947e+00
3.727119999999999878e-01 0.000000000000000000e+00 1.163864000000000010e+00 6.991786000000000278e+00
3.729618000000000100e-01 0.000000000000000000e+00 1.163751999999999898e+00 6.991979999999999862e+00
3.732114999999999738e-01 0.000000000000000000e+00 1.163638999999999868e+00 6.992174999999999585e+00
3.734611999999999932e-01 0.000000000000000000e+00 1.163525000000000142e+00 6.992371000000000336e+00
3.737109000000000125e-01 0.000000000000000000e+00 1.163412000000000113e+00 6.992568000000000339e+00
3.739605999999999764e-01 0.000000000000000000e+00 1.163297999999999943e+00 6.992766999999999733e+00
3.742102999999999957e-01 0.000000000000000000e+00 1.163183999999999996e+00 6.992966000000000015e+00
3.744600000000000151e-01 0.000000000000000000e+00 1.163069999999999826e+00 6.993166000000000437e+00
3.747096999999999789e-01 0.000000000000000000e+00 1.162955999999999879e+00 6.993367000000000111e+00
3.749595000000000011e-01 0.000000000000000000e+00 1.162842000000000153e+00 6.993570000000000064e+00
3.752092000000000205e-01 0.000000000000000000e+00 1.162727000000000066e+00 6.993773000000000017e+00
3.754588999999999843e-01 0.000000000000000000e+00 1.162613000000000119e+00 6.993977000000000110e+00
3.757086000000000037e-01 0.000000000000000000e+00 1.162498000000000031e+00 6.994182000000000343e+00
3.759583000000000230e-01 0.000000000000000000e+00 1.162382000000000026e+00 6.994387999999999828e+00
3.762079999999999869e-01 0.000000000000000000e+00 1.162267000000000161e+00 6.994595999999999592e+00
3.764577000000000062e-01 0.000000000000000000e+00 1.162151000000000156e+00 6.994804000000000244e+00
3.767074999999999729e-01 0.000000000000000000e+00 1.162036000000000069e+00 6.995013000000000147e+00
3.769571999999999923e-01 0.000000000000000000e+00 1.161920000000000064e+00 6.995223000000000191e+00
3.772069000000000116e-01 0.000000000000000000e+00 1.161803000000000141e+00 6.995434000000000374e+00
3.774565999999999755e-01 0.000000000000000000e+00 1.161686999999999914e+00 6.995645999999999809e+00
3.777062999999999948e-01 0.000000000000000000e+00 1.161570999999999909e+00 6.995859000000000272e+00
3.779560000000000142e-01 0.000000000000000000e+00 1.161453999999999986e+00 6.996072999999999986e+00
3.782056999999999780e-01 0.000000000000000000e+00 1.161337000000000064e+00 6.996287999999999840e+00
3.784553999999999974e-01 0.000000000000000000e+00 1.161219999999999919e+00 6.996503999999999834e+00
3.787052000000000196e-01 0.000000000000000000e+00 1.161102000000000078e+00 6.996720999999999968e+00
3.789548999999999834e-01 0.000000000000000000e+00 1.160984999999999934e+00 6.996938000000000102e+00
3.792046000000000028e-01 0.000000000000000000e+00 1.160866999999999871e+00 6.997156999999999627e+00
3.794543000000000221e-01 0.000000000000000000e+00 1.160749000000000031e+00 6.997376000000000040e+00
3.797039999999999860e-01 0.000000000000000000e+00 1.160631000000000190e+00 6.997596999999999845e+00
3.799537000000000053e-01 0.000000000000000000e+00 1.160511999999999988e+00 6.997817999999999650e+00
3.802034000000000247e-01 0.000000000000000000e+00 1.160393999999999926e+00 6.998039999999999594e+00
3.804531999999999914e-01 0.000000000000000000e+00 1.160275000000000167e+00 6.998262999999999678e+00
3.807029000000000107e-01 0.000000000000000000e+00 1.160155999999999965e+00 6.998486999999999902e+00
3.809525999999999746e-01 0.000000000000000000e+00 1.160036999999999985e+00 6.998712000000000266e+00
3.812022999999999939e-01 0.000000000000000000e+00 1.159916999999999865e+00 6.998937999999999882e+00
3.814520000000000133e-01 0.000000000000000000e+00 1.159798000000000107e+00 6.999164000000000385e+00
3.817016999999999771e-01 0.000000000000000000e+00 1.159678000000000209e+00 6.999392000000000280e+00
3.819513999999999965e-01 0.000000000000000000e+00 1.159558000000000089e+00 6.999620000000000175e+00
3.822011000000000158e-01 0.000000000000000000e+00 1.159438000000000191e+00 6.999849000000000210e+00
3.824508999999999825e-01 0.000000000000000000e+00 1.159316999999999931e+00 7.000079000000000384e+00
3.827006000000000019e-01 0.000000000000000000e+00 1.159196999999999811e+00 7.000309999999999810e+00
3.829503000000000212e-01 0.000000000000000000e+00 1.159075999999999995e+00 7.000542000000000264e+00
3.831999999999999851e-01 0.000000000000000000e+00 1.158954999999999957e+00 7.000773999999999830e+00
3.834497000000000044e-01 0.000000000000000000e+00 1.158834000000000142e+00 7.001007999999999676e+00
3.836994000000000238e-01 0.000000000000000000e+00 1.158711999999999964e+00 7.001242000000000409e+00
3.839490999999999876e-01 0.000000000000000000e+00 1.158590000000000009e+00 7.001477000000000395e+00
3.841989000000000098e-01 0.000000000000000000e+00 1.158468999999999971e+00 7.001712999999999631e+00
3.844485999999999737e-01 0.000000000000000000e+00 1.158346000000000098e+00 7.001948999999999756e+00
3.846982999999999930e-01 0.000000000000000000e+00 1.158223999999999920e+00 7.002187000000000161e+00
3.849480000000000124e-01 0.000000000000000000e+00 1.158102000000000187e+00 7.002424999999999677e+00
3.851976999999999762e-01 0.000000000000000000e+00 1.157979000000000092e+00 7.002664000000000222e+00
3.854473999999999956e-01 0.000000000000000000e+00 1.157855999999999996e+00 7.002904000000000018e+00
3.856971000000000149e-01 0.000000000000000000e+00 1.157732999999999901e+00 7.003143999999999814e+00
3.859468999999999816e-01 0.000000000000000000e+00 1.157609999999999806e+00 7.003385999999999889e+00
3.861966000000000010e-01 0.000000000000000000e+00 1.157486000000000015e+00 7.003627999999999965e+00
3.864463000000000203e-01 0.000000000000000000e+00 1.157362000000000002e+00 7.003871000000000180e+00
3.866959999999999842e-01 0.000000000000000000e+00 1.157237999999999989e+00 7.004114000000000395e+00
3.869457000000000035e-01 0.000000000000000000e+00 1.157113999999999976e+00 7.004359000000000002e+00
3.871954000000000229e-01 0.000000000000000000e+00 1.156989999999999963e+00 7.004603999999999608e+00
3.874450999999999867e-01 0.000000000000000000e+00 1.156865000000000032e+00 7.004850000000000243e+00
3.876948000000000061e-01 0.000000000000000000e+00 1.156740000000000101e+00 7.005095999999999989e+00
3.879445999999999728e-01 0.000000000000000000e+00 1.156614999999999949e+00 7.005342999999999876e+00
3.881942999999999921e-01 0.000000000000000000e+00 1.156490000000000018e+00 7.005590999999999902e+00
3.884440000000000115e-01 0.000000000000000000e+00 1.156363999999999947e+00 7.005840000000000067e+00
3.886936999999999753e-01 0.000000000000000000e+00 1.156239000000000017e+00 7.006090000000000373e+00
3.889433999999999947e-01 0.000000000000000000e+00 1.156112999999999946e+00 7.006339999999999790e+00
3.891931000000000140e-01 0.000000000000000000e+00 1.155987000000000098e+00 7.006591000000000236e+00
3.894427999999999779e-01 0.000000000000000000e+00 1.155859999999999888e+00 7.006841999999999793e+00
3.896926000000000001e-01 0.000000000000000000e+00 1.155733999999999817e+00 7.007094000000000378e+00
3.899423000000000195e-01 0.000000000000000000e+00 1.155607000000000051e+00 7.007347000000000214e+00
3.901919999999999833e-01 0.000000000000000000e+00 1.155480000000000063e+00 7.007601000000000191e+00
3.904417000000000026e-01 0.000000000000000000e+00 1.155353000000000074e+00 7.007855000000000167e+00
3.906914000000000220e-01 0.000000000000000000e+00 1.155224999999999946e+00 7.008110000000000284e+00
3.909410999999999858e-01 0.000000000000000000e+00 1.155097999999999958e+00 7.008365999999999651e+00
3.911908000000000052e-01 0.000000000000000000e+00 1.154970000000000052e+00 7.008621999999999908e+00
3.914405000000000245e-01 0.000000000000000000e+00 1.154842000000000146e+00 7.008879000000000303e+00
3.916902999999999913e-01 0.000000000000000000e+00 1.154714000000000018e+00 7.009136999999999951e+00
3.919400000000000106e-01 0.000000000000000000e+00 1.154584999999999972e+00 7.009394999999999598e+00
3.921896999999999744e-01 0.000000000000000000e+00 1.154455999999999927e+00 7.009654000000000273e+00
3.924393999999999938e-01 0.000000000000000000e+00 1.154327000000000103e+00 7.009913000000000061e+00
3.926891000000000131e-01 0.000000000000000000e+00 1.154198000000000057e+00 7.010172999999999988e+00
3.929387999999999770e-01 0.000000000000000000e+00 1.154069000000000011e+00 7.010434000000000054e+00
3.931884999999999963e-01 0.000000000000000000e+00 1.153939000000000048e+00 7.010695000000000121e+00
3.934383000000000186e-01 0.000000000000000000e+00 1.153808999999999862e+00 7.010957000000000328e+00
3.936879999999999824e-01 0.000000000000000000e+00 1.153679000000000121e+00 7.011218999999999646e+00
3.939377000000000018e-01 0.000000000000000000e+00 1.153548999999999936e+00 7.011483000000000132e+00
3.941874000000000211e-01 0.000000000000000000e+00 1.153419000000000194e+00 7.011745999999999590e+00
3.944370999999999849e-01 0.000000000000000000e+00 1.153288000000000091e+00 7.012010000000000076e+00
3.946868000000000043e-01 0.000000000000000000e+00 1.153156999999999988e+00 7.012274999999999814e+00
3.949365000000000236e-01 0.000000000000000000e+00 1.153026000000000106e+00 7.012540999999999691e+00
3.951861999999999875e-01 0.000000000000000000e+00 1.152894000000000085e+00 7.012806999999999569e+00
3.954360000000000097e-01 0.000000000000000000e+00 1.152762999999999982e+00 7.013073000000000334e+00
3.956856999999999736e-01 0.000000000000000000e+00 1.152631000000000183e+00 7.013340000000000352e+00
3.959353999999999929e-01 0.000000000000000000e+00 1.152498999999999940e+00 7.013607999999999620e+00
3.961851000000000123e-01 0.000000000000000000e+00 1.152366999999999919e+00 7.013875999999999777e+00
3.964347999999999761e-01 0.000000000000000000e+00 1.152233999999999980e+00 7.014145000000000074e+00
3.966844999999999954e-01 0.000000000000000000e+00 1.152101000000000042e+00 7.014414000000000371e+00
3.969342000000000148e-01 0.000000000000000000e+00 1.151968000000000103e+00 7.014683999999999919e+00
3.971839999999999815e-01 0.000000000000000000e+00 1.151834999999999942e+00 7.014954000000000356e+00
3.974337000000000009e-01 0.000000000000000000e+00 1.151702000000000004e+00 7.015225000000000044e+00
3.976834000000000202e-01 0.000000000000000000e+00 1.151567999999999925e+00 7.015495999999999732e+00
3.979330999999999841e-01 0.000000000000000000e+00 1.151434000000000069e+00 7.015767999999999560e+00
3.981828000000000034e-01 0.000000000000000000e+00 1.151299999999999990e+00 7.016040000000000276e+00
3.984325000000000228e-01 0.000000000000000000e+00 1.151165999999999912e+00 7.016313000000000244e+00
3.986821999999999866e-01 0.000000000000000000e+00 1.151030999999999915e+00 7.016586000000000212e+00
3.989319000000000059e-01 0.000000000000000000e+00 1.150895999999999919e+00 7.016860000000000319e+00
3.991816999999999727e-01 0.000000000000000000e+00 1.150760999999999923e+00 7.017134000000000427e+00
3.994313999999999920e-01 0.000000000000000000e+00 1.150625999999999927e+00 7.017407999999999646e+00
3.996811000000000114e-01 0.000000000000000000e+00 1.150490999999999930e+00 7.017682999999999893e+00
3.999307999999999752e-01 0.000000000000000000e+00 1.150355000000000016e+00 7.017959000000000280e+00
4.001804999999999946e-01 0.000000000000000000e+00 1.150219000000000102e+00 7.018234999999999779e+00
4.004302000000000139e-01 0.000000000000000000e+00 1.150083000000000188e+00 7.018511000000000166e+00
4.006798999999999777e-01 0.000000000000000000e+00 1.149945999999999913e+00 7.018787999999999805e+00
4.009297000000000000e-01 0.000000000000000000e+00 1.149809999999999999e+00 7.019065999999999583e+00
4.011794000000000193e-01 0.000000000000000000e+00 1.149672999999999945e+00 7.019343000000000110e+00
4.014290999999999832e-01 0.000000000000000000e+00 1.149536000000000113e+00 7.019620999999999889e+00
4.016788000000000025e-01 0.000000000000000000e+00 1.149397999999999920e+00 7.019899999999999807e+00
4.019285000000000219e-01 0.000000000000000000e+00 1.149260999999999866e+00 7.020178999999999725e+00
4.021781999999999857e-01 0.000000000000000000e+00 1.149123000000000117e+00 7.020457999999999643e+00
4.024279000000000051e-01 0.000000000000000000e+00 1.148984999999999923e+00 7.020737999999999701e+00
4.026777000000000273e-01 0.000000000000000000e+00 1.148846999999999952e+00 7.021017999999999759e+00
4.029273999999999911e-01 0.000000000000000000e+00 1.148708000000000062e+00 7.021297999999999817e+00
4.031771000000000105e-01 0.000000000000000000e+00 1.148568999999999951e+00 7.021579000000000015e+00
4.034267999999999743e-01 0.000000000000000000e+00 1.148430000000000062e+00 7.021860000000000213e+00
4.036764999999999937e-01 0.000000000000000000e+00 1.148290999999999951e+00 7.022141999999999662e+00
4.039262000000000130e-01 0.000000000000000000e+00 1.148152000000000061e+00 7.022423999999999999e+00
4.041758999999999769e-01 0.000000000000000000e+00 1.148012000000000032e+00 7.022706000000000337e+00
4.044255999999999962e-01 0.000000000000000000e+00 1.147872000000000003e+00 7.022988999999999926e+00
4.046754000000000184e-01 0.000000000000000000e+00 1.147731999999999974e+00 7.023272000000000403e+00
4.049250999999999823e-01 0.000000000000000000e+00 1.147592000000000168e+00 7.023554999999999993e+00
4.051748000000000016e-01 0.000000000000000000e+00 1.147450999999999999e+00 7.023837999999999582e+00
4.054245000000000210e-01 0.000000000000000000e+00 1.147310000000000052e+00 7.024122000000000199e+00
4.056741999999999848e-01 0.000000000000000000e+00 1.147169000000000105e+00 7.024407000000000068e+00
4.059239000000000042e-01 0.000000000000000000e+00 1.147027999999999937e+00 7.024690999999999796e+00
4.061736000000000235e-01 0.000000000000000000e+00 1.146886000000000072e+00 7.024975999999999665e+00
4.064233999999999902e-01 0.000000000000000000e+00 1.146743999999999986e+00 7.025261000000000422e+00
4.066731000000000096e-01 0.000000000000000000e+00 1.146602000000000121e+00 7.025546000000000291e+00
4.069227999999999734e-01 0.000000000000000000e+00 1.146460000000000035e+00 7.025832000000000299e+00
4.071724999999999928e-01 0.000000000000000000e+00 1.146317999999999948e+00 7.026118000000000308e+00
4.074222000000000121e-01 0.000000000000000000e+00 1.146174999999999944e+00 7.026404000000000316e+00
4.076718999999999760e-01 0.000000000000000000e+00 1.146031999999999940e+00 7.026690999999999576e+00
4.079215999999999953e-01 0.000000000000000000e+00 1.145888999999999935e+00 7.026976999999999585e+00
4.081713000000000147e-01 0.000000000000000000e+00 1.145744999999999791e+00 7.027263999999999733e+00
4.084210999999999814e-01 0.000000000000000000e+00 1.145601000000000091e+00 7.027552000000000021e+00
4.086708000000000007e-01 0.000000000000000000e+00 1.145458000000000087e+00 7.027839000000000169e+00
4.089205000000000201e-01 0.000000000000000000e+00 1.145313000000000025e+00 7.028126999999999569e+00
4.091701999999999839e-01 0.000000000000000000e+00 1.145169000000000104e+00 7.028414999999999857e+00
4.094199000000000033e-01 0.000000000000000000e+00 1.145023999999999820e+00 7.028703000000000145e+00
4.096696000000000226e-01 0.000000000000000000e+00 1.144878999999999980e+00 7.028991000000000433e+00
4.099192999999999865e-01 0.000000000000000000e+00 1.144733999999999918e+00 7.029279999999999973e+00
4.101691000000000087e-01 0.000000000000000000e+00 1.144588999999999857e+00 7.029568000000000261e+00
4.104187999999999725e-01 0.000000000000000000e+00 1.144442999999999877e+00 7.029856999999999800e+00
4.106684999999999919e-01 0.000000000000000000e+00 1.144297000000000120e+00 7.030146000000000228e+00
4.109182000000000112e-01 0.000000000000000000e+00 1.144151000000000140e+00 7.030435999999999908e+00
4.111678999999999751e-01 0.000000000000000000e+00 1.144005000000000161e+00 7.030725000000000335e+00
4.114175999999999944e-01 0.000000000000000000e+00 1.143858000000000041e+00 7.031015000000000015e+00
4.116673000000000138e-01 0.000000000000000000e+00 1.143710999999999922e+00 7.031304999999999694e+00
4.119169999999999776e-01 0.000000000000000000e+00 1.143564000000000025e+00 7.031595000000000262e+00
4.121667999999999998e-01 0.000000000000000000e+00 1.143416999999999906e+00 7.031884999999999941e+00
4.124165000000000192e-01 0.000000000000000000e+00 1.143270000000000008e+00 7.032174999999999621e+00
4.126661999999999830e-01 0.000000000000000000e+00 1.143121999999999971e+00 7.032465000000000188e+00
4.129159000000000024e-01 0.000000000000000000e+00 1.142973999999999934e+00 7.032756000000000007e+00
4.131656000000000217e-01 0.000000000000000000e+00 1.142824999999999980e+00 7.033045999999999687e+00
4.134152999999999856e-01 0.000000000000000000e+00 1.142676999999999943e+00 7.033337000000000394e+00
4.136650000000000049e-01 0.000000000000000000e+00 1.142527999999999988e+00 7.033628000000000213e+00
4.139148000000000271e-01 0.000000000000000000e+00 1.142378999999999811e+00 7.033919000000000032e+00
4.141644999999999910e-01 0.000000000000000000e+00 1.142230000000000079e+00 7.034209999999999852e+00
4.144142000000000103e-01 0.000000000000000000e+00 1.142080999999999902e+00 7.034500999999999671e+00
4.146638999999999742e-01 0.000000000000000000e+00 1.141931000000000029e+00 7.034792000000000378e+00
4.149135999999999935e-01 0.000000000000000000e+00 1.141780999999999935e+00 7.035084000000000337e+00
4.151633000000000129e-01 0.000000000000000000e+00 1.141631000000000062e+00 7.035375000000000156e+00
4.154129999999999767e-01 0.000000000000000000e+00 1.141480000000000050e+00 7.035667000000000115e+00
4.156626999999999961e-01 0.000000000000000000e+00 1.141329999999999956e+00 7.035957999999999934e+00
4.159125000000000183e-01 0.000000000000000000e+00 1.141179000000000165e+00 7.036249999999999893e+00
4.161621999999999821e-01 0.000000000000000000e+00 1.141027999999999931e+00 7.036540999999999713e+00
4.164119000000000015e-01 0.000000000000000000e+00 1.140876000000000001e+00 7.036832999999999672e+00
4.166616000000000208e-01 0.000000000000000000e+00 1.140724999999999989e+00 7.037124000000000379e+00
4.169112999999999847e-01 0.000000000000000000e+00 1.140573000000000059e+00 7.037416000000000338e+00
4.171610000000000040e-01 0.000000000000000000e+00 1.140421000000000129e+00 7.037708000000000297e+00
4.174107000000000234e-01 0.000000000000000000e+00 1.140268999999999977e+00 7.038000000000000256e+00
4.176604999999999901e-01 0.000000000000000000e+00 1.140115999999999907e+00 7.038291000000000075e+00
4.179102000000000094e-01 0.000000000000000000e+00 1.139963999999999977e+00 7.038583000000000034e+00
4.181598999999999733e-01 0.000000000000000000e+00 1.139810999999999908e+00 7.038874999999999993e+00
4.184095999999999926e-01 0.000000000000000000e+00 1.139656999999999920e+00 7.039165999999999812e+00
4.186593000000000120e-01 0.000000000000000000e+00 1.139503999999999850e+00 7.039457999999999771e+00
4.189089999999999758e-01 0.000000000000000000e+00 1.139349999999999863e+00 7.039749999999999730e+00
4.191586999999999952e-01 0.000000000000000000e+00 1.139195999999999875e+00 7.040041000000000437e+00
4.194085000000000174e-01 0.000000000000000000e+00 1.139041999999999888e+00 7.040333000000000396e+00
4.196581999999999812e-01 0.000000000000000000e+00 1.138887999999999900e+00 7.040625000000000355e+00
4.199079000000000006e-01 0.000000000000000000e+00 1.138732999999999995e+00 7.040916000000000174e+00
4.201576000000000199e-01 0.000000000000000000e+00 1.138577999999999868e+00 7.041208000000000133e+00
4.204072999999999838e-01 0.000000000000000000e+00 1.138422999999999963e+00 7.041498999999999953e+00
4.206570000000000031e-01 0.000000000000000000e+00 1.138268000000000058e+00 7.041789999999999772e+00
4.209067000000000225e-01 0.000000000000000000e+00 1.138113000000000152e+00 7.042080999999999591e+00
4.211563999999999863e-01 0.000000000000000000e+00 1.137957000000000107e+00 7.042373000000000438e+00
4.214062000000000086e-01 0.000000000000000000e+00 1.137800999999999840e+00 7.042664000000000257e+00
4.216558999999999724e-01 0.000000000000000000e+00 1.137645000000000017e+00 7.042953999999999937e+00
4.219055999999999917e-01 0.000000000000000000e+00 1.137488000000000055e+00 7.043244999999999756e+00
4.221553000000000111e-01 0.000000000000000000e+00 1.137332000000000010e+00 7.043535999999999575e+00
4.224049999999999749e-01 0.000000000000000000e+00 1.137175000000000047e+00 7.043827000000000282e+00
4.226546999999999943e-01 0.000000000000000000e+00 1.137018000000000084e+00 7.044116999999999962e+00
4.229044000000000136e-01 0.000000000000000000e+00 1.136859999999999982e+00 7.044406999999999641e+00
4.231541999999999804e-01 0.000000000000000000e+00 1.136703000000000019e+00 7.044698000000000349e+00
4.234038999999999997e-01 0.000000000000000000e+00 1.136545000000000138e+00 7.044988000000000028e+00
4.236536000000000191e-01 0.000000000000000000e+00 1.136387000000000036e+00 7.045277999999999707e+00
4.239032999999999829e-01 0.000000000000000000e+00 1.136228999999999933e+00 7.045567000000000135e+00
4.241530000000000022e-01 0.000000000000000000e+00 1.136069999999999913e+00 7.045856999999999815e+00
4.244027000000000216e-01 0.000000000000000000e+00 1.135912000000000033e+00 7.046146000000000242e+00
4.246523999999999854e-01 0.000000000000000000e+00 1.135753000000000013e+00 7.046435999999999922e+00
4.249021000000000048e-01 0.000000000000000000e+00 1.135593000000000075e+00 7.046725000000000350e+00
4.251519000000000270e-01 0.000000000000000000e+00 1.135434000000000054e+00 7.047013999999999889e+00
4.254015999999999909e-01 0.000000000000000000e+00 1.135273999999999894e+00 7.047302000000000177e+00
4.256513000000000102e-01 0.000000000000000000e+00 1.135115000000000096e+00 7.047590999999999717e+00
4.259009999999999740e-01 0.000000000000000000e+00 1.134954999999999936e+00 7.047879000000000005e+00
4.261506999999999934e-01 0.000000000000000000e+00 1.134794000000000080e+00 7.048167000000000293e+00
4.264004000000000127e-01 0.000000000000000000e+00 1.134633999999999920e+00 7.048454999999999693e+00
4.266500999999999766e-01 0.000000000000000000e+00 1.134473000000000065e+00 7.048742999999999981e+00
4.268998999999999988e-01 0.000000000000000000e+00 1.134311999999999987e+00 7.049030000000000129e+00
4.271496000000000182e-01 0.000000000000000000e+00 1.134151000000000131e+00 7.049317000000000277e+00
4.273992999999999820e-01 0.000000000000000000e+00 1.133990000000000054e+00 7.049604000000000426e+00
4.276490000000000014e-01 0.000000000000000000e+00 1.133828000000000058e+00 7.049890999999999686e+00
4.278987000000000207e-01 0.000000000000000000e+00 1.133665999999999840e+00 7.050176999999999694e+00
4.281483999999999845e-01 0.000000000000000000e+00 1.133503999999999845e+00 7.050463999999999842e+00
4.283981000000000039e-01 0.000000000000000000e+00 1.133342000000000072e+00 7.050749999999999851e+00
4.286478000000000232e-01 0.000000000000000000e+00 1.133179000000000158e+00 7.051034999999999719e+00
4.288975999999999900e-01 0.000000000000000000e+00 1.133017000000000163e+00 7.051320999999999728e+00
4.291473000000000093e-01 0.000000000000000000e+00 1.132854000000000028e+00 7.051605999999999597e+00
4.293969999999999732e-01 0.000000000000000000e+00 1.132689999999999975e+00 7.051890000000000214e+00
4.296466999999999925e-01 0.000000000000000000e+00 1.132527000000000061e+00 7.052175000000000082e+00
4.298964000000000119e-01 0.000000000000000000e+00 1.132363000000000008e+00 7.052458999999999811e+00
4.301460999999999757e-01 0.000000000000000000e+00 1.132200000000000095e+00 7.052743000000000428e+00
4.303957999999999950e-01 0.000000000000000000e+00 1.132035000000000124e+00 7.053026000000000018e+00
4.306456000000000173e-01 0.000000000000000000e+00 1.131871000000000071e+00 7.053309999999999746e+00
4.308952999999999811e-01 0.000000000000000000e+00 1.131707000000000019e+00 7.053593000000000224e+00
4.311450000000000005e-01 0.000000000000000000e+00 1.131541999999999826e+00 7.053874999999999673e+00
4.313947000000000198e-01 0.000000000000000000e+00 1.131376999999999855e+00 7.054157000000000011e+00
4.316443999999999837e-01 0.000000000000000000e+00 1.131211999999999884e+00 7.054439000000000348e+00
4.318941000000000030e-01 0.000000000000000000e+00 1.131045999999999996e+00 7.054720999999999798e+00
4.321438000000000224e-01 0.000000000000000000e+00 1.130881000000000025e+00 7.055001999999999995e+00
4.323934999999999862e-01 0.000000000000000000e+00 1.130714999999999915e+00 7.055283000000000193e+00
4.326433000000000084e-01 0.000000000000000000e+00 1.130549000000000026e+00 7.055563000000000251e+00
4.328929999999999723e-01 0.000000000000000000e+00 1.130383000000000138e+00 7.055843000000000309e+00
4.331426999999999916e-01 0.000000000000000000e+00 1.130215999999999887e+00 7.056123000000000367e+00
4.333924000000000110e-01 0.000000000000000000e+00 1.130049000000000081e+00 7.056402000000000285e+00
4.336420999999999748e-01 0.000000000000000000e+00 1.129882999999999971e+00 7.056681000000000203e+00
4.338917999999999942e-01 0.000000000000000000e+00 1.129715000000000025e+00 7.056958999999999982e+00
4.341415000000000135e-01 0.000000000000000000e+00 1.129547999999999996e+00 7.057236999999999760e+00
4.343912999999999802e-01 0.000000000000000000e+00 1.129380000000000051e+00 7.057515000000000427e+00
4.346409999999999996e-01 0.000000000000000000e+00 1.129213000000000022e+00 7.057792000000000066e+00
4.348907000000000189e-01 0.000000000000000000e+00 1.129045000000000076e+00 7.058068999999999704e+00
4.351403999999999828e-01 0.000000000000000000e+00 1.128875999999999991e+00 7.058345000000000091e+00
4.353901000000000021e-01 0.000000000000000000e+00 1.128708000000000045e+00 7.058620999999999590e+00
4.356398000000000215e-01 0.000000000000000000e+00 1.128538999999999959e+00 7.058895999999999837e+00
4.358894999999999853e-01 0.000000000000000000e+00 1.128369999999999873e+00 7.059171000000000085e+00
4.361393000000000075e-01 0.000000000000000000e+00 1.128201000000000009e+00 7.059446000000000332e+00
4.363890000000000269e-01 0.000000000000000000e+00 1.128031999999999924e+00 7.059720000000000439e+00
4.366386999999999907e-01 0.000000000000000000e+00 1.127862000000000142e+00 7.059993000000000407e+00
4.368884000000000101e-01 0.000000000000000000e+00 1.127693000000000056e+00 7.060266000000000375e+00
4.371380999999999739e-01 0.000000000000000000e+00 1.127522999999999831e+00 7.060539000000000343e+00
4.373877999999999933e-01 0.000000000000000000e+00 1.127353000000000049e+00 7.060811000000000170e+00
4.376375000000000126e-01 0.000000000000000000e+00 1.127181999999999906e+00 7.061081999999999859e+00
4.378871999999999765e-01 0.000000000000000000e+00 1.127011999999999903e+00 7.061353000000000435e+00
4.381369999999999987e-01 0.000000000000000000e+00 1.126840999999999982e+00 7.061624000000000123e+00
4.383867000000000180e-01 0.000000000000000000e+00 1.126670000000000060e+00 7.061893999999999672e+00
4.386363999999999819e-01 0.000000000000000000e+00 1.126498999999999917e+00 7.062164000000000108e+00
4.388861000000000012e-01 0.000000000000000000e+00 1.126327000000000078e+00 7.062432000000000265e+00
4.391358000000000206e-01 0.000000000000000000e+00 1.126155000000000017e+00 7.062700999999999674e+00
4.393854999999999844e-01 0.000000000000000000e+00 1.125983999999999874e+00 7.062968999999999831e+00
4.396352000000000038e-01 0.000000000000000000e+00 1.125810999999999895e+00 7.063235999999999848e+00
4.398850000000000260e-01 0.000000000000000000e+00 1.125638999999999834e+00 7.063502999999999865e+00
4.401346999999999898e-01 0.000000000000000000e+00 1.125466999999999995e+00 7.063768999999999743e+00
4.403844000000000092e-01 0.000000000000000000e+00 1.125294000000000016e+00 7.064034000000000368e+00
4.406340999999999730e-01 0.000000000000000000e+00 1.125121000000000038e+00 7.064299000000000106e+00
4.408837999999999924e-01 0.000000000000000000e+00 1.124948000000000059e+00 7.064563999999999844e+00
4.411335000000000117e-01 0.000000000000000000e+00 1.124773999999999941e+00 7.064828000000000330e+00
4.413831999999999756e-01 0.000000000000000000e+00 1.124601000000000184e+00 7.065090999999999788e+00
4.416328999999999949e-01 0.000000000000000000e+00 1.124426999999999843e+00 7.065354000000000134e+00
4.418827000000000171e-01 0.000000000000000000e+00 1.124252999999999947e+00 7.065616000000000341e+00
4.421323999999999810e-01 0.000000000000000000e+00 1.124079000000000050e+00 7.065877000000000407e+00
4.423821000000000003e-01 0.000000000000000000e+00 1.123904000000000014e+00 7.066137999999999586e+00
4.426318000000000197e-01 0.000000000000000000e+00 1.123730000000000118e+00 7.066398000000000401e+00
4.428814999999999835e-01 0.000000000000000000e+00 1.123555000000000081e+00 7.066657000000000188e+00
4.431312000000000029e-01 0.000000000000000000e+00 1.123380000000000045e+00 7.066915999999999976e+00
4.433809000000000222e-01 0.000000000000000000e+00 1.123205000000000009e+00 7.067173999999999623e+00
4.436306999999999889e-01 0.000000000000000000e+00 1.123029000000000055e+00 7.067432000000000158e+00
4.438804000000000083e-01 0.000000000000000000e+00 1.122854000000000019e+00 7.067688999999999666e+00
4.441301000000000276e-01 0.000000000000000000e+00 1.122678000000000065e+00 7.067944999999999922e+00
4.443797999999999915e-01 0.000000000000000000e+00 1.122501999999999889e+00 7.068200000000000038e+00
4.446295000000000108e-01 0.000000000000000000e+00 1.122325000000000017e+00 7.068455000000000155e+00
4.448791999999999747e-01 0.000000000000000000e+00 1.122148999999999841e+00 7.068709000000000131e+00
4.451288999999999940e-01 0.000000000000000000e+00 1.121971999999999969e+00 7.068961999999999968e+00
4.453786000000000134e-01 0.000000000000000000e+00 1.121795000000000098e+00 7.069214999999999804e+00
4.456283999999999801e-01 0.000000000000000000e+00 1.121618000000000004e+00 7.069467000000000390e+00
4.458780999999999994e-01 0.000000000000000000e+00 1.121441000000000132e+00 7.069717999999999947e+00
4.461278000000000188e-01 0.000000000000000000e+00 1.121262999999999899e+00 7.069969000000000392e+00
4.463774999999999826e-01 0.000000000000000000e+00 1.121086000000000027e+00 7.070218999999999809e+00
4.466272000000000020e-01 0.000000000000000000e+00 1.120907999999999793e+00 7.070467999999999975e+00
4.468769000000000213e-01 0.000000000000000000e+00 1.120730000000000004e+00 7.070716000000000001e+00
4.471265999999999852e-01 0.000000000000000000e+00 1.120550999999999853e+00 7.070964000000000027e+00
4.473764000000000074e-01 0.000000000000000000e+00 1.120373000000000063e+00 7.071209999999999773e+00
4.476261000000000267e-01 0.000000000000000000e+00 1.120193999999999912e+00 7.071456000000000408e+00
4.478757999999999906e-01 0.000000000000000000e+00 1.120015000000000205e+00 7.071702000000000155e+00
4.481255000000000099e-01 0.000000000000000000e+00 1.119836000000000054e+00 7.071945999999999621e+00
4.483751999999999738e-01 0.000000000000000000e+00 1.119656999999999902e+00 7.072189999999999976e+00
4.486248999999999931e-01 0.000000000000000000e+00 1.119477000000000055e+00 7.072432000000000052e+00
4.488746000000000125e-01 0.000000000000000000e+00 1.119296999999999986e+00 7.072675000000000267e+00
4.491242999999999763e-01 0.000000000000000000e+00 1.119116999999999917e+00 7.072916000000000203e+00
4.493740999999999985e-01 0.000000000000000000e+00 1.118936999999999848e+00 7.073155999999999999e+00
4.496238000000000179e-01 0.000000000000000000e+00 1.118757000000000001e+00 7.073395999999999795e+00
4.498734999999999817e-01 0.000000000000000000e+00 1.118576000000000015e+00 7.073635000000000339e+00
4.501232000000000011e-01 0.000000000000000000e+00 1.118395999999999946e+00 7.073872999999999855e+00
4.503729000000000204e-01 0.000000000000000000e+00 1.118214999999999959e+00 7.074110000000000120e+00
4.506225999999999843e-01 0.000000000000000000e+00 1.118034000000000194e+00 7.074346000000000245e+00
4.508723000000000036e-01 0.000000000000000000e+00 1.117852000000000068e+00 7.074581000000000230e+00
4.511221000000000259e-01 0.000000000000000000e+00 1.117671000000000081e+00 7.074816000000000216e+00
4.513717999999999897e-01 0.000000000000000000e+00 1.117488999999999955e+00 7.075048999999999921e+00
4.516215000000000090e-01 0.000000000000000000e+00 1.117307000000000050e+00 7.075281999999999627e+00
4.518711999999999729e-01 0.000000000000000000e+00 1.117124999999999924e+00 7.075514000000000081e+00
4.521208999999999922e-01 0.000000000000000000e+00 1.116943000000000019e+00 7.075745000000000395e+00
4.523706000000000116e-01 0.000000000000000000e+00 1.116759999999999975e+00 7.075974999999999682e+00
4.526202999999999754e-01 0.000000000000000000e+00 1.116578000000000070e+00 7.076203999999999716e+00
4.528700999999999977e-01 0.000000000000000000e+00 1.116395000000000026e+00 7.076432999999999751e+00
4.531198000000000170e-01 0.000000000000000000e+00 1.116211999999999982e+00 7.076660000000000394e+00
4.533694999999999808e-01 0.000000000000000000e+00 1.116028000000000020e+00 7.076886000000000010e+00
4.536192000000000002e-01 0.000000000000000000e+00 1.115844999999999976e+00 7.077111999999999625e+00
4.538689000000000195e-01 0.000000000000000000e+00 1.115661000000000014e+00 7.077335999999999849e+00
4.541185999999999834e-01 0.000000000000000000e+00 1.115477000000000052e+00 7.077560000000000073e+00
4.543683000000000027e-01 0.000000000000000000e+00 1.115292999999999868e+00 7.077783000000000158e+00
4.546180000000000221e-01 0.000000000000000000e+00 1.115108999999999906e+00 7.078003999999999962e+00
4.548677999999999888e-01 0.000000000000000000e+00 1.114924999999999944e+00 7.078224999999999767e+00
4.551175000000000082e-01 0.000000000000000000e+00 1.114740000000000064e+00 7.078445000000000320e+00
4.553672000000000275e-01 0.000000000000000000e+00 1.114554999999999962e+00 7.078662999999999705e+00
4.556168999999999913e-01 0.000000000000000000e+00 1.114369999999999861e+00 7.078880999999999979e+00
4.558666000000000107e-01 0.000000000000000000e+00 1.114184999999999981e+00 7.079098000000000113e+00
4.561162999999999745e-01 0.000000000000000000e+00 1.113998999999999961e+00 7.079314000000000107e+00
4.563659999999999939e-01 0.000000000000000000e+00 1.113814000000000082e+00 7.079527999999999821e+00
4.566158000000000161e-01 0.000000000000000000e+00 1.113627999999999840e+00 7.079742000000000424e+00
4.568654999999999800e-01 0.000000000000000000e+00 1.113442000000000043e+00 7.079954999999999998e+00
4.571151999999999993e-01 0.000000000000000000e+00 1.113256000000000023e+00 7.080167000000000321e+00
4.573649000000000187e-01 0.000000000000000000e+00 1.113070000000000004e+00 7.080377000000000365e+00
4.576145999999999825e-01 0.000000000000000000e+00 1.112883000000000067e+00 7.080587000000000408e+00
4.578643000000000018e-01 0.000000000000000000e+00 1.112695999999999907e+00 7.080795000000000172e+00
4.581140000000000212e-01 0.000000000000000000e+00 1.112508999999999970e+00 7.081002999999999936e+00
4.583636999999999850e-01 0.000000000000000000e+00 1.112321999999999811e+00 7.081209000000000309e+00
4.586135000000000073e-01 0.000000000000000000e+00 1.112135000000000096e+00 7.081414999999999793e+00
4.588632000000000266e-01 0.000000000000000000e+00 1.111946999999999797e+00 7.081618999999999886e+00
4.591128999999999905e-01 0.000000000000000000e+00 1.111760000000000081e+00 7.081821999999999839e+00
4.593626000000000098e-01 0.000000000000000000e+00 1.111571999999999782e+00 7.082023999999999653e+00
4.596122999999999736e-01 0.000000000000000000e+00 1.111383999999999928e+00 7.082225000000000215e+00
4.598619999999999930e-01 0.000000000000000000e+00 1.111195999999999851e+00 7.082424999999999748e+00
4.601117000000000123e-01 0.000000000000000000e+00 1.111007000000000078e+00 7.082624000000000031e+00
4.603614999999999791e-01 0.000000000000000000e+00 1.110818000000000083e+00 7.082821000000000033e+00
4.606111999999999984e-01 0.000000000000000000e+00 1.110630000000000006e+00 7.083018000000000036e+00
4.608609000000000178e-01 0.000000000000000000e+00 1.110441000000000011e+00 7.083212999999999759e+00
4.611105999999999816e-01 0.000000000000000000e+00 1.110250999999999877e+00 7.083407000000000231e+00
4.613603000000000010e-01 0.000000000000000000e+00 1.110061999999999882e+00 7.083599999999999675e+00
4.616100000000000203e-01 0.000000000000000000e+00 1.109871999999999970e+00 7.083791999999999867e+00
4.618596999999999841e-01 0.000000000000000000e+00 1.109682999999999975e+00 7.083982999999999919e+00
4.621094000000000035e-01 0.000000000000000000e+00 1.109492999999999840e+00 7.084172999999999831e+00
4.623592000000000257e-01 0.000000000000000000e+00 1.109303000000000150e+00 7.084361000000000352e+00
4.626088999999999896e-01 0.000000000000000000e+00 1.109112000000000098e+00 7.084547999999999845e+00
4.628586000000000089e-01 0.000000000000000000e+00 1.108921999999999963e+00 7.084734000000000087e+00
4.631082999999999728e-01 0.000000000000000000e+00 1.108730999999999911e+00 7.084919000000000189e+00
4.633579999999999921e-01 0.000000000000000000e+00 1.108539999999999859e+00 7.085102000000000011e+00
4.636077000000000115e-01 0.000000000000000000e+00 1.108349000000000029e+00 7.085284999999999833e+00
4.638573999999999753e-01 0.000000000000000000e+00 1.108157999999999976e+00 7.085466000000000264e+00
4.641071999999999975e-01 0.000000000000000000e+00 1.107965999999999784e+00 7.085645999999999667e+00
4.643569000000000169e-01 0.000000000000000000e+00 1.107775000000000176e+00 7.085824999999999818e+00
4.646065999999999807e-01 0.000000000000000000e+00 1.107582999999999984e+00 7.086001999999999690e+00
4.648563000000000001e-01 0.000000000000000000e+00 1.107391000000000014e+00 7.086178000000000310e+00
4.651060000000000194e-01 0.000000000000000000e+00 1.107199000000000044e+00 7.086352999999999902e+00
4.653556999999999833e-01 0.000000000000000000e+00 1.107006000000000157e+00 7.086527000000000243e+00
4.656054000000000026e-01 0.000000000000000000e+00 1.106814000000000187e+00 7.086699000000000304e+00
4.658551000000000220e-01 0.000000000000000000e+00 1.106621000000000077e+00 7.086870000000000225e+00
4.661048999999999887e-01 0.000000000000000000e+00 1.106428000000000189e+00 7.087040000000000006e+00
4.663546000000000080e-01 0.000000000000000000e+00 1.106234999999999857e+00 7.087208000000000396e+00
4.666043000000000274e-01 0.000000000000000000e+00 1.106041999999999970e+00 7.087375999999999898e+00
4.668539999999999912e-01 0.000000000000000000e+00 1.105848999999999860e+00 7.087540999999999869e+00
4.671037000000000106e-01 0.000000000000000000e+00 1.105655000000000054e+00 7.087705999999999840e+00
4.673533999999999744e-01 0.000000000000000000e+00 1.105461000000000027e+00 7.087869000000000419e+00
4.676030999999999938e-01 0.000000000000000000e+00 1.105266999999999999e+00 7.088030999999999970e+00
4.678529000000000160e-01 0.000000000000000000e+00 1.105073000000000194e+00 7.088192000000000270e+00
4.681025999999999798e-01 0.000000000000000000e+00 1.104878999999999944e+00 7.088351000000000290e+00
4.683522999999999992e-01 0.000000000000000000e+00 1.104683999999999999e+00 7.088509000000000171e+00
4.686020000000000185e-01 0.000000000000000000e+00 1.104489999999999972e+00 7.088664999999999772e+00
4.688516999999999824e-01 0.000000000000000000e+00 1.104295000000000027e+00 7.088820000000000121e+00
4.691014000000000017e-01 0.000000000000000000e+00 1.104099999999999859e+00 7.088974000000000331e+00
4.693511000000000211e-01 0.000000000000000000e+00 1.103904999999999914e+00 7.089127000000000400e+00
4.696008999999999878e-01 0.000000000000000000e+00 1.103709000000000051e+00 7.089277000000000051e+00
4.698506000000000071e-01 0.000000000000000000e+00 1.103513999999999884e+00 7.089426999999999701e+00
4.701003000000000265e-01 0.000000000000000000e+00 1.103318000000000021e+00 7.089574999999999960e+00
4.703499999999999903e-01 0.000000000000000000e+00 1.103122000000000158e+00 7.089722000000000079e+00
4.705997000000000097e-01 0.000000000000000000e+00 1.102925999999999851e+00 7.089866999999999919e+00
4.708493999999999735e-01 0.000000000000000000e+00 1.102729999999999988e+00 7.090010999999999619e+00
4.710990999999999929e-01 0.000000000000000000e+00 1.102534000000000125e+00 7.090154000000000067e+00
4.713488000000000122e-01 0.000000000000000000e+00 1.102336999999999900e+00 7.090295000000000236e+00
4.715985999999999789e-01 0.000000000000000000e+00 1.102140000000000120e+00 7.090434000000000125e+00
4.718482999999999983e-01 0.000000000000000000e+00 1.101944000000000035e+00 7.090571999999999875e+00
4.720980000000000176e-01 0.000000000000000000e+00 1.101746000000000114e+00 7.090709000000000373e+00
4.723476999999999815e-01 0.000000000000000000e+00 1.101548999999999889e+00 7.090843999999999703e+00
4.725974000000000008e-01 0.000000000000000000e+00 1.101352000000000109e+00 7.090977999999999781e+00
4.728471000000000202e-01 0.000000000000000000e+00 1.101153999999999966e+00 7.091109999999999580e+00
4.730967999999999840e-01 0.000000000000000000e+00 1.100957000000000185e+00 7.091241000000000128e+00
4.733466000000000062e-01 0.000000000000000000e+00 1.100759000000000043e+00 7.091370000000000395e+00
4.735963000000000256e-01 0.000000000000000000e+00 1.100560999999999900e+00 7.091497999999999635e+00
4.738459999999999894e-01 0.000000000000000000e+00 1.100362000000000062e+00 7.091624000000000372e+00
4.740957000000000088e-01 0.000000000000000000e+00 1.100163999999999920e+00 7.091749000000000080e+00
4.743453999999999726e-01 0.000000000000000000e+00 1.099964999999999860e+00 7.091872000000000398e+00
4.745950999999999920e-01 0.000000000000000000e+00 1.099767000000000161e+00 7.091993000000000436e+00
4.748448000000000113e-01 0.000000000000000000e+00 1.099567999999999879e+00 7.092113000000000334e+00
4.750944999999999752e-01 0.000000000000000000e+00 1.099368999999999819e+00 7.092232000000000092e+00
4.753442999999999974e-01 0.000000000000000000e+00 1.099169000000000063e+00 7.092348999999999570e+00
4.755940000000000167e-01 0.000000000000000000e+00 1.098970000000000002e+00 7.092463999999999658e+00
4.758436999999999806e-01 0.000000000000000000e+00 1.098770000000000024e+00 7.092577999999999605e+00
4.760933999999999999e-01 0.000000000000000000e+00 1.098570999999999964e+00 7.092690000000000161e+00
4.763431000000000193e-01 0.000000000000000000e+00 1.098370999999999986e+00 7.092800999999999689e+00
4.765927999999999831e-01 0.000000000000000000e+00 1.098171000000000008e+00 7.092909999999999826e+00
4.768425000000000025e-01 0.000000000000000000e+00 1.097971000000000030e+00 7.093016999999999683e+00
4.770923000000000247e-01 0.000000000000000000e+00 1.097769999999999913e+00 7.093123000000000289e+00
4.773419999999999885e-01 0.000000000000000000e+00 1.097569999999999935e+00 7.093226999999999727e+00
4.775917000000000079e-01 0.000000000000000000e+00 1.097368999999999817e+00 7.093328999999999773e+00
4.778414000000000272e-01 0.000000000000000000e+00 1.097167999999999921e+00 7.093429999999999680e+00
4.780910999999999911e-01 0.000000000000000000e+00 1.096967000000000025e+00 7.093529000000000195e+00
4.783408000000000104e-01 0.000000000000000000e+00 1.096766000000000130e+00 7.093626999999999683e+00
4.785904999999999743e-01 0.000000000000000000e+00 1.096564000000000094e+00 7.093722999999999779e+00
4.788401999999999936e-01 0.000000000000000000e+00 1.096362999999999976e+00 7.093816999999999595e+00
4.790900000000000158e-01 0.000000000000000000e+00 1.096161000000000163e+00 7.093910000000000160e+00
4.793396999999999797e-01 0.000000000000000000e+00 1.095959000000000128e+00 7.094000999999999557e+00
4.795893999999999990e-01 0.000000000000000000e+00 1.095757000000000092e+00 7.094089999999999563e+00
4.798391000000000184e-01 0.000000000000000000e+00 1.095555000000000057e+00 7.094177000000000177e+00
4.800887999999999822e-01 0.000000000000000000e+00 1.095352000000000103e+00 7.094262999999999764e+00
4.803385000000000016e-01 0.000000000000000000e+00 1.095150000000000068e+00 7.094346999999999959e+00
4.805882000000000209e-01 0.000000000000000000e+00 1.094946999999999893e+00 7.094428999999999874e+00
4.808379999999999876e-01 0.000000000000000000e+00 1.094743999999999939e+00 7.094509999999999650e+00
4.810877000000000070e-01 0.000000000000000000e+00 1.094540999999999986e+00 7.094589000000000034e+00
4.813374000000000263e-01 0.000000000000000000e+00 1.094338000000000033e+00 7.094666000000000139e+00
4.815870999999999902e-01 0.000000000000000000e+00 1.094135000000000080e+00 7.094740999999999964e+00
4.818368000000000095e-01 0.000000000000000000e+00 1.093930999999999987e+00 7.094814999999999650e+00
4.820864999999999734e-01 0.000000000000000000e+00 1.093728000000000034e+00 7.094886999999999944e+00
4.823361999999999927e-01 0.000000000000000000e+00 1.093523999999999941e+00 7.094956999999999958e+00
4.825859000000000121e-01 0.000000000000000000e+00 1.093319999999999848e+00 7.095024999999999693e+00
4.828356999999999788e-01 0.000000000000000000e+00 1.093115999999999977e+00 7.095092000000000176e+00
4.830853999999999981e-01 0.000000000000000000e+00 1.092912000000000106e+00 7.095157000000000380e+00
4.833351000000000175e-01 0.000000000000000000e+00 1.092707000000000095e+00 7.095219000000000165e+00
4.835847999999999813e-01 0.000000000000000000e+00 1.092503000000000002e+00 7.095279999999999809e+00
4.838345000000000007e-01 0.000000000000000000e+00 1.092297999999999991e+00 7.095340000000000202e+00
4.840842000000000200e-01 0.000000000000000000e+00 1.092092999999999980e+00 7.095397000000000176e+00
4.843338999999999839e-01 0.000000000000000000e+00 1.091887999999999970e+00 7.095453000000000010e+00
4.845837000000000061e-01 0.000000000000000000e+00 1.091682999999999959e+00 7.095506000000000313e+00
4.848334000000000255e-01 0.000000000000000000e+00 1.091478000000000170e+00 7.095557999999999588e+00
4.850830999999999893e-01 0.000000000000000000e+00 1.091272000000000020e+00 7.095608000000000359e+00
4.853328000000000086e-01 0.000000000000000000e+00 1.091066000000000091e+00 7.095657000000000103e+00
4.855824999999999725e-01 0.000000000000000000e+00 1.090861000000000081e+00 7.095703000000000316e+00
4.858321999999999918e-01 0.000000000000000000e+00 1.090654999999999930e+00 7.095747000000000249e+00
4.860819000000000112e-01 0.000000000000000000e+00 1.090449000000000002e+00 7.095790000000000042e+00
4.863316999999999779e-01 0.000000000000000000e+00 1.090241999999999933e+00 7.095830000000000304e+00
4.865813999999999973e-01 0.000000000000000000e+00 1.090036000000000005e+00 7.095869000000000426e+00
4.868311000000000166e-01 0.000000000000000000e+00 1.089829999999999854e+00 7.095906000000000269e+00
4.870807999999999804e-01 0.000000000000000000e+00 1.089623000000000008e+00 7.095940999999999832e+00
4.873304999999999998e-01 0.000000000000000000e+00 1.089415999999999940e+00 7.095974000000000004e+00
4.875802000000000191e-01 0.000000000000000000e+00 1.089209000000000094e+00 7.096004999999999896e+00
4.878298999999999830e-01 0.000000000000000000e+00 1.089002000000000026e+00 7.096034000000000397e+00
4.880796000000000023e-01 0.000000000000000000e+00 1.088795000000000179e+00 7.096060999999999730e+00
4.883294000000000246e-01 0.000000000000000000e+00 1.088586999999999971e+00 7.096085999999999672e+00
4.885790999999999884e-01 0.000000000000000000e+00 1.088380000000000125e+00 7.096109000000000222e+00
4.888288000000000078e-01 0.000000000000000000e+00 1.088171999999999917e+00 7.096129999999999605e+00
4.890785000000000271e-01 0.000000000000000000e+00 1.087963999999999931e+00 7.096148999999999596e+00
4.893281999999999909e-01 0.000000000000000000e+00 1.087757000000000085e+00 7.096167000000000336e+00
4.895779000000000103e-01 0.000000000000000000e+00 1.087547999999999959e+00 7.096181999999999768e+00
4.898275999999999741e-01 0.000000000000000000e+00 1.087339999999999973e+00 7.096194999999999808e+00
4.900773999999999964e-01 0.000000000000000000e+00 1.087131999999999987e+00 7.096205999999999570e+00
4.903271000000000157e-01 0.000000000000000000e+00 1.086923000000000084e+00 7.096214999999999939e+00
4.905767999999999796e-01 0.000000000000000000e+00 1.086714999999999876e+00 7.096222000000000030e+00
4.908264999999999989e-01 0.000000000000000000e+00 1.086506000000000194e+00 7.096226999999999840e+00
4.910762000000000183e-01 0.000000000000000000e+00 1.086297000000000068e+00 7.096231000000000400e+00
4.913258999999999821e-01 0.000000000000000000e+00 1.086087999999999942e+00 7.096231000000000400e+00
4.915756000000000014e-01 0.000000000000000000e+00 1.085878999999999817e+00 7.096230000000000260e+00
4.918253000000000208e-01 0.000000000000000000e+00 1.085668999999999995e+00 7.096226999999999840e+00
4.920750999999999875e-01 0.000000000000000000e+00 1.085460000000000091e+00 7.096222000000000030e+00
4.923248000000000069e-01 0.000000000000000000e+00 1.085250000000000048e+00 7.096214999999999939e+00
4.925745000000000262e-01 0.000000000000000000e+00 1.085040000000000004e+00 7.096205000000000318e+00
4.928241999999999901e-01 0.000000000000000000e+00 1.084829999999999961e+00 7.096193999999999669e+00
4.930739000000000094e-01 0.000000000000000000e+00 1.084619999999999918e+00 7.096180000000000376e+00
4.933235999999999732e-01 0.000000000000000000e+00 1.084410000000000096e+00 7.096163999999999916e+00
4.935732999999999926e-01 0.000000000000000000e+00 1.084200000000000053e+00 7.096146000000000065e+00
4.938231000000000148e-01 0.000000000000000000e+00 1.083989000000000091e+00 7.096125999999999934e+00
4.940727999999999787e-01 0.000000000000000000e+00 1.083779000000000048e+00 7.096104000000000411e+00
4.943224999999999980e-01 0.000000000000000000e+00 1.083568000000000087e+00 7.096079999999999721e+00
4.945722000000000174e-01 0.000000000000000000e+00 1.083356999999999903e+00 7.096053000000000388e+00
4.948218999999999812e-01 0.000000000000000000e+00 1.083145999999999942e+00 7.096023999999999887e+00
4.950716000000000006e-01 0.000000000000000000e+00 1.082934999999999981e+00 7.095994000000000135e+00
4.953213000000000199e-01 0.000000000000000000e+00 1.082722999999999880e+00 7.095960999999999963e+00
4.955709999999999837e-01 0.000000000000000000e+00 1.082511999999999919e+00 7.095925000000000260e+00
4.958208000000000060e-01 0.000000000000000000e+00 1.082300000000000040e+00 7.095888000000000417e+00
4.960705000000000253e-01 0.000000000000000000e+00 1.082088999999999857e+00 7.095848000000000155e+00
4.963201999999999892e-01 0.000000000000000000e+00 1.081876999999999978e+00 7.095805999999999614e+00
4.965699000000000085e-01 0.000000000000000000e+00 1.081664999999999877e+00 7.095761999999999681e+00
4.968195999999999724e-01 0.000000000000000000e+00 1.081452999999999998e+00 7.095716000000000356e+00
4.970692999999999917e-01 0.000000000000000000e+00 1.081239999999999979e+00 7.095666999999999724e+00
4.973190000000000111e-01 0.000000000000000000e+00 1.081028000000000100e+00 7.095616999999999841e+00
4.975687999999999778e-01 0.000000000000000000e+00 1.080815000000000081e+00 7.095564000000000426e+00
4.978184999999999971e-01 0.000000000000000000e+00 1.080602999999999980e+00 7.095507999999999704e+00
4.980682000000000165e-01 0.000000000000000000e+00 1.080390000000000184e+00 7.095450999999999731e+00
4.983178999999999803e-01 0.000000000000000000e+00 1.080176999999999943e+00 7.095391000000000226e+00
4.985675999999999997e-01 0.000000000000000000e+00 1.079963999999999924e+00 7.095329000000000441e+00
4.988173000000000190e-01 0.000000000000000000e+00 1.079750999999999905e+00 7.095264000000000237e+00
4.990669999999999829e-01 0.000000000000000000e+00 1.079538000000000109e+00 7.095196999999999754e+00
4.993167000000000022e-01 0.000000000000000000e+00 1.079324000000000172e+00 7.095127999999999879e+00
4.995665000000000244e-01 0.000000000000000000e+00 1.079111000000000153e+00 7.095056999999999725e+00
4.998161999999999883e-01 0.000000000000000000e+00 1.078896999999999995e+00 7.094983000000000040e+00
5.000658999999999521e-01 0.000000000000000000e+00 1.078683000000000058e+00 7.094907000000000075e+00
5.003155999999999715e-01 0.000000000000000000e+00 1.078469000000000122e+00 7.094828999999999830e+00
5.005652999999999908e-01 0.000000000000000000e+00 1.078255000000000186e+00 7.094748000000000054e+00
5.008150000000000102e-01 0.000000000000000000e+00 1.078041000000000027e+00 7.094664999999999999e+00
5.010647000000000295e-01 0.000000000000000000e+00 1.077827000000000091e+00 7.094579000000000413e+00
5.013144999999999962e-01 0.000000000000000000e+00 1.077612000000000014e+00 7.094490999999999659e+00
5.015642000000000156e-01 0.000000000000000000e+00 1.077397999999999856e+00 7.094401000000000401e+00
5.018139000000000349e-01 0.000000000000000000e+00 1.077183000000000002e+00 7.094307999999999836e+00
5.020636000000000543e-01 0.000000000000000000e+00 1.076968000000000147e+00 7.094212999999999880e+00
5.023132999999999626e-01 0.000000000000000000e+00 1.076752999999999849e+00 7.094115999999999644e+00
5.025629999999999820e-01 0.000000000000000000e+00 1.076537999999999995e+00 7.094015999999999877e+00
5.028127000000000013e-01 0.000000000000000000e+00 1.076323000000000141e+00 7.093912999999999691e+00
5.030624999999999680e-01 0.000000000000000000e+00 1.076107999999999842e+00 7.093809000000000253e+00
5.033121999999999874e-01 0.000000000000000000e+00 1.075892000000000071e+00 7.093701000000000256e+00
5.035619000000000067e-01 0.000000000000000000e+00 1.075676999999999994e+00 7.093592000000000120e+00
5.038116000000000261e-01 0.000000000000000000e+00 1.075461000000000000e+00 7.093479999999999563e+00
5.040613000000000454e-01 0.000000000000000000e+00 1.075246000000000146e+00 7.093365000000000364e+00
5.043109999999999538e-01 0.000000000000000000e+00 1.075029999999999930e+00 7.093247999999999998e+00
5.045606999999999731e-01 0.000000000000000000e+00 1.074814000000000158e+00 7.093128000000000100e+00
5.048103999999999925e-01 0.000000000000000000e+00 1.074597999999999942e+00 7.093005999999999922e+00
5.050601999999999592e-01 0.000000000000000000e+00 1.074381000000000030e+00 7.092882000000000353e+00
5.053098999999999785e-01 0.000000000000000000e+00 1.074165000000000036e+00 7.092755000000000365e+00
5.055595999999999979e-01 0.000000000000000000e+00 1.073949000000000042e+00 7.092624999999999957e+00
5.058093000000000172e-01 0.000000000000000000e+00 1.073731999999999909e+00 7.092493000000000158e+00
5.060590000000000366e-01 0.000000000000000000e+00 1.073514999999999997e+00 7.092357999999999940e+00
5.063086999999999449e-01 0.000000000000000000e+00 1.073299000000000003e+00 7.092221000000000330e+00
5.065583999999999643e-01 0.000000000000000000e+00 1.073082000000000091e+00 7.092082000000000441e+00
5.068082000000000420e-01 0.000000000000000000e+00 1.072864999999999958e+00 7.091938999999999993e+00
5.070578999999999503e-01 0.000000000000000000e+00 1.072647999999999824e+00 7.091795000000000293e+00
5.073075999999999697e-01 0.000000000000000000e+00 1.072429999999999994e+00 7.091647000000000034e+00
5.075572999999999890e-01 0.000000000000000000e+00 1.072212999999999861e+00 7.091497000000000384e+00
5.078070000000000084e-01 0.000000000000000000e+00 1.071996000000000171e+00 7.091344999999999565e+00
5.080567000000000277e-01 0.000000000000000000e+00 1.071778000000000119e+00 7.091190000000000104e+00
5.083064000000000471e-01 0.000000000000000000e+00 1.071559999999999846e+00 7.091032000000000224e+00
5.085560999999999554e-01 0.000000000000000000e+00 1.071343000000000156e+00 7.090872000000000064e+00
5.088059000000000331e-01 0.000000000000000000e+00 1.071125000000000105e+00 7.090709000000000373e+00
5.090556000000000525e-01 0.000000000000000000e+00 1.070906999999999831e+00 7.090543000000000262e+00
5.093052999999999608e-01 0.000000000000000000e+00 1.070688000000000084e+00 7.090374999999999872e+00
5.095549999999999802e-01 0.000000000000000000e+00 1.070470000000000033e+00 7.090205000000000091e+00
5.098046999999999995e-01 0.000000000000000000e+00 1.070251999999999981e+00 7.090030999999999750e+00
5.100544000000000189e-01 0.000000000000000000e+00 1.070033000000000012e+00 7.089855000000000018e+00
5.103041000000000382e-01 0.000000000000000000e+00 1.069814999999999960e+00 7.089677000000000007e+00
5.105539000000000049e-01 0.000000000000000000e+00 1.069595999999999991e+00 7.089495000000000324e+00
5.108036000000000243e-01 0.000000000000000000e+00 1.069377000000000022e+00 7.089311000000000362e+00
5.110533000000000436e-01 0.000000000000000000e+00 1.069159000000000193e+00 7.089125000000000121e+00
5.113029999999999520e-01 0.000000000000000000e+00 1.068940000000000001e+00 7.088935000000000208e+00
5.115526999999999713e-01 0.000000000000000000e+00 1.068720000000000114e+00 7.088743000000000016e+00
5.118023999999999907e-01 0.000000000000000000e+00 1.068500999999999923e+00 7.088548000000000293e+00
5.120521000000000100e-01 0.000000000000000000e+00 1.068281999999999954e+00 7.088351000000000290e+00
5.123018000000000294e-01 0.000000000000000000e+00 1.068061999999999845e+00 7.088150999999999868e+00
5.125515999999999961e-01 0.000000000000000000e+00 1.067843000000000098e+00 7.087947999999999915e+00
5.128013000000000154e-01 0.000000000000000000e+00 1.067622999999999989e+00 7.087742000000000431e+00
5.130510000000000348e-01 0.000000000000000000e+00 1.067404000000000019e+00 7.087533999999999779e+00
5.133007000000000541e-01 0.000000000000000000e+00 1.067183999999999910e+00 7.087322999999999595e+00
5.135503999999999625e-01 0.000000000000000000e+00 1.066964000000000024e+00 7.087108999999999881e+00
5.138000999999999818e-01 0.000000000000000000e+00 1.066743999999999915e+00 7.086892999999999887e+00
5.140498000000000012e-01 0.000000000000000000e+00 1.066523999999999806e+00 7.086673000000000222e+00
5.142995999999999679e-01 0.000000000000000000e+00 1.066303000000000001e+00 7.086451000000000278e+00
5.145492999999999872e-01 0.000000000000000000e+00 1.066083000000000114e+00 7.086225999999999914e+00
5.147990000000000066e-01 0.000000000000000000e+00 1.065862000000000087e+00 7.085998000000000019e+00
5.150487000000000259e-01 0.000000000000000000e+00 1.065641999999999978e+00 7.085767999999999844e+00
5.152984000000000453e-01 0.000000000000000000e+00 1.065420999999999951e+00 7.085535000000000139e+00
5.155480999999999536e-01 0.000000000000000000e+00 1.065201000000000064e+00 7.085299000000000014e+00
5.157977999999999730e-01 0.000000000000000000e+00 1.064980000000000038e+00 7.085060000000000358e+00
5.160474999999999923e-01 0.000000000000000000e+00 1.064759000000000011e+00 7.084818000000000282e+00
5.162972999999999590e-01 0.000000000000000000e+00 1.064537999999999984e+00 7.084572999999999787e+00
5.165469999999999784e-01 0.000000000000000000e+00 1.064316999999999958e+00 7.084325999999999901e+00
5.167966999999999977e-01 0.000000000000000000e+00 1.064095000000000013e+00 7.084075999999999596e+00
5.170464000000000171e-01 0.000000000000000000e+00 1.063873999999999986e+00 7.083822999999999759e+00
5.172961000000000364e-01 0.000000000000000000e+00 1.063652999999999960e+00 7.083567000000000391e+00
5.175457999999999448e-01 0.000000000000000000e+00 1.063431000000000015e+00 7.083307999999999716e+00
5.177954999999999641e-01 0.000000000000000000e+00 1.063209999999999988e+00 7.083046000000000397e+00
5.180453000000000419e-01 0.000000000000000000e+00 1.062988000000000044e+00 7.082781999999999911e+00
5.182949999999999502e-01 0.000000000000000000e+00 1.062766000000000099e+00 7.082513999999999754e+00
5.185446999999999695e-01 0.000000000000000000e+00 1.062544000000000155e+00 7.082244000000000206e+00
5.187943999999999889e-01 0.000000000000000000e+00 1.062321999999999989e+00 7.081970000000000098e+00
5.190441000000000082e-01 0.000000000000000000e+00 1.062099999999999822e+00 7.081693999999999711e+00
5.192938000000000276e-01 0.000000000000000000e+00 1.061877999999999878e+00 7.081414999999999793e+00
5.195435000000000469e-01 0.000000000000000000e+00 1.061655999999999933e+00 7.081133000000000344e+00
5.197933000000000137e-01 0.000000000000000000e+00 1.061433999999999989e+00 7.080847999999999587e+00
5.200430000000000330e-01 0.000000000000000000e+00 1.061210999999999904e+00 7.080560000000000187e+00
5.202927000000000524e-01 0.000000000000000000e+00 1.060988999999999960e+00 7.080269000000000368e+00
5.205423999999999607e-01 0.000000000000000000e+00 1.060766000000000098e+00 7.079975000000000129e+00
5.207920999999999800e-01 0.000000000000000000e+00 1.060544000000000153e+00 7.079678999999999611e+00
5.210417999999999994e-01 0.000000000000000000e+00 1.060320999999999847e+00 7.079379000000000310e+00
5.212915000000000187e-01 0.000000000000000000e+00 1.060097999999999985e+00 7.079075999999999702e+00
5.215412000000000381e-01 0.000000000000000000e+00 1.059874999999999901e+00 7.078769999999999563e+00
5.217910000000000048e-01 0.000000000000000000e+00 1.059652999999999956e+00 7.078460999999999892e+00
5.220407000000000242e-01 0.000000000000000000e+00 1.059429000000000176e+00 7.078149999999999942e+00
5.222904000000000435e-01 0.000000000000000000e+00 1.059205999999999870e+00 7.077835000000000321e+00
5.225400999999999518e-01 0.000000000000000000e+00 1.058983000000000008e+00 7.077517000000000280e+00
5.227897999999999712e-01 0.000000000000000000e+00 1.058759999999999923e+00 7.077195999999999820e+00
5.230394999999999905e-01 0.000000000000000000e+00 1.058536000000000143e+00 7.076871999999999829e+00
5.232892000000000099e-01 0.000000000000000000e+00 1.058313000000000059e+00 7.076545000000000307e+00
5.235389999999999766e-01 0.000000000000000000e+00 1.058088999999999835e+00 7.076215000000000366e+00
5.237886999999999960e-01 0.000000000000000000e+00 1.057865999999999973e+00 7.075882000000000005e+00
5.240384000000000153e-01 0.000000000000000000e+00 1.057641999999999971e+00 7.075546000000000113e+00
5.242881000000000347e-01 0.000000000000000000e+00 1.057417999999999969e+00 7.075206999999999802e+00
5.245378000000000540e-01 0.000000000000000000e+00 1.057194999999999885e+00 7.074864999999999959e+00
5.247874999999999623e-01 0.000000000000000000e+00 1.056971000000000105e+00 7.074518999999999558e+00
5.250371999999999817e-01 0.000000000000000000e+00 1.056747000000000103e+00 7.074170999999999765e+00
5.252869000000000010e-01 0.000000000000000000e+00 1.056522999999999879e+00 7.073819000000000301e+00
5.255366999999999678e-01 0.000000000000000000e+00 1.056297999999999959e+00 7.073464999999999669e+00
5.257863999999999871e-01 0.000000000000000000e+00 1.056074000000000179e+00 7.073107000000000255e+00
5.260361000000000065e-01 0.000000000000000000e+00 1.055849999999999955e+00 7.072746000000000421e+00
5.262858000000000258e-01 0.000000000000000000e+00 1.055625000000000036e+00 7.072382000000000168e+00
5.265355000000000452e-01 0.000000000000000000e+00 1.055401000000000034e+00 7.072015000000000384e+00
5.267851999999999535e-01 0.000000000000000000e+00 1.055175999999999892e+00 7.071644000000000041e+00
5.270348999999999728e-01 0.000000000000000000e+00 1.054951999999999890e+00 7.071271000000000306e+00
5.272847000000000506e-01 0.000000000000000000e+00 1.054727000000000192e+00 7.070894000000000013e+00
5.275343999999999589e-01 0.000000000000000000e+00 1.054502000000000050e+00 7.070514000000000188e+00
5.277840999999999783e-01 0.000000000000000000e+00 1.054278000000000048e+00 7.070130999999999943e+00
5.280337999999999976e-01 0.000000000000000000e+00 1.054053000000000129e+00 7.069745000000000168e+00
5.282835000000000170e-01 0.000000000000000000e+00 1.053827999999999987e+00 7.069354999999999833e+00
5.285332000000000363e-01 0.000000000000000000e+00 1.053603000000000067e+00 7.068963000000000108e+00
5.287828999999999446e-01 0.000000000000000000e+00 1.053377000000000008e+00 7.068566999999999823e+00
5.290325999999999640e-01 0.000000000000000000e+00 1.053152000000000088e+00 7.068168000000000006e+00
5.292824000000000417e-01 0.000000000000000000e+00 1.052926999999999946e+00 7.067764999999999631e+00
5.295320999999999501e-01 0.000000000000000000e+00 1.052702000000000027e+00 7.067359999999999864e+00
5.297817999999999694e-01 0.000000000000000000e+00 1.052476000000000189e+00 7.066951000000000427e+00
5.300314999999999888e-01 0.000000000000000000e+00 1.052251000000000047e+00 7.066538999999999682e+00
5.302812000000000081e-01 0.000000000000000000e+00 1.052024999999999988e+00 7.066123000000000154e+00
5.305309000000000275e-01 0.000000000000000000e+00 1.051799999999999846e+00 7.065705000000000346e+00
5.307806000000000468e-01 0.000000000000000000e+00 1.051574000000000009e+00 7.065282999999999980e+00
5.310304000000000135e-01 0.000000000000000000e+00 1.051347999999999949e+00 7.064858000000000082e+00
5.312801000000000329e-01 0.000000000000000000e+00 1.051122000000000112e+00 7.064428999999999625e+00
5.315298000000000522e-01 0.000000000000000000e+00 1.050896999999999970e+00 7.063996999999999638e+00
5.317794999999999606e-01 0.000000000000000000e+00 1.050671000000000133e+00 7.063562000000000118e+00
5.320291999999999799e-01 0.000000000000000000e+00 1.050444999999999851e+00 7.063124000000000180e+00
5.322788999999999993e-01 0.000000000000000000e+00 1.050219000000000014e+00 7.062681999999999682e+00
5.325286000000000186e-01 0.000000000000000000e+00 1.049992999999999954e+00 7.062236999999999654e+00
5.327783000000000380e-01 0.000000000000000000e+00 1.049765999999999977e+00 7.061789000000000094e+00
5.330281000000000047e-01 0.000000000000000000e+00 1.049539999999999917e+00 7.061336999999999975e+00
5.332778000000000240e-01 0.000000000000000000e+00 1.049314000000000080e+00 7.060882000000000325e+00
5.335275000000000434e-01 0.000000000000000000e+00 1.049088000000000021e+00 7.060423000000000116e+00
5.337771999999999517e-01 0.000000000000000000e+00 1.048861000000000043e+00 7.059961999999999627e+00
5.340268999999999711e-01 0.000000000000000000e+00 1.048634999999999984e+00 7.059496000000000215e+00
5.342765999999999904e-01 0.000000000000000000e+00 1.048408000000000007e+00 7.059027999999999636e+00
5.345263000000000098e-01 0.000000000000000000e+00 1.048181999999999947e+00 7.058556000000000274e+00
5.347760999999999765e-01 0.000000000000000000e+00 1.047954999999999970e+00 7.058080000000000354e+00
5.350257999999999958e-01 0.000000000000000000e+00 1.047727999999999993e+00 7.057601000000000013e+00
5.352755000000000152e-01 0.000000000000000000e+00 1.047501999999999933e+00 7.057119000000000142e+00
5.355252000000000345e-01 0.000000000000000000e+00 1.047275000000000178e+00 7.056632999999999711e+00
5.357749000000000539e-01 0.000000000000000000e+00 1.047047999999999979e+00 7.056143999999999750e+00
5.360245999999999622e-01 0.000000000000000000e+00 1.046821000000000002e+00 7.055652000000000257e+00
5.362742999999999816e-01 0.000000000000000000e+00 1.046594000000000024e+00 7.055156000000000205e+00
5.365240999999999483e-01 0.000000000000000000e+00 1.046367000000000047e+00 7.054655999999999594e+00
5.367737999999999676e-01 0.000000000000000000e+00 1.046140000000000070e+00 7.054153000000000340e+00
5.370234999999999870e-01 0.000000000000000000e+00 1.045913000000000093e+00 7.053646999999999778e+00
5.372732000000000063e-01 0.000000000000000000e+00 1.045685999999999893e+00 7.053137000000000434e+00
5.375229000000000257e-01 0.000000000000000000e+00 1.045459000000000138e+00 7.052623999999999782e+00
5.377726000000000450e-01 0.000000000000000000e+00 1.045231999999999939e+00 7.052107000000000347e+00
5.380222999999999534e-01 0.000000000000000000e+00 1.045005000000000184e+00 7.051586000000000354e+00
5.382719999999999727e-01 0.000000000000000000e+00 1.044777000000000067e+00 7.051061999999999941e+00
5.385218000000000504e-01 0.000000000000000000e+00 1.044549999999999867e+00 7.050534999999999997e+00
5.387714999999999588e-01 0.000000000000000000e+00 1.044323000000000112e+00 7.050004000000000381e+00
5.390211999999999781e-01 0.000000000000000000e+00 1.044094999999999995e+00 7.049470000000000347e+00
5.392708999999999975e-01 0.000000000000000000e+00 1.043868000000000018e+00 7.048931999999999753e+00
5.395206000000000168e-01 0.000000000000000000e+00 1.043640000000000123e+00 7.048390000000000377e+00
5.397703000000000362e-01 0.000000000000000000e+00 1.043412999999999924e+00 7.047844999999999693e+00
5.400199999999999445e-01 0.000000000000000000e+00 1.043185000000000029e+00 7.047296000000000227e+00
5.402698000000000222e-01 0.000000000000000000e+00 1.042957000000000134e+00 7.046744000000000341e+00
5.405195000000000416e-01 0.000000000000000000e+00 1.042729999999999935e+00 7.046187999999999896e+00
5.407691999999999499e-01 0.000000000000000000e+00 1.042502000000000040e+00 7.045627999999999780e+00
5.410188999999999693e-01 0.000000000000000000e+00 1.042273999999999923e+00 7.045065000000000133e+00
5.412685999999999886e-01 0.000000000000000000e+00 1.042046000000000028e+00 7.044497999999999927e+00
5.415183000000000080e-01 0.000000000000000000e+00 1.041817999999999911e+00 7.043928000000000189e+00
5.417680000000000273e-01 0.000000000000000000e+00 1.041590000000000016e+00 7.043353999999999893e+00
5.420177000000000467e-01 0.000000000000000000e+00 1.041363000000000039e+00 7.042777000000000065e+00
5.422675000000000134e-01 0.000000000000000000e+00 1.041134999999999922e+00 7.042195000000000427e+00
5.425172000000000327e-01 0.000000000000000000e+00 1.040907000000000027e+00 7.041610999999999621e+00
5.427669000000000521e-01 0.000000000000000000e+00 1.040678000000000214e+00 7.041021999999999892e+00
5.430165999999999604e-01 0.000000000000000000e+00 1.040450000000000097e+00 7.040429999999999744e+00
5.432662999999999798e-01 0.000000000000000000e+00 1.040221999999999980e+00 7.039833999999999925e+00
5.435159999999999991e-01 0.000000000000000000e+00 1.039993999999999863e+00 7.039234000000000435e+00
5.437657000000000185e-01 0.000000000000000000e+00 1.039765999999999968e+00 7.038630999999999638e+00
5.440154999999999852e-01 0.000000000000000000e+00 1.039538000000000073e+00 7.038024000000000058e+00
5.442652000000000045e-01 0.000000000000000000e+00 1.039309000000000038e+00 7.037414000000000058e+00
5.445149000000000239e-01 0.000000000000000000e+00 1.039080999999999921e+00 7.036799000000000248e+00
5.447646000000000432e-01 0.000000000000000000e+00 1.038853000000000026e+00 7.036181000000000019e+00
5.450142999999999516e-01 0.000000000000000000e+00 1.038623999999999992e+00 7.035560000000000258e+00
5.452639999999999709e-01 0.000000000000000000e+00 1.038395999999999875e+00 7.034933999999999799e+00
5.455136999999999903e-01 0.000000000000000000e+00 1.038167999999999980e+00 7.034304999999999808e+00
5.457634000000000096e-01 0.000000000000000000e+00 1.037939000000000167e+00 7.033672000000000146e+00
5.460131999999999763e-01 0.000000000000000000e+00 1.037711000000000050e+00 7.033034999999999926e+00
5.462628999999999957e-01 0.000000000000000000e+00 1.037482000000000015e+00 7.032395000000000174e+00
5.465126000000000150e-01 0.000000000000000000e+00 1.037253999999999898e+00 7.031749999999999723e+00
5.467623000000000344e-01 0.000000000000000000e+00 1.037025000000000086e+00 7.031101999999999741e+00
5.470120000000000537e-01 0.000000000000000000e+00 1.036796999999999969e+00 7.030451000000000228e+00
5.472616999999999621e-01 0.000000000000000000e+00 1.036567999999999934e+00 7.029795000000000016e+00
5.475113999999999814e-01 0.000000000000000000e+00 1.036338999999999899e+00 7.029136000000000273e+00
5.477611999999999481e-01 0.000000000000000000e+00 1.036111000000000004e+00 7.028471999999999831e+00
5.480108999999999675e-01 0.000000000000000000e+00 1.035881999999999969e+00 7.027804999999999858e+00
5.482605999999999868e-01 0.000000000000000000e+00 1.035652999999999935e+00 7.027135000000000353e+00
5.485103000000000062e-01 0.000000000000000000e+00 1.035425000000000040e+00 7.026460000000000150e+00
5.487600000000000255e-01 0.000000000000000000e+00 1.035196000000000005e+00 7.025782000000000416e+00
5.490097000000000449e-01 0.000000000000000000e+00 1.034967000000000192e+00 7.025098999999999982e+00
5.492593999999999532e-01 0.000000000000000000e+00 1.034739000000000075e+00 7.024413000000000018e+00
5.495092000000000310e-01 0.000000000000000000e+00 1.034510000000000041e+00 7.023723000000000383e+00
5.497589000000000503e-01 0.000000000000000000e+00 1.034281000000000006e+00 7.023029000000000188e+00
5.500085999999999586e-01 0.000000000000000000e+00 1.034051999999999971e+00 7.022331000000000323e+00
5.502582999999999780e-01 0.000000000000000000e+00 1.033823000000000158e+00 7.021630000000000038e+00
5.505079999999999973e-01 0.000000000000000000e+00 1.033594000000000124e+00 7.020923999999999943e+00
5.507577000000000167e-01 0.000000000000000000e+00 1.033366000000000007e+00 7.020215000000000316e+00
5.510074000000000360e-01 0.000000000000000000e+00 1.033136999999999972e+00 7.019502000000000130e+00
5.512571000000000554e-01 0.000000000000000000e+00 1.032907999999999937e+00 7.018784000000000134e+00
5.515069000000000221e-01 0.000000000000000000e+00 1.032679000000000125e+00 7.018062999999999718e+00
5.517566000000000415e-01 0.000000000000000000e+00 1.032450000000000090e+00 7.017337999999999631e+00
5.520062999999999498e-01 0.000000000000000000e+00 1.032221000000000055e+00 7.016608999999999874e+00
5.522559999999999691e-01 0.000000000000000000e+00 1.031992000000000020e+00 7.015875999999999557e+00
5.525056999999999885e-01 0.000000000000000000e+00 1.031762999999999986e+00 7.015138999999999569e+00
5.527554000000000078e-01 0.000000000000000000e+00 1.031534000000000173e+00 7.014399000000000051e+00
5.530051000000000272e-01 0.000000000000000000e+00 1.031305000000000138e+00 7.013653999999999833e+00
5.532548999999999939e-01 0.000000000000000000e+00 1.031076000000000104e+00 7.012904999999999944e+00
5.535046000000000133e-01 0.000000000000000000e+00 1.030847000000000069e+00 7.012152000000000385e+00
5.537543000000000326e-01 0.000000000000000000e+00 1.030618000000000034e+00 7.011396000000000406e+00
5.540040000000000520e-01 0.000000000000000000e+00 1.030388999999999999e+00 7.010634999999999728e+00
5.542536999999999603e-01 0.000000000000000000e+00 1.030160000000000187e+00 7.009870000000000267e+00
5.545033999999999796e-01 0.000000000000000000e+00 1.029930999999999930e+00 7.009101000000000248e+00
5.547530999999999990e-01 0.000000000000000000e+00 1.029701999999999895e+00 7.008328999999999809e+00
5.550028000000000183e-01 0.000000000000000000e+00 1.029472999999999860e+00 7.007551999999999559e+00
5.552525999999999851e-01 0.000000000000000000e+00 1.029243999999999826e+00 7.006770999999999638e+00
5.555023000000000044e-01 0.000000000000000000e+00 1.029015000000000013e+00 7.005986000000000047e+00
5.557520000000000238e-01 0.000000000000000000e+00 1.028785000000000061e+00 7.005198000000000036e+00
5.560017000000000431e-01 0.000000000000000000e+00 1.028556000000000026e+00 7.004405000000000214e+00
5.562513999999999514e-01 0.000000000000000000e+00 1.028326999999999991e+00 7.003607999999999834e+00
5.565010999999999708e-01 0.000000000000000000e+00 1.028097999999999956e+00 7.002806999999999782e+00
5.567507999999999901e-01 0.000000000000000000e+00 1.027868999999999922e+00 7.002002000000000059e+00
5.570005999999999569e-01 0.000000000000000000e+00 1.027640000000000109e+00 7.001192999999999778e+00
5.572502999999999762e-01 0.000000000000000000e+00 1.027411000000000074e+00 7.000379999999999825e+00
5.574999999999999956e-01 0.000000000000000000e+00 1.027182000000000039e+00 6.999562000000000062e+00
5.577497000000000149e-01 0.000000000000000000e+00 1.026953000000000005e+00 6.998740999999999879e+00
5.579994000000000343e-01 0.000000000000000000e+00 1.026723999999999970e+00 6.997914999999999885e+00
5.582491000000000536e-01 0.000000000000000000e+00 1.026494999999999935e+00 6.997086000000000361e+00
5.584987999999999619e-01 0.000000000000000000e+00 1.026266000000000123e+00 6.996252000000000137e+00
5.587484999999999813e-01 0.000000000000000000e+00 1.026035999999999948e+00 6.995414000000000243e+00
5.589982999999999480e-01 0.000000000000000000e+00 1.025806999999999913e+00 6.994571999999999790e+00
5.592479999999999674e-01 0.000000000000000000e+00 1.025577999999999879e+00 6.993725999999999665e+00
5.594976999999999867e-01 0.000000000000000000e+00 1.025348999999999844e+00 6.992875999999999870e+00
5.597474000000000061e-01 0.000000000000000000e+00 1.025119999999999809e+00 6.992021000000000264e+00
5.599971000000000254e-01 0.000000000000000000e+00 1.024890999999999996e+00 6.991163000000000238e+00
5.602468000000000448e-01 0.000000000000000000e+00 1.024661999999999962e+00 6.990300000000000402e+00
5.604964999999999531e-01 0.000000000000000000e+00 1.024432999999999927e+00 6.989433000000000007e+00
5.607463000000000308e-01 0.000000000000000000e+00 1.024203999999999892e+00 6.988561999999999941e+00
5.609960000000000502e-01 0.000000000000000000e+00 1.023975000000000080e+00 6.987687000000000204e+00
5.612456999999999585e-01 0.000000000000000000e+00 1.023746000000000045e+00 6.986806999999999768e+00
5.614953999999999779e-01 0.000000000000000000e+00 1.023517000000000010e+00 6.985923999999999801e+00
5.617450999999999972e-01 0.000000000000000000e+00 1.023287999999999975e+00 6.985036000000000023e+00
5.619948000000000166e-01 0.000000000000000000e+00 1.023058999999999941e+00 6.984143999999999686e+00
5.622445000000000359e-01 0.000000000000000000e+00 1.022831000000000046e+00 6.983247000000000426e+00
5.624942000000000553e-01 0.000000000000000000e+00 1.022602000000000011e+00 6.982346999999999859e+00
5.627440000000000220e-01 0.000000000000000000e+00 1.022372999999999976e+00 6.981442000000000370e+00
5.629937000000000413e-01 0.000000000000000000e+00 1.022143999999999942e+00 6.980533000000000321e+00
5.632433999999999497e-01 0.000000000000000000e+00 1.021914999999999907e+00 6.979618999999999573e+00
5.634930999999999690e-01 0.000000000000000000e+00 1.021686000000000094e+00 6.978702000000000183e+00
5.637427999999999884e-01 0.000000000000000000e+00 1.021457999999999977e+00 6.977780000000000094e+00
5.639925000000000077e-01 0.000000000000000000e+00 1.021228999999999942e+00 6.976854000000000333e+00
5.642422000000000271e-01 0.000000000000000000e+00 1.020999999999999908e+00 6.975922999999999874e+00
5.644919999999999938e-01 0.000000000000000000e+00 1.020770999999999873e+00 6.974988999999999884e+00
5.647417000000000131e-01 0.000000000000000000e+00 1.020542999999999978e+00 6.974050000000000082e+00
5.649914000000000325e-01 0.000000000000000000e+00 1.020313999999999943e+00 6.973105999999999582e+00
5.652411000000000518e-01 0.000000000000000000e+00 1.020085000000000131e+00 6.972159000000000439e+00
5.654907999999999602e-01 0.000000000000000000e+00 1.019857000000000014e+00 6.971206999999999709e+00
5.657404999999999795e-01 0.000000000000000000e+00 1.019627999999999979e+00 6.970250000000000057e+00
5.659901999999999989e-01 0.000000000000000000e+00 1.019400000000000084e+00 6.969289999999999985e+00
5.662399999999999656e-01 0.000000000000000000e+00 1.019171000000000049e+00 6.968325000000000102e+00
5.664896999999999849e-01 0.000000000000000000e+00 1.018942999999999932e+00 6.967355000000000409e+00
5.667394000000000043e-01 0.000000000000000000e+00 1.018714000000000119e+00 6.966382000000000296e+00
5.669891000000000236e-01 0.000000000000000000e+00 1.018486000000000002e+00 6.965404000000000373e+00
5.672388000000000430e-01 0.000000000000000000e+00 1.018256999999999968e+00 6.964420999999999751e+00
5.674884999999999513e-01 0.000000000000000000e+00 1.018029000000000073e+00 6.963434000000000346e+00
5.677381999999999707e-01 0.000000000000000000e+00 1.017800999999999956e+00 6.962443000000000382e+00
5.679878999999999900e-01 0.000000000000000000e+00 1.017571999999999921e+00 6.961446999999999719e+00
5.682376999999999567e-01 0.000000000000000000e+00 1.017344000000000026e+00 6.960447000000000273e+00
5.684873999999999761e-01 0.000000000000000000e+00 1.017115999999999909e+00 6.959443000000000268e+00
5.687370999999999954e-01 0.000000000000000000e+00 1.016888000000000014e+00 6.958433999999999564e+00
5.689868000000000148e-01 0.000000000000000000e+00 1.016658999999999979e+00 6.957419999999999938e+00
5.692365000000000341e-01 0.000000000000000000e+00 1.016431000000000084e+00 6.956402999999999892e+00
5.694862000000000535e-01 0.000000000000000000e+00 1.016202999999999967e+00 6.955379999999999896e+00
5.697358999999999618e-01 0.000000000000000000e+00 1.015975000000000072e+00 6.954354000000000369e+00
5.699857000000000395e-01 0.000000000000000000e+00 1.015746999999999955e+00 6.953323000000000143e+00
5.702353999999999479e-01 0.000000000000000000e+00 1.015519000000000061e+00 6.952287000000000106e+00
5.704850999999999672e-01 0.000000000000000000e+00 1.015290999999999944e+00 6.951247000000000398e+00
5.707347999999999866e-01 0.000000000000000000e+00 1.015063000000000049e+00 6.950201999999999991e+00
5.709845000000000059e-01 0.000000000000000000e+00 1.014834999999999932e+00 6.949152999999999913e+00
5.712342000000000253e-01 0.000000000000000000e+00 1.014607000000000037e+00 6.948100000000000165e+00
5.714839000000000446e-01 0.000000000000000000e+00 1.014378999999999920e+00 6.947041999999999717e+00
5.717335999999999530e-01 0.000000000000000000e+00 1.014151999999999942e+00 6.945979000000000347e+00
5.719834000000000307e-01 0.000000000000000000e+00 1.013924000000000047e+00 6.944912000000000418e+00
5.722331000000000500e-01 0.000000000000000000e+00 1.013695999999999930e+00 6.943839999999999790e+00
5.724827999999999584e-01 0.000000000000000000e+00 1.013468999999999953e+00 6.942764000000000379e+00
5.727324999999999777e-01 0.000000000000000000e+00 1.013241000000000058e+00 6.941683000000000270e+00
5.729821999999999971e-01 0.000000000000000000e+00 1.013012999999999941e+00 6.940597999999999601e+00
5.732319000000000164e-01 0.000000000000000000e+00 1.012785999999999964e+00 6.939508000000000010e+00
5.734816000000000358e-01 0.000000000000000000e+00 1.012558000000000069e+00 6.938413999999999859e+00
5.737314000000000025e-01 0.000000000000000000e+00 1.012331000000000092e+00 6.937314999999999898e+00
5.739811000000000218e-01 0.000000000000000000e+00 1.012104000000000115e+00 6.936211000000000126e+00
5.742308000000000412e-01 0.000000000000000000e+00 1.011875999999999998e+00 6.935102999999999795e+00
5.744804999999999495e-01 0.000000000000000000e+00 1.011649000000000020e+00 6.933989999999999654e+00
5.747301999999999689e-01 0.000000000000000000e+00 1.011422000000000043e+00 6.932872999999999841e+00
5.749798999999999882e-01 0.000000000000000000e+00 1.011195000000000066e+00 6.931751000000000218e+00
5.752296000000000076e-01 0.000000000000000000e+00 1.010967999999999867e+00 6.930625000000000036e+00
5.754793000000000269e-01 0.000000000000000000e+00 1.010739999999999972e+00 6.929492999999999903e+00
5.757290999999999936e-01 0.000000000000000000e+00 1.010512999999999995e+00 6.928358000000000239e+00
5.759788000000000130e-01 0.000000000000000000e+00 1.010286000000000017e+00 6.927216999999999736e+00
5.762285000000000323e-01 0.000000000000000000e+00 1.010059999999999958e+00 6.926071999999999562e+00
5.764782000000000517e-01 0.000000000000000000e+00 1.009832999999999981e+00 6.924922999999999718e+00
5.767278999999999600e-01 0.000000000000000000e+00 1.009606000000000003e+00 6.923767999999999923e+00
5.769775999999999794e-01 0.000000000000000000e+00 1.009379000000000026e+00 6.922608999999999568e+00
5.772272999999999987e-01 0.000000000000000000e+00 1.009152000000000049e+00 6.921446000000000431e+00
5.774770999999999654e-01 0.000000000000000000e+00 1.008925999999999989e+00 6.920276999999999568e+00
5.777267999999999848e-01 0.000000000000000000e+00 1.008699000000000012e+00 6.919103999999999921e+00
5.779765000000000041e-01 0.000000000000000000e+00 1.008472999999999953e+00 6.917926999999999715e+00
5.782262000000000235e-01 0.000000000000000000e+00 1.008245999999999976e+00 6.916743999999999559e+00
5.784759000000000428e-01 0.000000000000000000e+00 1.008019999999999916e+00 6.915556999999999732e+00
5.787255999999999512e-01 0.000000000000000000e+00 1.007792999999999939e+00 6.914366000000000234e+00
5.789752999999999705e-01 0.000000000000000000e+00 1.007567000000000101e+00 6.913168999999999897e+00
5.792249999999999899e-01 0.000000000000000000e+00 1.007341000000000042e+00 6.911967999999999890e+00
5.794747999999999566e-01 0.000000000000000000e+00 1.007114999999999982e+00 6.910762000000000072e+00
5.797244999999999759e-01 0.000000000000000000e+00 1.006888999999999923e+00 6.909551000000000442e+00
5.799741999999999953e-01 0.000000000000000000e+00 1.006663000000000086e+00 6.908336000000000254e+00
5.802239000000000146e-01 0.000000000000000000e+00 1.006437000000000026e+00 6.907116000000000255e+00
5.804736000000000340e-01 0.000000000000000000e+00 1.006210999999999967e+00 6.905890999999999558e+00
5.807233000000000533e-01 0.000000000000000000e+00 1.005984999999999907e+00 6.904660999999999937e+00
5.809729999999999617e-01 0.000000000000000000e+00 1.005759000000000070e+00 6.903426999999999758e+00
5.812228000000000394e-01 0.000000000000000000e+00 1.005533999999999928e+00 6.902187999999999768e+00
5.814724999999999477e-01 0.000000000000000000e+00 1.005308000000000090e+00 6.900943999999999967e+00
5.817221999999999671e-01 0.000000000000000000e+00 1.005082999999999949e+00 6.899695000000000356e+00
5.819718999999999864e-01 0.000000000000000000e+00 1.004856999999999889e+00 6.898442000000000185e+00
5.822216000000000058e-01 0.000000000000000000e+00 1.004631999999999969e+00 6.897183000000000064e+00
5.824713000000000251e-01 0.000000000000000000e+00 1.004405999999999910e+00 6.895920000000000272e+00
5.827210000000000445e-01 0.000000000000000000e+00 1.004180999999999990e+00 6.894651999999999781e+00
5.829708000000000112e-01 0.000000000000000000e+00 1.003956000000000071e+00 6.893379000000000367e+00
5.832205000000000306e-01 0.000000000000000000e+00 1.003730999999999929e+00 6.892102000000000395e+00
5.834702000000000499e-01 0.000000000000000000e+00 1.003506000000000009e+00 6.890819999999999723e+00
5.837198999999999582e-01 0.000000000000000000e+00 1.003280999999999867e+00 6.889531999999999989e+00
5.839695999999999776e-01 0.000000000000000000e+00 1.003055999999999948e+00 6.888239999999999696e+00
5.842192999999999969e-01 0.000000000000000000e+00 1.002831000000000028e+00 6.886942999999999593e+00
5.844690000000000163e-01 0.000000000000000000e+00 1.002607000000000026e+00 6.885641999999999818e+00
5.847187000000000356e-01 0.000000000000000000e+00 1.002381999999999884e+00 6.884335000000000093e+00
5.849685000000000024e-01 0.000000000000000000e+00 1.002158000000000104e+00 6.883023999999999809e+00
5.852182000000000217e-01 0.000000000000000000e+00 1.001932999999999963e+00 6.881706999999999574e+00
5.854679000000000411e-01 0.000000000000000000e+00 1.001708999999999961e+00 6.880385999999999669e+00
5.857175999999999494e-01 0.000000000000000000e+00 1.001484999999999959e+00 6.879059999999999953e+00
5.859672999999999687e-01 0.000000000000000000e+00 1.001260000000000039e+00 6.877729000000000426e+00
5.862169999999999881e-01 0.000000000000000000e+00 1.001036000000000037e+00 6.876393000000000200e+00
5.864667000000000074e-01 0.000000000000000000e+00 1.000812000000000035e+00 6.875052000000000163e+00
5.867164999999999742e-01 0.000000000000000000e+00 1.000588000000000033e+00 6.873706999999999567e+00
5.869661999999999935e-01 0.000000000000000000e+00 1.000364999999999949e+00 6.872355999999999909e+00
5.872159000000000129e-01 0.000000000000000000e+00 1.000140999999999947e+00 6.871000999999999692e+00
5.874656000000000322e-01 0.000000000000000000e+00 9.999171000000000031e-01 6.869640000000000413e+00
5.877153000000000516e-01 0.000000000000000000e+00 9.996935999999999600e-01 6.868274999999999686e+00
5.879649999999999599e-01 0.000000000000000000e+00 9.994701000000000279e-01 6.866905000000000037e+00
5.882146999999999792e-01 0.000000000000000000e+00 9.992467000000000432e-01 6.865529000000000437e+00
5.884643999999999986e-01 0.000000000000000000e+00 9.990235000000000642e-01 6.864149000000000278e+00
5.887141999999999653e-01 0.000000000000000000e+00 9.988002999999999743e-01 6.862764000000000308e+00
5.889638999999999847e-01 0.000000000000000000e+00 9.985771999999999426e-01 6.861373999999999640e+00
5.892136000000000040e-01 0.000000000000000000e+00 9.983541999999999694e-01 6.859979000000000049e+00
5.894633000000000234e-01 0.000000000000000000e+00 9.981313000000000546e-01 6.858578999999999759e+00
5.897130000000000427e-01 0.000000000000000000e+00 9.979084999999999761e-01 6.857173999999999658e+00
5.899626999999999510e-01 0.000000000000000000e+00 9.976857999999999560e-01 6.855763999999999747e+00
5.902123999999999704e-01 0.000000000000000000e+00 9.974631999999999943e-01 6.854349000000000025e+00
5.904622000000000481e-01 0.000000000000000000e+00 9.972408000000000383e-01 6.852928999999999604e+00
5.907118999999999565e-01 0.000000000000000000e+00 9.970184000000000824e-01 6.851505000000000400e+00
5.909615999999999758e-01 0.000000000000000000e+00 9.967961000000000737e-01 6.850075000000000358e+00
5.912112999999999952e-01 0.000000000000000000e+00 9.965739000000000125e-01 6.848639999999999617e+00
5.914610000000000145e-01 0.000000000000000000e+00 9.963518000000000097e-01 6.847199999999999953e+00
5.917107000000000339e-01 0.000000000000000000e+00 9.961298000000000652e-01 6.845754999999999590e+00
5.919604000000000532e-01 0.000000000000000000e+00 9.959080000000000155e-01 6.844305000000000305e+00
5.922100999999999615e-01 0.000000000000000000e+00 9.956861999999999657e-01 6.842850000000000321e+00
5.924599000000000393e-01 0.000000000000000000e+00 9.954645000000000854e-01 6.841389999999999638e+00
5.927095999999999476e-01 0.000000000000000000e+00 9.952430000000000998e-01 6.839925000000000033e+00
5.929592999999999670e-01 0.000000000000000000e+00 9.950214999999998922e-01 6.838454999999999728e+00
5.932089999999999863e-01 0.000000000000000000e+00 9.948002000000000233e-01 6.836979000000000362e+00
5.934587000000000057e-01 0.000000000000000000e+00 9.945789999999999909e-01 6.835499000000000436e+00
5.937084000000000250e-01 0.000000000000000000e+00 9.943579000000000168e-01 6.834012999999999671e+00
5.939581000000000444e-01 0.000000000000000000e+00 9.941368999999999900e-01 6.832523000000000124e+00
5.942079000000000111e-01 0.000000000000000000e+00 9.939160000000000217e-01 6.831026999999999738e+00
5.944576000000000304e-01 0.000000000000000000e+00 9.936952000000000007e-01 6.829526000000000430e+00
5.947073000000000498e-01 0.000000000000000000e+00 9.934745000000000381e-01 6.828020000000000422e+00
5.949569999999999581e-01 0.000000000000000000e+00 9.932539999999999702e-01 6.826508999999999716e+00
5.952066999999999775e-01 0.000000000000000000e+00 9.930335000000000134e-01 6.824993000000000087e+00
5.954563999999999968e-01 0.000000000000000000e+00 9.928132000000000623e-01 6.823470999999999620e+00
5.957061000000000162e-01 0.000000000000000000e+00 9.925929999999999476e-01 6.821944000000000230e+00
5.959558000000000355e-01 0.000000000000000000e+00 9.923729000000000022e-01 6.820413000000000281e+00
5.962056000000000022e-01 0.000000000000000000e+00 9.921530000000000626e-01 6.818875000000000242e+00
5.964553000000000216e-01 0.000000000000000000e+00 9.919331000000000120e-01 6.817332999999999643e+00
5.967050000000000409e-01 0.000000000000000000e+00 9.917133999999999672e-01 6.815786000000000122e+00
5.969546999999999493e-01 0.000000000000000000e+00 9.914937999999999807e-01 6.814232999999999763e+00
5.972043999999999686e-01 0.000000000000000000e+00 9.912743000000000526e-01 6.812674999999999592e+00
5.974540999999999880e-01 0.000000000000000000e+00 9.910548999999999609e-01 6.811111999999999611e+00
5.977038000000000073e-01 0.000000000000000000e+00 9.908356999999999859e-01 6.809543999999999819e+00
5.979535999999999740e-01 0.000000000000000000e+00 9.906165000000000109e-01 6.807970000000000077e+00
5.982032999999999934e-01 0.000000000000000000e+00 9.903975000000000417e-01 6.806390999999999636e+00
5.984530000000000127e-01 0.000000000000000000e+00 9.901787000000000782e-01 6.804807000000000272e+00
5.987027000000000321e-01 0.000000000000000000e+00 9.899598999999998927e-01 6.803218000000000210e+00
5.989524000000000514e-01 0.000000000000000000e+00 9.897413000000000460e-01 6.801624000000000336e+00
5.992020999999999598e-01 0.000000000000000000e+00 9.895227999999999247e-01 6.800023999999999624e+00
5.994517999999999791e-01 0.000000000000000000e+00 9.893043999999999727e-01 6.798418999999999990e+00
5.997015999999999458e-01 0.000000000000000000e+00 9.890861999999999155e-01 6.796808999999999656e+00
5.999512999999999652e-01 0.000000000000000000e+00 9.888680000000000803e-01 6.795194000000000401e+00
6.002009999999999845e-01 0.000000000000000000e+00 9.886500999999999761e-01 6.793573000000000306e+00
6.004507000000000039e-01 0.000000000000000000e+00 9.884321999999999830e-01 6.791947999999999652e+00
6.007004000000000232e-01 0.000000000000000000e+00 9.882144999999999957e-01 6.790316999999999936e+00
6.009501000000000426e-01 0.000000000000000000e+00 9.879968999999999557e-01 6.788681000000000409e+00
6.011997999999999509e-01 0.000000000000000000e+00 9.877793999999999741e-01 6.787039000000000044e+00
6.014494999999999703e-01 0.000000000000000000e+00 9.875620999999999983e-01 6.785393000000000008e+00
6.016993000000000480e-01 0.000000000000000000e+00 9.873449000000000808e-01 6.783741000000000021e+00
6.019489999999999563e-01 0.000000000000000000e+00 9.871278999999999471e-01 6.782084000000000223e+00
6.021986999999999757e-01 0.000000000000000000e+00 9.869109999999999827e-01 6.780421999999999727e+00
6.024483999999999950e-01 0.000000000000000000e+00 9.866942000000000768e-01 6.778754000000000168e+00
6.026981000000000144e-01 0.000000000000000000e+00 9.864776000000000655e-01 6.777080999999999911e+00
6.029478000000000337e-01 0.000000000000000000e+00 9.862611000000000017e-01 6.775402999999999842e+00
6.031975000000000531e-01 0.000000000000000000e+00 9.860446999999999962e-01 6.773719999999999963e+00
6.034473000000000198e-01 0.000000000000000000e+00 9.858284999999999965e-01 6.772031000000000134e+00
6.036970000000000391e-01 0.000000000000000000e+00 9.856125000000000025e-01 6.770336999999999605e+00
6.039466999999999475e-01 0.000000000000000000e+00 9.853966000000000669e-01 6.768638000000000154e+00
6.041963999999999668e-01 0.000000000000000000e+00 9.851807999999999677e-01 6.766932999999999865e+00
6.044460999999999862e-01 0.000000000000000000e+00 9.849651999999999852e-01 6.765223999999999904e+00
6.046958000000000055e-01 0.000000000000000000e+00 9.847496999999999501e-01 6.763507999999999853e+00
6.049455000000000249e-01 0.000000000000000000e+00 9.845344000000000317e-01 6.761786999999999992e+00
6.051952000000000442e-01 0.000000000000000000e+00 9.843192000000000608e-01 6.760061000000000320e+00
6.054450000000000109e-01 0.000000000000000000e+00 9.841041999999999845e-01 6.758329999999999949e+00
6.056947000000000303e-01 0.000000000000000000e+00 9.838893000000000777e-01 6.756592999999999627e+00
6.059444000000000496e-01 0.000000000000000000e+00 9.836746000000000656e-01 6.754850000000000243e+00
6.061940999999999580e-01 0.000000000000000000e+00 9.834600000000000009e-01 6.753103000000000300e+00
6.064437999999999773e-01 0.000000000000000000e+00 9.832455999999999419e-01 6.751349000000000267e+00
6.066934999999999967e-01 0.000000000000000000e+00 9.830312999999999413e-01 6.749590999999999674e+00
6.069432000000000160e-01 0.000000000000000000e+00 9.828171999999999464e-01 6.747825999999999880e+00
6.071929999999999827e-01 0.000000000000000000e+00 9.826032999999999573e-01 6.746057000000000414e+00
6.074427000000000021e-01 0.000000000000000000e+00 9.823895000000000266e-01 6.744282000000000110e+00
6.076924000000000214e-01 0.000000000000000000e+00 9.821758999999999906e-01 6.742500999999999856e+00
6.079421000000000408e-01 0.000000000000000000e+00 9.819624000000000130e-01 6.740714999999999790e+00
6.081917999999999491e-01 0.000000000000000000e+00 9.817491000000000412e-01 6.738922999999999774e+00
6.084414999999999685e-01 0.000000000000000000e+00 9.815359999999999641e-01 6.737125999999999948e+00
6.086911999999999878e-01 0.000000000000000000e+00 9.813229999999999453e-01 6.735324000000000311e+00
6.089409000000000072e-01 0.000000000000000000e+00 9.811101999999999324e-01 6.733515999999999835e+00
6.091906999999999739e-01 0.000000000000000000e+00 9.808975000000000888e-01 6.731703000000000436e+00
6.094403999999999932e-01 0.000000000000000000e+00 9.806849999999999179e-01 6.729884000000000199e+00
6.096901000000000126e-01 0.000000000000000000e+00 9.804727000000000858e-01 6.728060000000000151e+00
6.099398000000000319e-01 0.000000000000000000e+00 9.802604999999999791e-01 6.726230000000000153e+00
6.101895000000000513e-01 0.000000000000000000e+00 9.800484999999999891e-01 6.724395000000000344e+00
6.104391999999999596e-01 0.000000000000000000e+00 9.798367000000000049e-01 6.722553999999999697e+00
6.106888999999999790e-01 0.000000000000000000e+00 9.796251000000000264e-01 6.720708000000000126e+00
6.109386999999999457e-01 0.000000000000000000e+00 9.794135999999999953e-01 6.718856999999999857e+00
6.111883999999999650e-01 0.000000000000000000e+00 9.792021999999999116e-01 6.716999999999999638e+00
6.114380999999999844e-01 0.000000000000000000e+00 9.789911000000000030e-01 6.715137000000000356e+00
6.116878000000000037e-01 0.000000000000000000e+00 9.787800999999999307e-01 6.713269000000000375e+00
6.119375000000000231e-01 0.000000000000000000e+00 9.785692999999999753e-01 6.711395999999999695e+00
6.121872000000000424e-01 0.000000000000000000e+00 9.783587000000000256e-01 6.709516999999999953e+00
6.124368999999999508e-01 0.000000000000000000e+00 9.781482000000000232e-01 6.707633000000000401e+00
6.126865999999999701e-01 0.000000000000000000e+00 9.779379999999999740e-01 6.705743000000000009e+00
6.129364000000000479e-01 0.000000000000000000e+00 9.777278999999999831e-01 6.703847999999999807e+00
6.131860999999999562e-01 0.000000000000000000e+00 9.775179000000000507e-01 6.701946999999999655e+00
6.134357999999999755e-01 0.000000000000000000e+00 9.773082000000000713e-01 6.700040999999999691e+00
6.136854999999999949e-01 0.000000000000000000e+00 9.770986000000000393e-01 6.698128999999999778e+00
6.139352000000000142e-01 0.000000000000000000e+00 9.768892000000000131e-01 6.696212000000000053e+00
6.141849000000000336e-01 0.000000000000000000e+00 9.766799999999999926e-01 6.694289000000000378e+00
6.144346000000000529e-01 0.000000000000000000e+00 9.764709999999999779e-01 6.692359999999999864e+00
6.146844000000000197e-01 0.000000000000000000e+00 9.762621000000000215e-01 6.690426000000000428e+00
6.149341000000000390e-01 0.000000000000000000e+00 9.760533999999999599e-01 6.688486000000000153e+00
6.151837999999999473e-01 0.000000000000000000e+00 9.758450000000000735e-01 6.686541000000000068e+00
6.154334999999999667e-01 0.000000000000000000e+00 9.756367000000000234e-01 6.684590000000000032e+00
6.156831999999999860e-01 0.000000000000000000e+00 9.754285999999999790e-01 6.682633000000000045e+00
6.159329000000000054e-01 0.000000000000000000e+00 9.752205999999999930e-01 6.680671000000000248e+00
6.161826000000000247e-01 0.000000000000000000e+00 9.750128999999999602e-01 6.678702999999999612e+00
6.164323999999999915e-01 0.000000000000000000e+00 9.748052999999999857e-01 6.676730000000000054e+00
6.166821000000000108e-01 0.000000000000000000e+00 9.745979999999999643e-01 6.674750999999999657e+00
6.169318000000000302e-01 0.000000000000000000e+00 9.743908000000000014e-01 6.672766000000000197e+00
6.171815000000000495e-01 0.000000000000000000e+00 9.741838999999999915e-01 6.670776000000000039e+00
6.174311999999999578e-01 0.000000000000000000e+00 9.739770999999999290e-01 6.668779999999999930e+00
6.176808999999999772e-01 0.000000000000000000e+00 9.737704999999999833e-01 6.666777999999999871e+00
6.179305999999999965e-01 0.000000000000000000e+00 9.735641000000000433e-01 6.664771000000000001e+00
6.181803000000000159e-01 0.000000000000000000e+00 9.733578999999999981e-01 6.662758000000000180e+00
6.184300999999999826e-01 0.000000000000000000e+00 9.731518999999999586e-01 6.660739000000000409e+00
6.186798000000000020e-01 0.000000000000000000e+00 9.729461999999999833e-01 6.658714999999999939e+00
6.189295000000000213e-01 0.000000000000000000e+00 9.727405999999999553e-01 6.656685000000000407e+00
6.191792000000000407e-01 0.000000000000000000e+00 9.725352000000000441e-01 6.654650000000000176e+00
6.194288999999999490e-01 0.000000000000000000e+00 9.723300000000000276e-01 6.652608999999999995e+00
6.196785999999999683e-01 0.000000000000000000e+00 9.721250000000000169e-01 6.650561999999999863e+00
6.199282999999999877e-01 0.000000000000000000e+00 9.719202999999999593e-01 6.648508999999999780e+00
6.201780999999999544e-01 0.000000000000000000e+00 9.717156999999999600e-01 6.646450999999999887e+00
6.204277999999999738e-01 0.000000000000000000e+00 9.715114000000000249e-01 6.644388000000000183e+00
6.206774999999999931e-01 0.000000000000000000e+00 9.713071999999999262e-01 6.642318000000000389e+00
6.209272000000000125e-01 0.000000000000000000e+00 9.711033000000000026e-01 6.640242999999999896e+00
6.211769000000000318e-01 0.000000000000000000e+00 9.708995999999999738e-01 6.638162000000000340e+00
6.214266000000000512e-01 0.000000000000000000e+00 9.706960999999999506e-01 6.636076000000000086e+00
6.216762999999999595e-01 0.000000000000000000e+00 9.704927999999999333e-01 6.633983999999999881e+00
6.219259999999999788e-01 0.000000000000000000e+00 9.702897000000000327e-01 6.631885999999999726e+00
6.221757999999999456e-01 0.000000000000000000e+00 9.700868000000000269e-01 6.629781999999999620e+00
6.224254999999999649e-01 0.000000000000000000e+00 9.698841999999999741e-01 6.627672999999999703e+00
6.226751999999999843e-01 0.000000000000000000e+00 9.696817999999999271e-01 6.625557999999999836e+00
6.229249000000000036e-01 0.000000000000000000e+00 9.694795000000000496e-01 6.623437000000000019e+00
6.231746000000000230e-01 0.000000000000000000e+00 9.692775999999999614e-01 6.621311000000000391e+00
6.234243000000000423e-01 0.000000000000000000e+00 9.690757999999999317e-01 6.619178999999999924e+00
6.236739999999999506e-01 0.000000000000000000e+00 9.688742000000000187e-01 6.617041000000000395e+00
6.239238000000000284e-01 0.000000000000000000e+00 9.686729000000000589e-01 6.614898000000000167e+00
6.241735000000000477e-01 0.000000000000000000e+00 9.684717999999999938e-01 6.612748999999999988e+00
6.244231999999999561e-01 0.000000000000000000e+00 9.682708999999999344e-01 6.610593999999999859e+00
6.246728999999999754e-01 0.000000000000000000e+00 9.680701999999999918e-01 6.608432999999999780e+00
6.249225999999999948e-01 0.000000000000000000e+00 9.678698000000000023e-01 6.606265999999999750e+00
6.251723000000000141e-01 0.000000000000000000e+00 9.676695999999999076e-01 6.604093999999999909e+00
6.254220000000000335e-01 0.000000000000000000e+00 9.674696000000000407e-01 6.601916000000000118e+00
6.256717000000000528e-01 0.000000000000000000e+00 9.672698000000000684e-01 6.599732999999999628e+00
6.259215000000000195e-01 0.000000000000000000e+00 9.670701999999999909e-01 6.597544000000000075e+00
6.261712000000000389e-01 0.000000000000000000e+00 9.668708999999999776e-01 6.595348999999999684e+00
6.264208999999999472e-01 0.000000000000000000e+00 9.666717999999999700e-01 6.593148000000000231e+00
6.266705999999999666e-01 0.000000000000000000e+00 9.664728999999999681e-01 6.590940999999999939e+00
6.269202999999999859e-01 0.000000000000000000e+00 9.662743000000000304e-01 6.588728999999999836e+00
6.271700000000000053e-01 0.000000000000000000e+00 9.660759000000000984e-01 6.586510999999999783e+00
6.274197000000000246e-01 0.000000000000000000e+00 9.658776999999999502e-01 6.584287999999999919e+00
6.276694999999999913e-01 0.000000000000000000e+00 9.656797000000000297e-01 6.582059000000000104e+00
6.279192000000000107e-01 0.000000000000000000e+00 9.654819999999999514e-01 6.579824000000000339e+00
6.281689000000000300e-01 0.000000000000000000e+00 9.652844999999999898e-01 6.577582999999999736e+00
6.284186000000000494e-01 0.000000000000000000e+00 9.650872000000000339e-01 6.575336000000000070e+00
6.286682999999999577e-01 0.000000000000000000e+00 9.648902000000000312e-01 6.573083999999999705e+00
6.289179999999999771e-01 0.000000000000000000e+00 9.646934000000000342e-01 6.570826000000000278e+00
6.291676999999999964e-01 0.000000000000000000e+00 9.644968000000000430e-01 6.568563000000000152e+00
6.294174000000000158e-01 0.000000000000000000e+00 9.643003999999999465e-01 6.566292999999999935e+00
6.296671999999999825e-01 0.000000000000000000e+00 9.641042999999999141e-01 6.564017999999999908e+00
6.299169000000000018e-01 0.000000000000000000e+00 9.639085000000000569e-01 6.561736999999999931e+00
6.301666000000000212e-01 0.000000000000000000e+00 9.637128000000000361e-01 6.559450000000000003e+00
6.304163000000000405e-01 0.000000000000000000e+00 9.635173999999999683e-01 6.557157000000000124e+00
6.306659999999999489e-01 0.000000000000000000e+00 9.633223000000000757e-01 6.554858000000000295e+00
6.309156999999999682e-01 0.000000000000000000e+00 9.631273999999999669e-01 6.552553999999999768e+00
6.311653999999999876e-01 0.000000000000000000e+00 9.629326999999999748e-01 6.550243000000000038e+00
6.314151999999999543e-01 0.000000000000000000e+00 9.627382999999999358e-01 6.547926999999999609e+00
6.316648999999999736e-01 0.000000000000000000e+00 9.625440999999999026e-01 6.545605000000000118e+00
6.319145999999999930e-01 0.000000000000000000e+00 9.623501999999999335e-01 6.543276999999999788e+00
6.321643000000000123e-01 0.000000000000000000e+00 9.621565000000000811e-01 6.540943000000000396e+00
6.324140000000000317e-01 0.000000000000000000e+00 9.619631000000000709e-01 6.538603000000000165e+00
6.326637000000000510e-01 0.000000000000000000e+00 9.617700000000000138e-01 6.536256999999999984e+00
6.329133999999999594e-01 0.000000000000000000e+00 9.615770999999999624e-01 6.533905999999999992e+00
6.331632000000000371e-01 0.000000000000000000e+00 9.613844000000000278e-01 6.531547999999999909e+00
6.334128999999999454e-01 0.000000000000000000e+00 9.611920999999999937e-01 6.529185000000000016e+00
6.336625999999999648e-01 0.000000000000000000e+00 9.609999999999999654e-01 6.526816000000000173e+00
6.339122999999999841e-01 0.000000000000000000e+00 9.608082000000000011e-01 6.524441000000000379e+00
6.341620000000000035e-01 0.000000000000000000e+00 9.606165999999999316e-01 6.522059999999999746e+00
6.344117000000000228e-01 0.000000000000000000e+00 9.604253000000000373e-01 6.519673000000000052e+00
6.346614000000000422e-01 0.000000000000000000e+00 9.602344000000000435e-01 6.517280000000000406e+00
6.349110999999999505e-01 0.000000000000000000e+00 9.600435999999999970e-01 6.514882000000000062e+00
6.351609000000000282e-01 0.000000000000000000e+00 9.598531999999999620e-01 6.512477999999999767e+00
6.354106000000000476e-01 0.000000000000000000e+00 9.596630999999999911e-01 6.510067000000000270e+00
6.356602999999999559e-01 0.000000000000000000e+00 9.594732000000000260e-01 6.507651000000000074e+00
6.359099999999999753e-01 0.000000000000000000e+00 9.592836000000000141e-01 6.505230000000000068e+00
6.361596999999999946e-01 0.000000000000000000e+00 9.590942999999999552e-01 6.502801999999999971e+00
6.364094000000000140e-01 0.000000000000000000e+00 9.589054000000000189e-01 6.500369000000000064e+00
6.366591000000000333e-01 0.000000000000000000e+00 9.587166999999999772e-01 6.497929000000000066e+00
6.369089000000000000e-01 0.000000000000000000e+00 9.585282999999999998e-01 6.495484000000000258e+00
6.371586000000000194e-01 0.000000000000000000e+00 9.583401999999999754e-01 6.493032999999999610e+00
6.374083000000000387e-01 0.000000000000000000e+00 9.581523999999999042e-01 6.490577000000000041e+00
6.376579999999999471e-01 0.000000000000000000e+00 9.579648999999998971e-01 6.488114000000000381e+00
6.379076999999999664e-01 0.000000000000000000e+00 9.577777999999999015e-01 6.485646000000000022e+00
6.381573999999999858e-01 0.000000000000000000e+00 9.575909000000000226e-01 6.483171999999999713e+00
6.384071000000000051e-01 0.000000000000000000e+00 9.574042999999999859e-01 6.480692000000000341e+00
6.386568000000000245e-01 0.000000000000000000e+00 9.572181000000000717e-01 6.478207000000000271e+00
6.389065999999999912e-01 0.000000000000000000e+00 9.570321000000000522e-01 6.475715000000000110e+00
6.391563000000000105e-01 0.000000000000000000e+00 9.568465000000000442e-01 6.473218000000000139e+00
6.394060000000000299e-01 0.000000000000000000e+00 9.566611000000000420e-01 6.470715000000000217e+00
6.396557000000000492e-01 0.000000000000000000e+00 9.564759999999999929e-01 6.468206000000000344e+00
6.399053999999999576e-01 0.000000000000000000e+00 9.562912000000000079e-01 6.465690999999999633e+00
6.401550999999999769e-01 0.000000000000000000e+00 9.561067000000000871e-01 6.463170999999999999e+00
6.404047999999999963e-01 0.000000000000000000e+00 9.559225000000000083e-01 6.460645000000000415e+00
6.406545999999999630e-01 0.000000000000000000e+00 9.557385000000000463e-01 6.458111999999999853e+00
6.409042999999999823e-01 0.000000000000000000e+00 9.555548000000000375e-01 6.455574000000000368e+00
6.411540000000000017e-01 0.000000000000000000e+00 9.553713999999999817e-01 6.453030000000000044e+00
6.414037000000000210e-01 0.000000000000000000e+00 9.551882000000000428e-01 6.450480999999999909e+00
6.416534000000000404e-01 0.000000000000000000e+00 9.550053000000000569e-01 6.447924999999999685e+00
6.419030999999999487e-01 0.000000000000000000e+00 9.548225999999999658e-01 6.445363000000000397e+00
6.421527999999999681e-01 0.000000000000000000e+00 9.546400999999999915e-01 6.442796000000000411e+00
6.424024999999999874e-01 0.000000000000000000e+00 9.544579999999999176e-01 6.440222000000000335e+00
6.426522999999999541e-01 0.000000000000000000e+00 9.542759999999999021e-01 6.437642999999999560e+00
6.429019999999999735e-01 0.000000000000000000e+00 9.540942999999999508e-01 6.435056999999999583e+00
6.431516999999999928e-01 0.000000000000000000e+00 9.539127999999998941e-01 6.432465999999999795e+00
6.434014000000000122e-01 0.000000000000000000e+00 9.537316000000000127e-01 6.429869000000000057e+00
6.436511000000000315e-01 0.000000000000000000e+00 9.535505000000000786e-01 6.427266000000000368e+00
6.439008000000000509e-01 0.000000000000000000e+00 9.533696999999999866e-01 6.424655999999999700e+00
6.441504999999999592e-01 0.000000000000000000e+00 9.531891000000000114e-01 6.422041000000000111e+00
6.444003000000000370e-01 0.000000000000000000e+00 9.530086999999999309e-01 6.419419999999999682e+00
6.446499999999999453e-01 0.000000000000000000e+00 9.528284999999999672e-01 6.416793000000000191e+00
6.448996999999999646e-01 0.000000000000000000e+00 9.526485000000000092e-01 6.414159999999999862e+00
6.451493999999999840e-01 0.000000000000000000e+00 9.524687000000000570e-01 6.411520999999999582e+00
6.453991000000000033e-01 0.000000000000000000e+00 9.522890999999999995e-01 6.408876000000000239e+00
6.456488000000000227e-01 0.000000000000000000e+00 9.521096999999999477e-01 6.406226000000000198e+00
6.458985000000000420e-01 0.000000000000000000e+00 9.519305000000000128e-01 6.403569000000000067e+00
6.461481999999999504e-01 0.000000000000000000e+00 9.517514999999999725e-01 6.400905999999999985e+00
6.463980000000000281e-01 0.000000000000000000e+00 9.515725999999999907e-01 6.398238000000000092e+00
6.466477000000000475e-01 0.000000000000000000e+00 9.513939999999999619e-01 6.395563000000000109e+00
6.468973999999999558e-01 0.000000000000000000e+00 9.512154000000000442e-01 6.392883000000000315e+00
6.471470999999999751e-01 0.000000000000000000e+00 9.510370999999999686e-01 6.390196999999999683e+00
6.473967999999999945e-01 0.000000000000000000e+00 9.508588999999999514e-01 6.387503999999999849e+00
6.476465000000000138e-01 0.000000000000000000e+00 9.506807999999999925e-01 6.384806000000000203e+00
6.478962000000000332e-01 0.000000000000000000e+00 9.505028999999999284e-01 6.382102999999999859e+00
6.481459999999999999e-01 0.000000000000000000e+00 9.503251000000000337e-01 6.379393000000000313e+00
6.483957000000000193e-01 0.000000000000000000e+00 9.501473999999999753e-01 6.376676999999999929e+00
6.486454000000000386e-01 0.000000000000000000e+00 9.499697999999999753e-01 6.373955999999999733e+00
6.488950999999999469e-01 0.000000000000000000e+00 9.497922999999999227e-01 6.371228000000000335e+00
6.491447999999999663e-01 0.000000000000000000e+00 9.496149000000000395e-01 6.368495000000000239e+00
6.493944999999999856e-01 0.000000000000000000e+00 9.494375000000000453e-01 6.365756000000000192e+00
6.496442000000000050e-01 0.000000000000000000e+00 9.492602000000001095e-01 6.363011000000000195e+00
6.498939999999999717e-01 0.000000000000000000e+00 9.490830000000000100e-01 6.360260000000000247e+00
6.501436999999999911e-01 0.000000000000000000e+00 9.489058000000000215e-01 6.357503000000000348e+00
6.503934000000000104e-01 0.000000000000000000e+00 9.487286999999999804e-01 6.354740999999999751e+00
6.506431000000000298e-01 0.000000000000000000e+00 9.485514999999999919e-01 6.351971999999999952e+00
6.508928000000000491e-01 0.000000000000000000e+00 9.483744000000000618e-01 6.349198000000000341e+00
6.511424999999999574e-01 0.000000000000000000e+00 9.481973000000000207e-01 6.346416999999999753e+00
6.513921999999999768e-01 0.000000000000000000e+00 9.480202000000000906e-01 6.343631000000000242e+00
6.516418999999999961e-01 0.000000000000000000e+00 9.478429999999999911e-01 6.340838999999999892e+00
6.518916999999999629e-01 0.000000000000000000e+00 9.476658000000000026e-01 6.338040999999999592e+00
6.521413999999999822e-01 0.000000000000000000e+00 9.474886000000000141e-01 6.335237000000000229e+00
6.523911000000000016e-01 0.000000000000000000e+00 9.473112999999999673e-01 6.332427000000000028e+00
6.526408000000000209e-01 0.000000000000000000e+00 9.471340000000000314e-01 6.329612000000000016e+00
6.528905000000000403e-01 0.000000000000000000e+00 9.469565999999999262e-01 6.326789999999999914e+00
6.531401999999999486e-01 0.000000000000000000e+00 9.467790999999999846e-01 6.323961999999999861e+00
6.533898999999999679e-01 0.000000000000000000e+00 9.466015999999999320e-01 6.321128999999999998e+00
6.536397000000000457e-01 0.000000000000000000e+00 9.464238999999999846e-01 6.318290000000000184e+00
6.538893999999999540e-01 0.000000000000000000e+00 9.462460999999999789e-01 6.315444000000000280e+00
6.541390999999999734e-01 0.000000000000000000e+00 9.460682000000000258e-01 6.312592999999999677e+00
6.543887999999999927e-01 0.000000000000000000e+00 9.458902000000000143e-01 6.309736000000000011e+00
6.546385000000000121e-01 0.000000000000000000e+00 9.457119999999999971e-01 6.306873000000000395e+00
6.548882000000000314e-01 0.000000000000000000e+00 9.455336999999999215e-01 6.304003999999999941e+00
6.551379000000000508e-01 0.000000000000000000e+00 9.453551999999999511e-01 6.301129000000000424e+00
6.553875999999999591e-01 0.000000000000000000e+00 9.451766000000000334e-01 6.298248000000000069e+00
6.556374000000000368e-01 0.000000000000000000e+00 9.449977000000000515e-01 6.295361999999999902e+00
6.558870999999999452e-01 0.000000000000000000e+00 9.448187000000000113e-01 6.292468999999999646e+00
6.561367999999999645e-01 0.000000000000000000e+00 9.446394999999999653e-01 6.289570000000000327e+00
6.563864999999999839e-01 0.000000000000000000e+00 9.444600000000000772e-01 6.286666000000000309e+00
6.566362000000000032e-01 0.000000000000000000e+00 9.442804000000000197e-01 6.283755000000000202e+00
6.568859000000000226e-01 0.000000000000000000e+00 9.441005000000000091e-01 6.280839000000000283e+00
6.571356000000000419e-01 0.000000000000000000e+00 9.439203000000000454e-01 6.277917000000000414e+00
6.573854000000000086e-01 0.000000000000000000e+00 9.437400000000000233e-01 6.274987999999999566e+00
6.576351000000000280e-01 0.000000000000000000e+00 9.435592999999999897e-01 6.272053999999999796e+00
6.578848000000000473e-01 0.000000000000000000e+00 9.433784000000000614e-01 6.269114000000000075e+00
6.581344999999999557e-01 0.000000000000000000e+00 9.431973000000000162e-01 6.266168000000000404e+00
6.583841999999999750e-01 0.000000000000000000e+00 9.430157999999999596e-01 6.263215999999999894e+00
6.586338999999999944e-01 0.000000000000000000e+00 9.428341000000000083e-01 6.260258000000000322e+00
6.588836000000000137e-01 0.000000000000000000e+00 9.426520000000000454e-01 6.257293999999999912e+00
6.591333000000000331e-01 0.000000000000000000e+00 9.424696999999999658e-01 6.254324000000000439e+00
6.593830999999999998e-01 0.000000000000000000e+00 9.422869999999999857e-01 6.251348000000000127e+00
6.596328000000000191e-01 0.000000000000000000e+00 9.421040000000000525e-01 6.248365999999999865e+00
6.598825000000000385e-01 0.000000000000000000e+00 9.419207000000000551e-01 6.245378999999999792e+00
6.601321999999999468e-01 0.000000000000000000e+00 9.417369999999999353e-01 6.242384999999999629e+00
6.603818999999999662e-01 0.000000000000000000e+00 9.415529999999999733e-01 6.239385999999999655e+00
6.606315999999999855e-01 0.000000000000000000e+00 9.413685999999999998e-01 6.236380999999999730e+00
6.608813000000000049e-01 0.000000000000000000e+00 9.411838000000000148e-01 6.233369999999999855e+00
6.611310999999999716e-01 0.000000000000000000e+00 9.409986999999999657e-01 6.230353000000000030e+00
6.613807999999999909e-01 0.000000000000000000e+00 9.408132000000000161e-01 6.227330000000000254e+00
6.616305000000000103e-01 0.000000000000000000e+00 9.406271999999999966e-01 6.224300999999999640e+00
6.618802000000000296e-01 0.000000000000000000e+00 9.404409000000000241e-01 6.221267000000000102e+00
6.621299000000000490e-01 0.000000000000000000e+00 9.402541999999999289e-01 6.218226999999999727e+00
6.623795999999999573e-01 0.000000000000000000e+00 9.400669999999999860e-01 6.215181000000000289e+00
6.626292999999999767e-01 0.000000000000000000e+00 9.398794000000000315e-01 6.212129000000000012e+00
6.628789999999999960e-01 0.000000000000000000e+00 9.396913000000000071e-01 6.209070999999999785e+00
6.631287999999999627e-01 0.000000000000000000e+00 9.395028999999999186e-01 6.206007999999999747e+00
6.633784999999999821e-01 0.000000000000000000e+00 9.393139000000000349e-01 6.202938999999999758e+00
6.636282000000000014e-01 0.000000000000000000e+00 9.391245000000000287e-01 6.199863999999999820e+00
6.638779000000000208e-01 0.000000000000000000e+00 9.389346000000000636e-01 6.196784000000000070e+00
6.641276000000000401e-01 0.000000000000000000e+00 9.387442000000000286e-01 6.193698000000000370e+00
6.643772999999999485e-01 0.000000000000000000e+00 9.385533000000000348e-01 6.190604999999999691e+00
6.646269999999999678e-01 0.000000000000000000e+00 9.383618999999999710e-01 6.187507000000000090e+00
6.648768000000000455e-01 0.000000000000000000e+00 9.381699999999999484e-01 6.184402999999999651e+00
6.651264999999999539e-01 0.000000000000000000e+00 9.379776000000000780e-01 6.181294000000000288e+00
6.653761999999999732e-01 0.000000000000000000e+00 9.377845999999999682e-01 6.178177999999999948e+00
6.656258999999999926e-01 0.000000000000000000e+00 9.375911000000000106e-01 6.175056999999999796e+00
6.658756000000000119e-01 0.000000000000000000e+00 9.373970999999999831e-01 6.171929000000000443e+00
6.661253000000000313e-01 0.000000000000000000e+00 9.372024999999999384e-01 6.168796000000000390e+00
6.663750000000000506e-01 0.000000000000000000e+00 9.370072999999999874e-01 6.165657000000000387e+00
6.666248000000000173e-01 0.000000000000000000e+00 9.368115000000000192e-01 6.162512000000000434e+00
6.668745000000000367e-01 0.000000000000000000e+00 9.366151999999999811e-01 6.159360999999999642e+00
6.671241999999999450e-01 0.000000000000000000e+00 9.364183000000000368e-01 6.156203999999999787e+00
6.673738999999999644e-01 0.000000000000000000e+00 9.362207000000000168e-01 6.153040999999999983e+00
6.676235999999999837e-01 0.000000000000000000e+00 9.360225000000000906e-01 6.149873000000000367e+00
6.678733000000000031e-01 0.000000000000000000e+00 9.358237000000000361e-01 6.146698999999999913e+00
6.681230000000000224e-01 0.000000000000000000e+00 9.356242999999999643e-01 6.143519000000000396e+00
6.683727000000000418e-01 0.000000000000000000e+00 9.354242000000000390e-01 6.140333000000000041e+00
6.686225000000000085e-01 0.000000000000000000e+00 9.352234999999999854e-01 6.137141999999999875e+00
6.688722000000000278e-01 0.000000000000000000e+00 9.350221000000000782e-01 6.133944999999999759e+00
6.691219000000000472e-01 0.000000000000000000e+00 9.348200000000000953e-01 6.130741999999999692e+00
6.693715999999999555e-01 0.000000000000000000e+00 9.346172999999999842e-01 6.127533999999999814e+00
6.696212999999999749e-01 0.000000000000000000e+00 9.344138000000000721e-01 6.124319999999999986e+00
6.698709999999999942e-01 0.000000000000000000e+00 9.342097000000000317e-01 6.121101000000000347e+00
6.701207000000000136e-01 0.000000000000000000e+00 9.340049000000000268e-01 6.117875999999999870e+00
6.703704999999999803e-01 0.000000000000000000e+00 9.337992999999999988e-01 6.114645000000000330e+00
6.706201999999999996e-01 0.000000000000000000e+00 9.335930000000000062e-01 6.111407999999999952e+00
6.708699000000000190e-01 0.000000000000000000e+00 9.333858999999999906e-01 6.108165999999999762e+00
6.711196000000000383e-01 0.000000000000000000e+00 9.331781999999999577e-01 6.104917999999999623e+00
6.713692999999999467e-01 0.000000000000000000e+00 9.329696000000000655e-01 6.101664999999999672e+00
6.716189999999999660e-01 0.000000000000000000e+00 9.327602999999999867e-01 6.098405999999999771e+00
6.718686999999999854e-01 0.000000000000000000e+00 9.325501999999999958e-01 6.095140999999999920e+00
6.721184000000000047e-01 0.000000000000000000e+00 9.323393999999999293e-01 6.091871000000000258e+00
6.723681999999999714e-01 0.000000000000000000e+00 9.321277000000000035e-01 6.088594999999999757e+00
6.726178999999999908e-01 0.000000000000000000e+00 9.319152000000000546e-01 6.085313000000000194e+00
6.728676000000000101e-01 0.000000000000000000e+00 9.317020000000000302e-01 6.082024999999999793e+00
6.731173000000000295e-01 0.000000000000000000e+00 9.314878999999999243e-01 6.078731999999999580e+00
6.733670000000000488e-01 0.000000000000000000e+00 9.312729000000000701e-01 6.075433000000000305e+00
6.736166999999999572e-01 0.000000000000000000e+00 9.310571999999999182e-01 6.072129000000000332e+00
6.738663999999999765e-01 0.000000000000000000e+00 9.308406000000000180e-01 6.068819000000000408e+00
6.741162000000000543e-01 0.000000000000000000e+00 9.306231000000000364e-01 6.065502999999999645e+00
6.743658999999999626e-01 0.000000000000000000e+00 9.304048000000000318e-01 6.062180999999999820e+00
6.746155999999999819e-01 0.000000000000000000e+00 9.301856000000000568e-01 6.058854000000000184e+00
6.748653000000000013e-01 0.000000000000000000e+00 9.299655000000000005e-01 6.055521999999999849e+00
6.751150000000000206e-01 0.000000000000000000e+00 9.297444999999999737e-01 6.052183000000000312e+00
6.753647000000000400e-01 0.000000000000000000e+00 9.295227000000000350e-01 6.048840000000000217e+00
6.756143999999999483e-01 0.000000000000000000e+00 9.292998999999999565e-01 6.045490000000000030e+00
6.758640999999999677e-01 0.000000000000000000e+00 9.290762000000000187e-01 6.042135000000000034e+00
6.761139000000000454e-01 0.000000000000000000e+00 9.288515999999999995e-01 6.038775000000000226e+00
6.763635999999999537e-01 0.000000000000000000e+00 9.286259999999999515e-01 6.035408000000000328e+00
6.766132999999999731e-01 0.000000000000000000e+00 9.283995000000000442e-01 6.032036999999999871e+00
6.768629999999999924e-01 0.000000000000000000e+00 9.281719999999999970e-01 6.028660000000000352e+00
6.771127000000000118e-01 0.000000000000000000e+00 9.279435999999999796e-01 6.025276999999999994e+00
6.773624000000000311e-01 0.000000000000000000e+00 9.277142000000000444e-01 6.021888999999999825e+00
6.776121000000000505e-01 0.000000000000000000e+00 9.274837999999999694e-01 6.018494999999999706e+00
6.778619000000000172e-01 0.000000000000000000e+00 9.272525000000000350e-01 6.015095999999999776e+00
6.781116000000000366e-01 0.000000000000000000e+00 9.270200999999999025e-01 6.011692000000000036e+00
6.783612999999999449e-01 0.000000000000000000e+00 9.267866999999999633e-01 6.008282000000000345e+00
6.786109999999999642e-01 0.000000000000000000e+00 9.265522999999999954e-01 6.004866999999999955e+00
6.788606999999999836e-01 0.000000000000000000e+00 9.263168999999999986e-01 6.001446999999999754e+00
6.791104000000000029e-01 0.000000000000000000e+00 9.260805000000000842e-01 5.998021999999999743e+00
6.793601000000000223e-01 0.000000000000000000e+00 9.258429999999999715e-01 5.994590999999999781e+00
6.796098000000000416e-01 0.000000000000000000e+00 9.256044000000001049e-01 5.991155000000000008e+00
6.798596000000000084e-01 0.000000000000000000e+00 9.253647999999999874e-01 5.987714000000000425e+00
6.801093000000000277e-01 0.000000000000000000e+00 9.251241000000000048e-01 5.984268000000000143e+00
6.803590000000000471e-01 0.000000000000000000e+00 9.248822999999999350e-01 5.980815999999999910e+00
6.806086999999999554e-01 0.000000000000000000e+00 9.246394999999999476e-01 5.977358999999999867e+00
6.808583999999999747e-01 0.000000000000000000e+00 9.243954999999999256e-01 5.973895999999999873e+00
6.811080999999999941e-01 0.000000000000000000e+00 9.241504000000000385e-01 5.970426999999999929e+00
6.813578000000000134e-01 0.000000000000000000e+00 9.239043000000000117e-01 5.966953000000000173e+00
6.816075999999999802e-01 0.000000000000000000e+00 9.236569000000000029e-01 5.963473999999999720e+00
6.818572999999999995e-01 0.000000000000000000e+00 9.234084999999999654e-01 5.959989000000000203e+00
6.821070000000000189e-01 0.000000000000000000e+00 9.231589000000000045e-01 5.956498999999999988e+00
6.823567000000000382e-01 0.000000000000000000e+00 9.229081000000000090e-01 5.953003999999999962e+00
6.826063999999999465e-01 0.000000000000000000e+00 9.226562000000000374e-01 5.949502999999999986e+00
6.828560999999999659e-01 0.000000000000000000e+00 9.224031000000000313e-01 5.945997000000000199e+00
6.831057999999999852e-01 0.000000000000000000e+00 9.221488000000001017e-01 5.942485999999999713e+00
6.833555999999999520e-01 0.000000000000000000e+00 9.218932999999999156e-01 5.938969000000000165e+00
6.836052999999999713e-01 0.000000000000000000e+00 9.216366000000000280e-01 5.935448000000000057e+00
6.838549999999999907e-01 0.000000000000000000e+00 9.213786999999999949e-01 5.931920999999999999e+00
6.841047000000000100e-01 0.000000000000000000e+00 9.211196000000000383e-01 5.928389000000000131e+00
6.843544000000000294e-01 0.000000000000000000e+00 9.208592999999999362e-01 5.924851999999999563e+00
6.846041000000000487e-01 0.000000000000000000e+00 9.205977000000000743e-01 5.921311000000000213e+00
6.848537999999999570e-01 0.000000000000000000e+00 9.203348999999999558e-01 5.917764000000000024e+00
6.851034999999999764e-01 0.000000000000000000e+00 9.200709000000000248e-01 5.914212000000000025e+00
6.853533000000000541e-01 0.000000000000000000e+00 9.198055000000000536e-01 5.910655000000000214e+00
6.856029999999999625e-01 0.000000000000000000e+00 9.195389000000000479e-01 5.907092999999999705e+00
6.858526999999999818e-01 0.000000000000000000e+00 9.192711000000000077e-01 5.903526000000000273e+00
6.861024000000000012e-01 0.000000000000000000e+00 9.190018999999999272e-01 5.899954000000000143e+00
6.863521000000000205e-01 0.000000000000000000e+00 9.187315000000000342e-01 5.896377000000000201e+00
6.866018000000000399e-01 0.000000000000000000e+00 9.184596999999999900e-01 5.892794999999999561e+00
6.868514999999999482e-01 0.000000000000000000e+00 9.181867000000000223e-01 5.889206999999999859e+00
6.871013000000000259e-01 0.000000000000000000e+00 9.179123000000000143e-01 5.885614000000000345e+00
6.873510000000000453e-01 0.000000000000000000e+00 9.176366999999999718e-01 5.882016000000000133e+00
6.876006999999999536e-01 0.000000000000000000e+00 9.173596000000000528e-01 5.878413000000000110e+00
6.878503999999999730e-01 0.000000000000000000e+00 9.170813000000000992e-01 5.874805000000000277e+00
6.881000999999999923e-01 0.000000000000000000e+00 9.168015999999999943e-01 5.871190999999999605e+00
6.883498000000000117e-01 0.000000000000000000e+00 9.165205999999999076e-01 5.867570999999999870e+00
6.885995000000000310e-01 0.000000000000000000e+00 9.162381000000000553e-01 5.863946999999999576e+00
6.888492000000000504e-01 0.000000000000000000e+00 9.159543999999999464e-01 5.860317000000000220e+00
6.890990000000000171e-01 0.000000000000000000e+00 9.156692000000000720e-01 5.856682000000000166e+00
6.893487000000000364e-01 0.000000000000000000e+00 9.153826000000000462e-01 5.853043000000000440e+00
6.895983999999999448e-01 0.000000000000000000e+00 9.150947000000000386e-01 5.849397999999999875e+00
6.898480999999999641e-01 0.000000000000000000e+00 9.148053000000000434e-01 5.845748999999999640e+00
6.900977999999999835e-01 0.000000000000000000e+00 9.145145999999999553e-01 5.842094999999999594e+00
6.903475000000000028e-01 0.000000000000000000e+00 9.142223999999999906e-01 5.838436999999999877e+00
6.905972000000000222e-01 0.000000000000000000e+00 9.139287000000000383e-01 5.834774000000000349e+00
6.908469999999999889e-01 0.000000000000000000e+00 9.136336000000000457e-01 5.831107000000000262e+00
6.910967000000000082e-01 0.000000000000000000e+00 9.133371000000000128e-01 5.827435000000000365e+00
6.913464000000000276e-01 0.000000000000000000e+00 9.130390999999999924e-01 5.823756999999999628e+00
6.915961000000000469e-01 0.000000000000000000e+00 9.127396999999999316e-01 5.820075000000000109e+00
6.918457999999999553e-01 0.000000000000000000e+00 9.124387000000000469e-01 5.816387999999999892e+00
6.920954999999999746e-01 0.000000000000000000e+00 9.121363000000000110e-01 5.812694999999999723e+00
6.923451999999999940e-01 0.000000000000000000e+00 9.118323000000000400e-01 5.808996999999999744e+00
6.925949000000000133e-01 0.000000000000000000e+00 9.115268999999999178e-01 5.805293999999999954e+00
6.928446999999999800e-01 0.000000000000000000e+00 9.112199000000000826e-01 5.801586000000000354e+00
6.930943999999999994e-01 0.000000000000000000e+00 9.109113999999999267e-01 5.797873000000000054e+00
6.933441000000000187e-01 0.000000000000000000e+00 9.106014000000000053e-01 5.794154999999999944e+00
6.935938000000000381e-01 0.000000000000000000e+00 9.102898000000000378e-01 5.790433000000000163e+00
6.938434999999999464e-01 0.000000000000000000e+00 9.099767000000000827e-01 5.786705999999999683e+00
6.940931999999999658e-01 0.000000000000000000e+00 9.096620000000000816e-01 5.782974000000000281e+00
6.943428999999999851e-01 0.000000000000000000e+00 9.093456999999999235e-01 5.779237000000000180e+00
6.945926999999999518e-01 0.000000000000000000e+00 9.090278999999999998e-01 5.775496000000000407e+00
6.948423999999999712e-01 0.000000000000000000e+00 9.087084999999999191e-01 5.771751000000000076e+00
6.950920999999999905e-01 0.000000000000000000e+00 9.083875000000000144e-01 5.768000999999999934e+00
6.953418000000000099e-01 0.000000000000000000e+00 9.080648000000000053e-01 5.764245999999999981e+00
6.955915000000000292e-01 0.000000000000000000e+00 9.077406000000000086e-01 5.760487000000000357e+00
6.958412000000000486e-01 0.000000000000000000e+00 9.074147999999999659e-01 5.756723000000000035e+00
6.960908999999999569e-01 0.000000000000000000e+00 9.070873000000000408e-01 5.752955000000000041e+00
6.963405999999999763e-01 0.000000000000000000e+00 9.067581999999999587e-01 5.749182000000000237e+00
6.965904000000000540e-01 0.000000000000000000e+00 9.064275000000000526e-01 5.745403999999999733e+00
6.968400999999999623e-01 0.000000000000000000e+00 9.060951000000000422e-01 5.741621999999999559e+00
6.970897999999999817e-01 0.000000000000000000e+00 9.057609999999999273e-01 5.737834999999999575e+00
6.973395000000000010e-01 0.000000000000000000e+00 9.054253999999999358e-01 5.734042999999999779e+00
6.975892000000000204e-01 0.000000000000000000e+00 9.050880000000000036e-01 5.730247000000000313e+00
6.978389000000000397e-01 0.000000000000000000e+00 9.047490000000000254e-01 5.726446000000000147e+00
6.980885999999999481e-01 0.000000000000000000e+00 9.044081999999999955e-01 5.722640000000000171e+00
6.983384000000000258e-01 0.000000000000000000e+00 9.040657999999999195e-01 5.718829000000000384e+00
6.985881000000000451e-01 0.000000000000000000e+00 9.037217000000000722e-01 5.715014000000000038e+00
6.988377999999999535e-01 0.000000000000000000e+00 9.033759000000000094e-01 5.711195000000000022e+00
6.990874999999999728e-01 0.000000000000000000e+00 9.030284000000000644e-01 5.707371000000000194e+00
6.993371999999999922e-01 0.000000000000000000e+00 9.026790999999999565e-01 5.703541999999999668e+00
6.995869000000000115e-01 0.000000000000000000e+00 9.023282000000000247e-01 5.699709000000000358e+00
6.998366000000000309e-01 0.000000000000000000e+00 9.019755000000000411e-01 5.695871999999999602e+00
7.000863999999999976e-01 0.000000000000000000e+00 9.016210000000000058e-01 5.692031000000000063e+00
7.003361000000000169e-01 0.000000000000000000e+00 9.012648000000000881e-01 5.688183999999999685e+00
7.005858000000000363e-01 0.000000000000000000e+00 9.009068999999999550e-01 5.684333999999999776e+00
7.008354999999999446e-01 0.000000000000000000e+00 9.005471000000000448e-01 5.680477999999999916e+00
7.010851999999999640e-01 0.000000000000000000e+00 9.001856000000000302e-01 5.676618000000000386e+00
7.013348999999999833e-01 0.000000000000000000e+00 8.998224000000000222e-01 5.672754000000000296e+00
7.015846000000000027e-01 0.000000000000000000e+00 8.994573000000000151e-01 5.668885000000000396e+00
7.018343000000000220e-01 0.000000000000000000e+00 8.990904000000000673e-01 5.665010999999999797e+00
7.020840999999999887e-01 0.000000000000000000e+00 8.987218000000000151e-01 5.661133000000000415e+00
7.023338000000000081e-01 0.000000000000000000e+00 8.983513000000000748e-01 5.657250999999999586e+00
7.025835000000000274e-01 0.000000000000000000e+00 8.979790000000000827e-01 5.653363999999999834e+00
7.028332000000000468e-01 0.000000000000000000e+00 8.976047999999999805e-01 5.649473999999999663e+00
7.030828999999999551e-01 0.000000000000000000e+00 8.972288999999999959e-01 5.645578999999999681e+00
7.033325999999999745e-01 0.000000000000000000e+00 8.968511000000000122e-01 5.641680000000000028e+00
7.035822999999999938e-01 0.000000000000000000e+00 8.964714000000000294e-01 5.637777999999999956e+00
7.038320999999999605e-01 0.000000000000000000e+00 8.960898999999999948e-01 5.633871000000000073e+00
7.040817999999999799e-01 0.000000000000000000e+00 8.957064999999999610e-01 5.629959000000000380e+00
7.043314999999999992e-01 0.000000000000000000e+00 8.953212999999999866e-01 5.626044000000000267e+00
7.045812000000000186e-01 0.000000000000000000e+00 8.949340999999999546e-01 5.622124999999999595e+00
7.048309000000000379e-01 0.000000000000000000e+00 8.945451000000000930e-01 5.618201000000000001e+00
7.050805999999999463e-01 0.000000000000000000e+00 8.941540999999999517e-01 5.614272999999999847e+00
7.053302999999999656e-01 0.000000000000000000e+00 8.937612000000000334e-01 5.610339999999999883e+00
7.055799999999999850e-01 0.000000000000000000e+00 8.933664999999999523e-01 5.606404000000000387e+00
7.058297999999999517e-01 0.000000000000000000e+00 8.929696999999999774e-01 5.602463000000000193e+00
7.060794999999999710e-01 0.000000000000000000e+00 8.925710999999999506e-01 5.598517000000000188e+00
7.063291999999999904e-01 0.000000000000000000e+00 8.921704999999999774e-01 5.594567999999999763e+00
7.065789000000000097e-01 0.000000000000000000e+00 8.917680000000000051e-01 5.590614000000000416e+00
7.068286000000000291e-01 0.000000000000000000e+00 8.913633999999999169e-01 5.586655999999999622e+00
7.070783000000000484e-01 0.000000000000000000e+00 8.909569999999999990e-01 5.582694000000000045e+00
7.073279999999999568e-01 0.000000000000000000e+00 8.905484999999999651e-01 5.578726999999999769e+00
7.075778000000000345e-01 0.000000000000000000e+00 8.901381000000000432e-01 5.574755999999999823e+00
7.078275000000000539e-01 0.000000000000000000e+00 8.897256999999999527e-01 5.570782000000000345e+00
7.080771999999999622e-01 0.000000000000000000e+00 8.893112999999999158e-01 5.566803000000000168e+00
7.083268999999999815e-01 0.000000000000000000e+00 8.888949000000000433e-01 5.562820000000000320e+00
7.085766000000000009e-01 0.000000000000000000e+00 8.884765000000000024e-01 5.558832999999999913e+00
7.088263000000000202e-01 0.000000000000000000e+00 8.880561000000000149e-01 5.554841999999999835e+00
7.090760000000000396e-01 0.000000000000000000e+00 8.876336999999999700e-01 5.550847000000000087e+00
7.093256999999999479e-01 0.000000000000000000e+00 8.872092999999999785e-01 5.546848999999999918e+00
7.095755000000000257e-01 0.000000000000000000e+00 8.867827999999999822e-01 5.542847000000000079e+00
7.098252000000000450e-01 0.000000000000000000e+00 8.863542999999999283e-01 5.538840000000000430e+00
7.100748999999999533e-01 0.000000000000000000e+00 8.859238000000000390e-01 5.534830999999999612e+00
7.103245999999999727e-01 0.000000000000000000e+00 8.854912000000000338e-01 5.530816999999999872e+00
7.105742999999999920e-01 0.000000000000000000e+00 8.850565999999999711e-01 5.526799999999999713e+00
7.108240000000000114e-01 0.000000000000000000e+00 8.846199000000000146e-01 5.522778999999999883e+00
7.110737000000000307e-01 0.000000000000000000e+00 8.841811000000000531e-01 5.518754000000000381e+00
7.113234999999999975e-01 0.000000000000000000e+00 8.837403000000000342e-01 5.514725000000000321e+00
7.115732000000000168e-01 0.000000000000000000e+00 8.832974000000000103e-01 5.510692999999999842e+00
7.118229000000000362e-01 0.000000000000000000e+00 8.828523000000000343e-01 5.506656999999999691e+00
7.120726000000000555e-01 0.000000000000000000e+00 8.824052000000000007e-01 5.502615999999999730e+00
7.123222999999999638e-01 0.000000000000000000e+00 8.819559999999999622e-01 5.498572000000000237e+00
7.125719999999999832e-01 0.000000000000000000e+00 8.815046999999999189e-01 5.494524000000000186e+00
7.128217000000000025e-01 0.000000000000000000e+00 8.810512000000000343e-01 5.490471000000000323e+00
7.130714000000000219e-01 0.000000000000000000e+00 8.805956000000000339e-01 5.486415000000000042e+00
7.133211999999999886e-01 0.000000000000000000e+00 8.801378999999999175e-01 5.482355000000000089e+00
7.135709000000000080e-01 0.000000000000000000e+00 8.796779999999999600e-01 5.478290999999999578e+00
7.138206000000000273e-01 0.000000000000000000e+00 8.792159000000000502e-01 5.474224000000000423e+00
7.140703000000000467e-01 0.000000000000000000e+00 8.787517000000000245e-01 5.470152999999999821e+00
7.143199999999999550e-01 0.000000000000000000e+00 8.782853999999999939e-01 5.466077000000000297e+00
7.145696999999999743e-01 0.000000000000000000e+00 8.778169000000000111e-01 5.461998999999999604e+00
7.148193999999999937e-01 0.000000000000000000e+00 8.773461999999999650e-01 5.457915999999999990e+00
7.150691999999999604e-01 0.000000000000000000e+00 8.768732999999999667e-01 5.453829999999999956e+00
7.153188999999999798e-01 0.000000000000000000e+00 8.763982000000000161e-01 5.449741000000000390e+00
7.155685999999999991e-01 0.000000000000000000e+00 8.759210000000000607e-01 5.445648000000000266e+00
7.158183000000000185e-01 0.000000000000000000e+00 8.754414999999999836e-01 5.441550999999999583e+00
7.160680000000000378e-01 0.000000000000000000e+00 8.749598999999999016e-01 5.437450000000000117e+00
7.163176999999999461e-01 0.000000000000000000e+00 8.744760999999999784e-01 5.433347000000000371e+00
7.165673999999999655e-01 0.000000000000000000e+00 8.739900000000000446e-01 5.429238999999999926e+00
7.168172000000000432e-01 0.000000000000000000e+00 8.735017999999999949e-01 5.425127999999999950e+00
7.170668999999999516e-01 0.000000000000000000e+00 8.730113000000000456e-01 5.421014000000000443e+00
7.173165999999999709e-01 0.000000000000000000e+00 8.725184999999999746e-01 5.416896000000000377e+00
7.175662999999999903e-01 0.000000000000000000e+00 8.720236000000000098e-01 5.412773999999999752e+00
7.178160000000000096e-01 0.000000000000000000e+00 8.715263999999999234e-01 5.408648999999999596e+00
7.180657000000000290e-01 0.000000000000000000e+00 8.710268999999999373e-01 5.404520999999999908e+00
7.183154000000000483e-01 0.000000000000000000e+00 8.705251999999999990e-01 5.400388999999999662e+00
7.185650999999999566e-01 0.000000000000000000e+00 8.700210999999999917e-01 5.396252999999999744e+00
7.188149000000000344e-01 0.000000000000000000e+00 8.695148000000000321e-01 5.392114000000000296e+00
7.190646000000000537e-01 0.000000000000000000e+00 8.690063000000000093e-01 5.387971000000000288e+00
7.193142999999999621e-01 0.000000000000000000e+00 8.684954000000000285e-01 5.383824999999999861e+00
7.195639999999999814e-01 0.000000000000000000e+00 8.679822000000000370e-01 5.379675999999999902e+00
7.198137000000000008e-01 0.000000000000000000e+00 8.674666999999999240e-01 5.375523000000000273e+00
7.200634000000000201e-01 0.000000000000000000e+00 8.669487999999999639e-01 5.371366000000000085e+00
7.203131000000000395e-01 0.000000000000000000e+00 8.664287000000000516e-01 5.367206999999999617e+00
7.205629000000000062e-01 0.000000000000000000e+00 8.659061999999999593e-01 5.363043000000000227e+00
7.208126000000000255e-01 0.000000000000000000e+00 8.653813000000000200e-01 5.358876999999999668e+00
7.210623000000000449e-01 0.000000000000000000e+00 8.648542000000000174e-01 5.354707000000000328e+00
7.213119999999999532e-01 0.000000000000000000e+00 8.643247000000000568e-01 5.350533999999999679e+00
7.215616999999999726e-01 0.000000000000000000e+00 8.637928000000000273e-01 5.346357000000000248e+00
7.218113999999999919e-01 0.000000000000000000e+00 8.632585999999999871e-01 5.342177000000000398e+00
7.220611000000000113e-01 0.000000000000000000e+00 8.627220999999999362e-01 5.337995000000000267e+00
7.223108000000000306e-01 0.000000000000000000e+00 8.621832000000000384e-01 5.333808000000000327e+00
7.225605999999999973e-01 0.000000000000000000e+00 8.616418999999999606e-01 5.329619000000000106e+00
7.228103000000000167e-01 0.000000000000000000e+00 8.610982999999999832e-01 5.325427000000000355e+00
7.230600000000000360e-01 0.000000000000000000e+00 8.605521999999999894e-01 5.321231000000000044e+00
7.233097000000000554e-01 0.000000000000000000e+00 8.600037999999999849e-01 5.317032000000000203e+00
7.235593999999999637e-01 0.000000000000000000e+00 8.594530999999999699e-01 5.312831000000000081e+00
7.238090999999999831e-01 0.000000000000000000e+00 8.588999000000000494e-01 5.308626000000000289e+00
7.240588000000000024e-01 0.000000000000000000e+00 8.583442999999999490e-01 5.304418000000000077e+00
7.243085999999999691e-01 0.000000000000000000e+00 8.577863000000000016e-01 5.300206000000000195e+00
7.245582999999999885e-01 0.000000000000000000e+00 8.572258999999999851e-01 5.295992000000000033e+00
7.248080000000000078e-01 0.000000000000000000e+00 8.566631000000000107e-01 5.291775000000000340e+00
7.250577000000000272e-01 0.000000000000000000e+00 8.560978000000000199e-01 5.287554000000000087e+00
7.253074000000000465e-01 0.000000000000000000e+00 8.555300999999999600e-01 5.283330000000000304e+00
7.255570999999999549e-01 0.000000000000000000e+00 8.549600000000000533e-01 5.279103000000000101e+00
7.258067999999999742e-01 0.000000000000000000e+00 8.543875000000000774e-01 5.274873000000000367e+00
7.260564999999999936e-01 0.000000000000000000e+00 8.538124999999999742e-01 5.270640000000000214e+00
7.263062999999999603e-01 0.000000000000000000e+00 8.532349999999999657e-01 5.266403999999999641e+00
7.265559999999999796e-01 0.000000000000000000e+00 8.526550999999999991e-01 5.262164000000000286e+00
7.268056999999999990e-01 0.000000000000000000e+00 8.520727000000000162e-01 5.257921999999999763e+00
7.270554000000000183e-01 0.000000000000000000e+00 8.514878000000000169e-01 5.253676999999999708e+00
7.273051000000000377e-01 0.000000000000000000e+00 8.509004999999999486e-01 5.249429000000000123e+00
7.275547999999999460e-01 0.000000000000000000e+00 8.503106999999999749e-01 5.245178000000000118e+00
7.278044999999999654e-01 0.000000000000000000e+00 8.497183999999999848e-01 5.240923999999999694e+00
7.280543000000000431e-01 0.000000000000000000e+00 8.491235999999999784e-01 5.236667999999999878e+00
7.283039999999999514e-01 0.000000000000000000e+00 8.485262999999999556e-01 5.232408000000000392e+00
7.285536999999999708e-01 0.000000000000000000e+00 8.479265000000000274e-01 5.228144999999999598e+00
7.288033999999999901e-01 0.000000000000000000e+00 8.473241000000000245e-01 5.223880000000000301e+00
7.290531000000000095e-01 0.000000000000000000e+00 8.467192999999999525e-01 5.219610999999999557e+00
7.293028000000000288e-01 0.000000000000000000e+00 8.461119000000000279e-01 5.215340000000000309e+00
7.295525000000000482e-01 0.000000000000000000e+00 8.455019999999999758e-01 5.211065999999999754e+00
7.298021999999999565e-01 0.000000000000000000e+00 8.448896000000000184e-01 5.206788999999999668e+00
7.300520000000000342e-01 0.000000000000000000e+00 8.442745999999999862e-01 5.202509000000000050e+00
7.303017000000000536e-01 0.000000000000000000e+00 8.436571000000000486e-01 5.198226000000000013e+00
7.305513999999999619e-01 0.000000000000000000e+00 8.430370000000000363e-01 5.193939999999999557e+00
7.308010999999999813e-01 0.000000000000000000e+00 8.424143000000000603e-01 5.189651999999999710e+00
7.310508000000000006e-01 0.000000000000000000e+00 8.417890000000000095e-01 5.185360000000000191e+00
7.313005000000000200e-01 0.000000000000000000e+00 8.411612000000000533e-01 5.181066000000000393e+00
7.315502000000000393e-01 0.000000000000000000e+00 8.405308000000000224e-01 5.176769000000000176e+00
7.318000000000000060e-01 0.000000000000000000e+00 8.398977999999999167e-01 5.172469000000000428e+00
7.320497000000000254e-01 0.000000000000000000e+00 8.392621999999999582e-01 5.168167000000000399e+00
7.322994000000000447e-01 0.000000000000000000e+00 8.386240999999999834e-01 5.163860999999999812e+00
7.325490999999999531e-01 0.000000000000000000e+00 8.379833999999999339e-01 5.159552999999999834e+00
7.327987999999999724e-01 0.000000000000000000e+00 8.373401000000000316e-01 5.155242999999999576e+00
7.330484999999999918e-01 0.000000000000000000e+00 8.366942000000000546e-01 5.150929999999999787e+00
7.332982000000000111e-01 0.000000000000000000e+00 8.360457000000000027e-01 5.146613999999999578e+00
7.335479999999999778e-01 0.000000000000000000e+00 8.353945999999999872e-01 5.142295999999999978e+00
7.337976999999999972e-01 0.000000000000000000e+00 8.347409000000000079e-01 5.137974999999999959e+00
7.340474000000000165e-01 0.000000000000000000e+00 8.340846000000000648e-01 5.133651999999999660e+00
7.342971000000000359e-01 0.000000000000000000e+00 8.334255999999999887e-01 5.129325999999999830e+00
7.345468000000000552e-01 0.000000000000000000e+00 8.327639000000000014e-01 5.124997999999999720e+00
7.347964999999999636e-01 0.000000000000000000e+00 8.320996999999999977e-01 5.120667000000000080e+00
7.350461999999999829e-01 0.000000000000000000e+00 8.314326999999999135e-01 5.116334000000000160e+00
7.352959000000000023e-01 0.000000000000000000e+00 8.307630999999999766e-01 5.111997999999999820e+00
7.355456999999999690e-01 0.000000000000000000e+00 8.300909000000000759e-01 5.107660000000000089e+00
7.357953999999999883e-01 0.000000000000000000e+00 8.294160000000000421e-01 5.103318999999999939e+00
7.360451000000000077e-01 0.000000000000000000e+00 8.287383999999999862e-01 5.098975000000000257e+00
7.362948000000000270e-01 0.000000000000000000e+00 8.280581000000000191e-01 5.094629000000000296e+00
7.365445000000000464e-01 0.000000000000000000e+00 8.273751999999999773e-01 5.090278999999999776e+00
7.367941999999999547e-01 0.000000000000000000e+00 8.266894999999999660e-01 5.085928000000000004e+00
7.370438999999999741e-01 0.000000000000000000e+00 8.260011999999999910e-01 5.081572999999999674e+00
7.372937000000000518e-01 0.000000000000000000e+00 8.253101999999999938e-01 5.077215999999999951e+00
7.375433999999999601e-01 0.000000000000000000e+00 8.246164999999999745e-01 5.072856999999999950e+00
7.377930999999999795e-01 0.000000000000000000e+00 8.239201999999999915e-01 5.068495000000000417e+00
7.380427999999999988e-01 0.000000000000000000e+00 8.232210999999999279e-01 5.064130999999999716e+00
7.382925000000000182e-01 0.000000000000000000e+00 8.225194000000000116e-01 5.059764999999999624e+00
7.385422000000000375e-01 0.000000000000000000e+00 8.218149000000000148e-01 5.055397000000000141e+00
7.387918999999999459e-01 0.000000000000000000e+00 8.211076999999999959e-01 5.051026000000000238e+00
7.390415999999999652e-01 0.000000000000000000e+00 8.203979000000000132e-01 5.046653000000000056e+00
7.392914000000000430e-01 0.000000000000000000e+00 8.196852999999999501e-01 5.042277000000000342e+00
7.395410999999999513e-01 0.000000000000000000e+00 8.189699000000000284e-01 5.037899000000000349e+00
7.397907999999999706e-01 0.000000000000000000e+00 8.182519000000000320e-01 5.033519000000000077e+00
7.400404999999999900e-01 0.000000000000000000e+00 8.175311000000000661e-01 5.029136000000000273e+00
7.402902000000000093e-01 0.000000000000000000e+00 8.168075000000000196e-01 5.024750000000000050e+00
7.405399000000000287e-01 0.000000000000000000e+00 8.160811999999999511e-01 5.020362999999999687e+00
7.407896000000000480e-01 0.000000000000000000e+00 8.153522000000000824e-01 5.015972999999999793e+00
7.410394000000000148e-01 0.000000000000000000e+00 8.146203000000000749e-01 5.011580000000000368e+00
7.412891000000000341e-01 0.000000000000000000e+00 8.138857000000000452e-01 5.007185999999999915e+00
7.415388000000000535e-01 0.000000000000000000e+00 8.131482999999999350e-01 5.002790000000000070e+00
7.417884999999999618e-01 0.000000000000000000e+00 8.124080999999999664e-01 4.998391999999999946e+00
7.420381999999999811e-01 0.000000000000000000e+00 8.116651000000000282e-01 4.993992000000000431e+00
7.422879000000000005e-01 0.000000000000000000e+00 8.109193000000000096e-01 4.989589999999999748e+00
7.425376000000000198e-01 0.000000000000000000e+00 8.101707000000000214e-01 4.985185999999999673e+00
7.427873000000000392e-01 0.000000000000000000e+00 8.094193000000000637e-01 4.980779000000000067e+00
7.430371000000000059e-01 0.000000000000000000e+00 8.086651999999999729e-01 4.976371000000000322e+00
7.432868000000000253e-01 0.000000000000000000e+00 8.079081999999999653e-01 4.971960000000000157e+00
7.435365000000000446e-01 0.000000000000000000e+00 8.071485000000000465e-01 4.967547999999999853e+00
7.437861999999999529e-01 0.000000000000000000e+00 8.063859999999999362e-01 4.963133000000000017e+00
7.440358999999999723e-01 0.000000000000000000e+00 8.056207000000000784e-01 4.958714999999999762e+00
7.442855999999999916e-01 0.000000000000000000e+00 8.048526000000000291e-01 4.954296000000000255e+00
7.445353000000000110e-01 0.000000000000000000e+00 8.040815999999999519e-01 4.949874000000000329e+00
7.447850999999999777e-01 0.000000000000000000e+00 8.033078999999999636e-01 4.945450000000000124e+00
7.450347999999999971e-01 0.000000000000000000e+00 8.025314000000000059e-01 4.941023999999999639e+00
7.452845000000000164e-01 0.000000000000000000e+00 8.017519999999999092e-01 4.936594999999999622e+00
7.455342000000000358e-01 0.000000000000000000e+00 8.009697000000000067e-01 4.932164000000000215e+00
7.457839000000000551e-01 0.000000000000000000e+00 8.001846000000000236e-01 4.927731999999999779e+00
7.460335999999999634e-01 0.000000000000000000e+00 7.993966999999999601e-01 4.923296999999999812e+00
7.462832999999999828e-01 0.000000000000000000e+00 7.986058999999999797e-01 4.918859999999999566e+00
7.465330000000000021e-01 0.000000000000000000e+00 7.978121999999999714e-01 4.914420999999999928e+00
7.467827999999999689e-01 0.000000000000000000e+00 7.970156999999999936e-01 4.909981000000000151e+00
7.470324999999999882e-01 0.000000000000000000e+00 7.962164000000000463e-01 4.905537999999999954e+00
7.472822000000000076e-01 0.000000000000000000e+00 7.954141000000000128e-01 4.901093999999999618e+00
7.475319000000000269e-01 0.000000000000000000e+00 7.946090999999999571e-01 4.896647999999999890e+00
7.477816000000000463e-01 0.000000000000000000e+00 7.938011000000000372e-01 4.892199999999999882e+00
7.480312999999999546e-01 0.000000000000000000e+00 7.929903000000000368e-01 4.887750999999999735e+00
7.482809999999999739e-01 0.000000000000000000e+00 7.921766000000000085e-01 4.883299000000000056e+00
7.485308000000000517e-01 0.000000000000000000e+00 7.913600000000000634e-01 4.878846000000000238e+00
7.487804999999999600e-01 0.000000000000000000e+00 7.905406000000000377e-01 4.874392000000000280e+00
7.490301999999999794e-01 0.000000000000000000e+00 7.897182000000000368e-01 4.869934999999999903e+00
7.492798999999999987e-01 0.000000000000000000e+00 7.888929000000000080e-01 4.865477000000000274e+00
7.495296000000000181e-01 0.000000000000000000e+00 7.880648000000000097e-01 4.861016000000000226e+00
7.497793000000000374e-01 0.000000000000000000e+00 7.872337000000000362e-01 4.856554000000000038e+00
7.500289999999999457e-01 0.000000000000000000e+00 7.863997000000000348e-01 4.852090999999999710e+00
7.502788000000000235e-01 0.000000000000000000e+00 7.855628000000000055e-01 4.847624999999999851e+00
7.505285000000000428e-01 0.000000000000000000e+00 7.847229000000000010e-01 4.843157999999999852e+00
7.507781999999999512e-01 0.000000000000000000e+00 7.838801999999999159e-01 4.838688000000000322e+00
7.510278999999999705e-01 0.000000000000000000e+00 7.830344000000000193e-01 4.834216999999999764e+00
7.512775999999999899e-01 0.000000000000000000e+00 7.821856999999999838e-01 4.829743999999999815e+00
7.515273000000000092e-01 0.000000000000000000e+00 7.813341000000000314e-01 4.825268999999999586e+00
7.517770000000000286e-01 0.000000000000000000e+00 7.804796000000000511e-01 4.820793000000000106e+00
7.520267000000000479e-01 0.000000000000000000e+00 7.796221000000000956e-01 4.816315000000000346e+00
7.522765000000000146e-01 0.000000000000000000e+00 7.787617000000000012e-01 4.811835000000000306e+00
7.525262000000000340e-01 0.000000000000000000e+00 7.778982999999999315e-01 4.807354000000000127e+00
7.527759000000000533e-01 0.000000000000000000e+00 7.770321000000000033e-01 4.802871999999999808e+00
7.530255999999999617e-01 0.000000000000000000e+00 7.761628999999999889e-01 4.798388000000000098e+00
7.532752999999999810e-01 0.000000000000000000e+00 7.752907999999999467e-01 4.793903000000000247e+00
7.535250000000000004e-01 0.000000000000000000e+00 7.744157999999999875e-01 4.789416000000000118e+00
7.537747000000000197e-01 0.000000000000000000e+00 7.735377999999999421e-01 4.784927999999999848e+00
7.540244999999999864e-01 0.000000000000000000e+00 7.726568999999999798e-01 4.780439000000000327e+00
7.542742000000000058e-01 0.000000000000000000e+00 7.717730000000000423e-01 4.775947000000000386e+00
7.545239000000000251e-01 0.000000000000000000e+00 7.708862000000000769e-01 4.771454000000000306e+00
7.547736000000000445e-01 0.000000000000000000e+00 7.699962999999999669e-01 4.766958999999999946e+00
7.550232999999999528e-01 0.000000000000000000e+00 7.691033999999999926e-01 4.762462000000000195e+00
7.552729999999999722e-01 0.000000000000000000e+00 7.682074999999999321e-01 4.757963000000000164e+00
7.555226999999999915e-01 0.000000000000000000e+00 7.673086000000000073e-01 4.753461999999999854e+00
7.557724000000000109e-01 0.000000000000000000e+00 7.664066999999999963e-01 4.748960000000000292e+00
7.560221999999999776e-01 0.000000000000000000e+00 7.655018000000000100e-01 4.744455999999999563e+00
7.562718999999999969e-01 0.000000000000000000e+00 7.645939999999999959e-01 4.739950999999999581e+00
7.565216000000000163e-01 0.000000000000000000e+00 7.636832000000000065e-01 4.735444000000000209e+00
7.567713000000000356e-01 0.000000000000000000e+00 7.627694000000000418e-01 4.730935999999999808e+00
7.570210000000000550e-01 0.000000000000000000e+00 7.618526000000001019e-01 4.726427000000000156e+00
7.572706999999999633e-01 0.000000000000000000e+00 7.609329000000000232e-01 4.721917000000000364e+00
7.575203999999999827e-01 0.000000000000000000e+00 7.600102000000000801e-01 4.717405000000000292e+00
7.577701999999999494e-01 0.000000000000000000e+00 7.590845000000000509e-01 4.712892000000000081e+00
7.580198999999999687e-01 0.000000000000000000e+00 7.581556999999999880e-01 4.708377999999999730e+00
7.582695999999999881e-01 0.000000000000000000e+00 7.572238999999999498e-01 4.703863000000000127e+00
7.585193000000000074e-01 0.000000000000000000e+00 7.562890999999999364e-01 4.699347000000000385e+00
7.587690000000000268e-01 0.000000000000000000e+00 7.553510999999999420e-01 4.694829000000000363e+00
7.590187000000000461e-01 0.000000000000000000e+00 7.544101000000000834e-01 4.690310000000000201e+00
7.592683999999999545e-01 0.000000000000000000e+00 7.534659999999999691e-01 4.685789999999999900e+00
7.595180999999999738e-01 0.000000000000000000e+00 7.525188000000000432e-01 4.681268000000000207e+00
7.597679000000000515e-01 0.000000000000000000e+00 7.515685999999999201e-01 4.676745000000000374e+00
7.600175999999999599e-01 0.000000000000000000e+00 7.506154000000000437e-01 4.672221000000000402e+00
7.602672999999999792e-01 0.000000000000000000e+00 7.496590999999999116e-01 4.667695000000000149e+00
7.605169999999999986e-01 0.000000000000000000e+00 7.486998999999999738e-01 4.663167999999999758e+00
7.607667000000000179e-01 0.000000000000000000e+00 7.477376000000000023e-01 4.658640000000000114e+00
7.610164000000000373e-01 0.000000000000000000e+00 7.467722999999999445e-01 4.654110000000000191e+00
7.612660999999999456e-01 0.000000000000000000e+00 7.458040000000000225e-01 4.649579000000000129e+00
7.615159000000000233e-01 0.000000000000000000e+00 7.448325999999999558e-01 4.645046999999999926e+00
7.617656000000000427e-01 0.000000000000000000e+00 7.438581000000000776e-01 4.640513000000000332e+00
7.620152999999999510e-01 0.000000000000000000e+00 7.428806000000000020e-01 4.635977999999999710e+00
7.622649999999999704e-01 0.000000000000000000e+00 7.418999000000000565e-01 4.631441999999999837e+00
7.625146999999999897e-01 0.000000000000000000e+00 7.409161000000000774e-01 4.626904999999999824e+00
7.627644000000000091e-01 0.000000000000000000e+00 7.399292000000000646e-01 4.622366000000000419e+00
7.630141000000000284e-01 0.000000000000000000e+00 7.389392999999999656e-01 4.617825999999999986e+00
7.632638999999999951e-01 0.000000000000000000e+00 7.379461999999999966e-01 4.613285000000000302e+00
7.635136000000000145e-01 0.000000000000000000e+00 7.369501000000000523e-01 4.608742999999999590e+00
7.637633000000000338e-01 0.000000000000000000e+00 7.359509000000000745e-01 4.604199999999999626e+00
7.640130000000000532e-01 0.000000000000000000e+00 7.349487000000000103e-01 4.599656000000000411e+00
7.642626999999999615e-01 0.000000000000000000e+00 7.339434999999999709e-01 4.595112000000000307e+00
7.645123999999999809e-01 0.000000000000000000e+00 7.329352999999999563e-01 4.590565999999999924e+00
7.647621000000000002e-01 0.000000000000000000e+00 7.319240999999999664e-01 4.586019000000000290e+00
7.650118000000000196e-01 0.000000000000000000e+00 7.309099999999999486e-01 4.581470999999999627e+00
7.652615999999999863e-01 0.000000000000000000e+00 7.298929000000000666e-01 4.576922999999999853e+00
7.655113000000000056e-01 0.000000000000000000e+00 7.288729999999999931e-01 4.572372999999999799e+00
7.657610000000000250e-01 0.000000000000000000e+00 7.278500999999999443e-01 4.567822999999999745e+00
7.660107000000000443e-01 0.000000000000000000e+00 7.268243999999999261e-01 4.563271000000000299e+00
7.662603999999999527e-01 0.000000000000000000e+00 7.257957999999999910e-01 4.558718999999999966e+00
7.665100999999999720e-01 0.000000000000000000e+00 7.247643999999999753e-01 4.554165000000000241e+00
7.667597999999999914e-01 0.000000000000000000e+00 7.237301999999999902e-01 4.549610000000000376e+00
7.670095999999999581e-01 0.000000000000000000e+00 7.226932000000000356e-01 4.545054999999999623e+00
7.672592999999999774e-01 0.000000000000000000e+00 7.216532999999999420e-01 4.540498000000000367e+00
7.675089999999999968e-01 0.000000000000000000e+00 7.206106999999999374e-01 4.535941000000000223e+00
7.677587000000000161e-01 0.000000000000000000e+00 7.195652999999999633e-01 4.531382999999999939e+00
7.680084000000000355e-01 0.000000000000000000e+00 7.185171000000000197e-01 4.526824000000000403e+00
7.682581000000000548e-01 0.000000000000000000e+00 7.174660999999999955e-01 4.522264999999999979e+00
7.685077999999999632e-01 0.000000000000000000e+00 7.164124000000000603e-01 4.517704000000000164e+00
7.687574999999999825e-01 0.000000000000000000e+00 7.153559999999999919e-01 4.513143000000000349e+00
7.690072999999999492e-01 0.000000000000000000e+00 7.142969000000000124e-01 4.508581999999999645e+00
7.692569999999999686e-01 0.000000000000000000e+00 7.132351999999999581e-01 4.504019000000000439e+00
7.695066999999999879e-01 0.000000000000000000e+00 7.121707999999999927e-01 4.499456000000000344e+00
7.697564000000000073e-01 0.000000000000000000e+00 7.111038999999999000e-01 4.494890999999999970e+00
7.700061000000000266e-01 0.000000000000000000e+00 7.100343999999999545e-01 4.490325999999999596e+00
7.702558000000000460e-01 0.000000000000000000e+00 7.089623999999999926e-01 4.485759999999999970e+00
7.705054999999999543e-01 0.000000000000000000e+00 7.078877999999999560e-01 4.481193000000000204e+00
7.707553000000000321e-01 0.000000000000000000e+00 7.068107999999999613e-01 4.476625000000000298e+00
7.710050000000000514e-01 0.000000000000000000e+00 7.057311999999998919e-01 4.472056000000000253e+00
7.712546999999999597e-01 0.000000000000000000e+00 7.046491999999999756e-01 4.467486000000000068e+00
7.715043999999999791e-01 0.000000000000000000e+00 7.035647000000000428e-01 4.462914999999999743e+00
7.717540999999999984e-01 0.000000000000000000e+00 7.024776999999999827e-01 4.458344000000000307e+00
7.720038000000000178e-01 0.000000000000000000e+00 7.013882000000000172e-01 4.453771999999999842e+00
7.722535000000000371e-01 0.000000000000000000e+00 7.002962999999999827e-01 4.449200000000000266e+00
7.725031999999999455e-01 0.000000000000000000e+00 6.992019000000000428e-01 4.444626999999999661e+00
7.727530000000000232e-01 0.000000000000000000e+00 6.981051000000000339e-01 4.440052999999999805e+00
7.730027000000000426e-01 0.000000000000000000e+00 6.970058999999999561e-01 4.435478999999999949e+00
7.732523999999999509e-01 0.000000000000000000e+00 6.959043999999999786e-01 4.430903999999999954e+00
7.735020999999999702e-01 0.000000000000000000e+00 6.948005000000000431e-01 4.426328999999999958e+00
7.737517999999999896e-01 0.000000000000000000e+00 6.936943999999999333e-01 4.421753999999999962e+00
7.740015000000000089e-01 0.000000000000000000e+00 6.925859000000000876e-01 4.417177999999999827e+00
7.742512000000000283e-01 0.000000000000000000e+00 6.914751999999999565e-01 4.412601999999999691e+00
7.745009999999999950e-01 0.000000000000000000e+00 6.903622000000000369e-01 4.408026000000000444e+00
7.747507000000000144e-01 0.000000000000000000e+00 6.892468999999999957e-01 4.403449000000000169e+00
7.750004000000000337e-01 0.000000000000000000e+00 6.881295000000000606e-01 4.398870999999999754e+00
7.752501000000000531e-01 0.000000000000000000e+00 6.870098000000000038e-01 4.394293000000000227e+00
7.754997999999999614e-01 0.000000000000000000e+00 6.858878999999999948e-01 4.389713999999999672e+00
7.757494999999999807e-01 0.000000000000000000e+00 6.847638999999999809e-01 4.385133999999999865e+00
7.759992000000000001e-01 0.000000000000000000e+00 6.836376000000000674e-01 4.380552999999999919e+00
7.762489000000000194e-01 0.000000000000000000e+00 6.825091999999999270e-01 4.375970999999999833e+00
7.764986999999999862e-01 0.000000000000000000e+00 6.813787000000000038e-01 4.371388999999999747e+00
7.767484000000000055e-01 0.000000000000000000e+00 6.802460999999999647e-01 4.366806000000000409e+00
7.769981000000000249e-01 0.000000000000000000e+00 6.791114000000000317e-01 4.362223000000000184e+00
7.772478000000000442e-01 0.000000000000000000e+00 6.779745999999999828e-01 4.357638999999999818e+00
7.774974999999999525e-01 0.000000000000000000e+00 6.768357999999999874e-01 4.353055999999999592e+00
7.777471999999999719e-01 0.000000000000000000e+00 6.756950000000000456e-01 4.348472000000000115e+00
7.779968999999999912e-01 0.000000000000000000e+00 6.745521999999999352e-01 4.343887999999999749e+00
7.782466999999999580e-01 0.000000000000000000e+00 6.734072999999999309e-01 4.339305000000000412e+00
7.784963999999999773e-01 0.000000000000000000e+00 6.722604999999999276e-01 4.334721000000000046e+00
7.787460999999999967e-01 0.000000000000000000e+00 6.711117000000000887e-01 4.330137999999999820e+00
7.789958000000000160e-01 0.000000000000000000e+00 6.699609000000000814e-01 4.325554000000000343e+00
7.792455000000000354e-01 0.000000000000000000e+00 6.688082000000000749e-01 4.320968999999999838e+00
7.794952000000000547e-01 0.000000000000000000e+00 6.676535000000000108e-01 4.316384000000000221e+00
7.797448999999999630e-01 0.000000000000000000e+00 6.664968999999999477e-01 4.311798999999999715e+00
7.799947000000000408e-01 0.000000000000000000e+00 6.653383999999999965e-01 4.307212999999999958e+00
7.802443999999999491e-01 0.000000000000000000e+00 6.641778999999999877e-01 4.302626000000000062e+00
7.804940999999999685e-01 0.000000000000000000e+00 6.630155999999999272e-01 4.298039000000000165e+00
7.807437999999999878e-01 0.000000000000000000e+00 6.618515000000000370e-01 4.293452000000000268e+00
7.809935000000000072e-01 0.000000000000000000e+00 6.606855999999999840e-01 4.288864000000000232e+00
7.812432000000000265e-01 0.000000000000000000e+00 6.595177999999999319e-01 4.284276000000000195e+00
7.814929000000000459e-01 0.000000000000000000e+00 6.583482999999999974e-01 4.279688000000000159e+00
7.817425999999999542e-01 0.000000000000000000e+00 6.571770999999999585e-01 4.275100000000000122e+00
7.819924000000000319e-01 0.000000000000000000e+00 6.560041999999999263e-01 4.270510999999999946e+00
7.822421000000000513e-01 0.000000000000000000e+00 6.548295000000000643e-01 4.265922999999999909e+00
7.824917999999999596e-01 0.000000000000000000e+00 6.536531999999999343e-01 4.261333999999999733e+00
7.827414999999999790e-01 0.000000000000000000e+00 6.524750999999999745e-01 4.256744999999999557e+00
7.829911999999999983e-01 0.000000000000000000e+00 6.512953999999999688e-01 4.252156000000000269e+00
7.832409000000000177e-01 0.000000000000000000e+00 6.501140000000000807e-01 4.247567000000000093e+00
7.834906000000000370e-01 0.000000000000000000e+00 6.489308000000000298e-01 4.242976999999999776e+00
7.837404000000000037e-01 0.000000000000000000e+00 6.477460999999999913e-01 4.238387999999999600e+00
7.839901000000000231e-01 0.000000000000000000e+00 6.465596000000000121e-01 4.233798000000000172e+00
7.842398000000000424e-01 0.000000000000000000e+00 6.453714999999999868e-01 4.229206999999999717e+00
7.844894999999999508e-01 0.000000000000000000e+00 6.441817999999999156e-01 4.224617000000000289e+00
7.847391999999999701e-01 0.000000000000000000e+00 6.429905000000000204e-01 4.220026999999999973e+00
7.849888999999999895e-01 0.000000000000000000e+00 6.417975999999999681e-01 4.215436999999999657e+00
7.852386000000000088e-01 0.000000000000000000e+00 6.406032000000000393e-01 4.210846000000000089e+00
7.854883000000000282e-01 0.000000000000000000e+00 6.394071999999999534e-01 4.206255999999999773e+00
7.857380999999999949e-01 0.000000000000000000e+00 6.382096000000000435e-01 4.201666000000000345e+00
7.859878000000000142e-01 0.000000000000000000e+00 6.370105999999999824e-01 4.197077000000000169e+00
7.862375000000000336e-01 0.000000000000000000e+00 6.358099999999999863e-01 4.192486999999999853e+00
7.864872000000000529e-01 0.000000000000000000e+00 6.346079999999999499e-01 4.187897999999999676e+00
7.867368999999999613e-01 0.000000000000000000e+00 6.334045000000000369e-01 4.183308000000000249e+00
7.869865999999999806e-01 0.000000000000000000e+00 6.321997000000000311e-01 4.178719000000000072e+00
7.872363000000000000e-01 0.000000000000000000e+00 6.309933999999999266e-01 4.174129999999999896e+00
7.874860999999999667e-01 0.000000000000000000e+00 6.297857999999999512e-01 4.169540999999999720e+00
7.877357999999999860e-01 0.000000000000000000e+00 6.285768000000000466e-01 4.164952000000000432e+00
7.879855000000000054e-01 0.000000000000000000e+00 6.273664999999999381e-01 4.160363000000000255e+00
7.882352000000000247e-01 0.000000000000000000e+00 6.261548000000000114e-01 4.155774000000000079e+00
7.884849000000000441e-01 0.000000000000000000e+00 6.249417999999999918e-01 4.151184999999999903e+00
7.887345999999999524e-01 0.000000000000000000e+00 6.237274999999999903e-01 4.146596999999999866e+00
7.889842999999999718e-01 0.000000000000000000e+00 6.225117999999999485e-01 4.142007999999999690e+00
7.892339999999999911e-01 0.000000000000000000e+00 6.212948000000000359e-01 4.137419999999999654e+00
7.894837999999999578e-01 0.000000000000000000e+00 6.200764000000000831e-01 4.132831000000000365e+00
7.897334999999999772e-01 0.000000000000000000e+00 6.188567000000000373e-01 4.128243000000000329e+00
7.899831999999999965e-01 0.000000000000000000e+00 6.176358000000000681e-01 4.123655000000000292e+00
7.902329000000000159e-01 0.000000000000000000e+00 6.164136000000000060e-01 4.119067000000000256e+00
7.904826000000000352e-01 0.000000000000000000e+00 6.151901000000000730e-01 4.114479000000000219e+00
7.907323000000000546e-01 0.000000000000000000e+00 6.139653999999999945e-01 4.109892000000000323e+00
7.909819999999999629e-01 0.000000000000000000e+00 6.127394999999999925e-01 4.105304000000000286e+00
7.912318000000000406e-01 0.000000000000000000e+00 6.115123999999999560e-01 4.100717000000000390e+00
7.914814999999999490e-01 0.000000000000000000e+00 6.102840999999999960e-01 4.096129000000000353e+00
7.917311999999999683e-01 0.000000000000000000e+00 6.090547000000000599e-01 4.091541999999999568e+00
7.919808999999999877e-01 0.000000000000000000e+00 6.078242000000000367e-01 4.086954999999999671e+00
7.922306000000000070e-01 0.000000000000000000e+00 6.065925999999999263e-01 4.082368999999999915e+00
7.924803000000000264e-01 0.000000000000000000e+00 6.053598000000000035e-01 4.077782000000000018e+00
7.927300000000000457e-01 0.000000000000000000e+00 6.041258999999999935e-01 4.073196000000000261e+00
7.929796999999999541e-01 0.000000000000000000e+00 6.028909000000000074e-01 4.068609000000000364e+00
7.932295000000000318e-01 0.000000000000000000e+00 6.016548000000000451e-01 4.064022999999999719e+00
7.934792000000000511e-01 0.000000000000000000e+00 6.004175999999999958e-01 4.059436999999999962e+00
7.937288999999999595e-01 0.000000000000000000e+00 5.991792999999999703e-01 4.054851000000000205e+00
7.939785999999999788e-01 0.000000000000000000e+00 5.979398999999999686e-01 4.050264999999999560e+00
7.942282999999999982e-01 0.000000000000000000e+00 5.966994999999999383e-01 4.045678999999999803e+00
7.944780000000000175e-01 0.000000000000000000e+00 5.954579999999999318e-01 4.041094000000000186e+00
7.947277000000000369e-01 0.000000000000000000e+00 5.942155999999999549e-01 4.036508000000000429e+00
7.949775000000000036e-01 0.000000000000000000e+00 5.929721000000000020e-01 4.031922999999999924e+00
7.952272000000000229e-01 0.000000000000000000e+00 5.917277000000000786e-01 4.027338000000000306e+00
7.954769000000000423e-01 0.000000000000000000e+00 5.904823000000000155e-01 4.022753999999999941e+00
7.957265999999999506e-01 0.000000000000000000e+00 5.892359000000000346e-01 4.018169999999999575e+00
7.959762999999999700e-01 0.000000000000000000e+00 5.879887000000000308e-01 4.013586000000000098e+00
7.962259999999999893e-01 0.000000000000000000e+00 5.867404999999999982e-01 4.009002999999999872e+00
7.964757000000000087e-01 0.000000000000000000e+00 5.854913999999999952e-01 4.004419999999999646e+00
7.967254999999999754e-01 0.000000000000000000e+00 5.842414999999999692e-01 3.999838000000000005e+00
7.969751999999999947e-01 0.000000000000000000e+00 5.829906999999999728e-01 3.995255999999999919e+00
7.972249000000000141e-01 0.000000000000000000e+00 5.817390000000000061e-01 3.990673999999999833e+00
7.974746000000000334e-01 0.000000000000000000e+00 5.804865000000000164e-01 3.986094000000000026e+00
7.977243000000000528e-01 0.000000000000000000e+00 5.792332000000000036e-01 3.981513000000000080e+00
7.979739999999999611e-01 0.000000000000000000e+00 5.779790000000000205e-01 3.976932999999999829e+00
7.982236999999999805e-01 0.000000000000000000e+00 5.767240000000000144e-01 3.972354000000000163e+00
7.984733999999999998e-01 0.000000000000000000e+00 5.754683000000000437e-01 3.967775000000000052e+00
7.987231999999999665e-01 0.000000000000000000e+00 5.742115999999999332e-01 3.963195999999999941e+00
7.989728999999999859e-01 0.000000000000000000e+00 5.729541999999999691e-01 3.958617999999999970e+00
7.992226000000000052e-01 0.000000000000000000e+00 5.716959999999999820e-01 3.954038999999999859e+00
7.994723000000000246e-01 0.000000000000000000e+00 5.704369999999999719e-01 3.949460999999999888e+00
7.997220000000000439e-01 0.000000000000000000e+00 5.691771999999999387e-01 3.944882999999999917e+00
7.999716999999999523e-01 0.000000000000000000e+00 5.679165999999999936e-01 3.940304999999999946e+00
8.002213999999999716e-01 0.000000000000000000e+00 5.666552999999999729e-01 3.935726999999999975e+00
8.004712000000000494e-01 0.000000000000000000e+00 5.653932999999999875e-01 3.931150000000000144e+00
8.007208999999999577e-01 0.000000000000000000e+00 5.641305999999999266e-01 3.926572999999999869e+00
8.009705999999999770e-01 0.000000000000000000e+00 5.628672999999999593e-01 3.921996000000000038e+00
8.012202999999999964e-01 0.000000000000000000e+00 5.616033000000000275e-01 3.917421000000000042e+00
8.014700000000000157e-01 0.000000000000000000e+00 5.603386999999999674e-01 3.912846000000000046e+00
8.017197000000000351e-01 0.000000000000000000e+00 5.590735000000000010e-01 3.908272000000000190e+00
8.019694000000000544e-01 0.000000000000000000e+00 5.578076999999999064e-01 3.903697999999999890e+00
8.022190999999999628e-01 0.000000000000000000e+00 5.565413000000000165e-01 3.899125000000000174e+00
8.024689000000000405e-01 0.000000000000000000e+00 5.552744000000000568e-01 3.894553000000000154e+00
8.027185999999999488e-01 0.000000000000000000e+00 5.540068000000000215e-01 3.889981000000000133e+00
8.029682999999999682e-01 0.000000000000000000e+00 5.527387000000000272e-01 3.885409999999999808e+00
8.032179999999999875e-01 0.000000000000000000e+00 5.514700999999999631e-01 3.880838999999999928e+00
8.034677000000000069e-01 0.000000000000000000e+00 5.502007999999999344e-01 3.876268000000000047e+00
8.037174000000000262e-01 0.000000000000000000e+00 5.489311000000000051e-01 3.871699000000000002e+00
8.039671000000000456e-01 0.000000000000000000e+00 5.476607999999999477e-01 3.867129999999999956e+00
8.042169000000000123e-01 0.000000000000000000e+00 5.463900999999999897e-01 3.862560999999999911e+00
8.044666000000000317e-01 0.000000000000000000e+00 5.451189000000000728e-01 3.857994000000000145e+00
8.047163000000000510e-01 0.000000000000000000e+00 5.438473000000000335e-01 3.853426999999999936e+00
8.049659999999999593e-01 0.000000000000000000e+00 5.425752000000000352e-01 3.848860999999999866e+00
8.052156999999999787e-01 0.000000000000000000e+00 5.413028000000000839e-01 3.844295999999999935e+00
8.054653999999999980e-01 0.000000000000000000e+00 5.400300000000000100e-01 3.839732999999999841e+00
8.057151000000000174e-01 0.000000000000000000e+00 5.387568999999999830e-01 3.835170000000000190e+00
8.059648000000000367e-01 0.000000000000000000e+00 5.374833999999999445e-01 3.830608999999999931e+00
8.062146000000000035e-01 0.000000000000000000e+00 5.362096000000000640e-01 3.826048000000000116e+00
8.064643000000000228e-01 0.000000000000000000e+00 5.349353999999999498e-01 3.821489000000000136e+00
8.067140000000000422e-01 0.000000000000000000e+00 5.336609999999999410e-01 3.816930000000000156e+00
8.069636999999999505e-01 0.000000000000000000e+00 5.323861000000000843e-01 3.812371999999999872e+00
8.072133999999999698e-01 0.000000000000000000e+00 5.311109999999999998e-01 3.807814000000000032e+00
8.074630999999999892e-01 0.000000000000000000e+00 5.298355999999999622e-01 3.803256999999999888e+00
8.077128000000000085e-01 0.000000000000000000e+00 5.285598000000000241e-01 3.798700999999999883e+00
8.079625999999999753e-01 0.000000000000000000e+00 5.272838000000000802e-01 3.794144999999999879e+00
8.082122999999999946e-01 0.000000000000000000e+00 5.260075000000000722e-01 3.789590000000000014e+00
8.084620000000000140e-01 0.000000000000000000e+00 5.247309999999999475e-01 3.785035999999999845e+00
8.087117000000000333e-01 0.000000000000000000e+00 5.234543000000000390e-01 3.780483999999999956e+00
8.089614000000000527e-01 0.000000000000000000e+00 5.221772999999999554e-01 3.775932000000000066e+00
8.092110999999999610e-01 0.000000000000000000e+00 5.209002000000000354e-01 3.771380999999999872e+00
8.094607999999999803e-01 0.000000000000000000e+00 5.196230000000000571e-01 3.766831999999999958e+00
8.097104999999999997e-01 0.000000000000000000e+00 5.183455999999999619e-01 3.762284000000000184e+00
8.099602999999999664e-01 0.000000000000000000e+00 5.170679999999999721e-01 3.757737000000000105e+00
8.102099999999999858e-01 0.000000000000000000e+00 5.157903999999999822e-01 3.753191000000000166e+00
8.104597000000000051e-01 0.000000000000000000e+00 5.145127000000000450e-01 3.748647000000000062e+00
8.107094000000000245e-01 0.000000000000000000e+00 5.132347999999999910e-01 3.744104000000000099e+00
8.109591000000000438e-01 0.000000000000000000e+00 5.119569000000000480e-01 3.739561999999999831e+00
8.112087999999999521e-01 0.000000000000000000e+00 5.106789999999999941e-01 3.735021999999999842e+00
8.114584999999999715e-01 0.000000000000000000e+00 5.094008999999999343e-01 3.730481999999999854e+00
8.117083000000000492e-01 0.000000000000000000e+00 5.081229000000000440e-01 3.725944000000000145e+00
8.119579999999999576e-01 0.000000000000000000e+00 5.068447999999999842e-01 3.721407000000000131e+00
8.122076999999999769e-01 0.000000000000000000e+00 5.055667999999999829e-01 3.716870999999999814e+00
8.124573999999999963e-01 0.000000000000000000e+00 5.042887000000000342e-01 3.712337000000000220e+00
8.127071000000000156e-01 0.000000000000000000e+00 5.030107000000000328e-01 3.707803000000000182e+00
8.129568000000000350e-01 0.000000000000000000e+00 5.017327000000000314e-01 3.703270999999999979e+00
8.132065000000000543e-01 0.000000000000000000e+00 5.004547999999999774e-01 3.698739999999999917e+00
8.134563000000000210e-01 0.000000000000000000e+00 4.991768999999999790e-01 3.694209999999999994e+00
8.137060000000000404e-01 0.000000000000000000e+00 4.978990999999999834e-01 3.689681999999999906e+00
8.139556999999999487e-01 0.000000000000000000e+00 4.966213999999999906e-01 3.685154999999999959e+00
8.142053999999999681e-01 0.000000000000000000e+00 4.953438000000000008e-01 3.680629000000000151e+00
8.144550999999999874e-01 0.000000000000000000e+00 4.940663999999999612e-01 3.676104000000000038e+00
8.147048000000000068e-01 0.000000000000000000e+00 4.927889999999999771e-01 3.671581000000000206e+00
8.149545000000000261e-01 0.000000000000000000e+00 4.915116999999999958e-01 3.667060000000000208e+00
8.152042000000000455e-01 0.000000000000000000e+00 4.902346000000000203e-01 3.662539999999999907e+00
8.154540000000000122e-01 0.000000000000000000e+00 4.889575999999999922e-01 3.658021999999999885e+00
8.157037000000000315e-01 0.000000000000000000e+00 4.876807999999999699e-01 3.653506000000000142e+00
8.159534000000000509e-01 0.000000000000000000e+00 4.864041000000000059e-01 3.648991000000000096e+00
8.162030999999999592e-01 0.000000000000000000e+00 4.851275999999999922e-01 3.644477999999999884e+00
8.164527999999999786e-01 0.000000000000000000e+00 4.838513999999999871e-01 3.639966999999999953e+00
8.167024999999999979e-01 0.000000000000000000e+00 4.825753000000000403e-01 3.635457000000000161e+00
8.169522000000000173e-01 0.000000000000000000e+00 4.812995000000000467e-01 3.630948000000000064e+00
8.172019999999999840e-01 0.000000000000000000e+00 4.800240000000000062e-01 3.626440999999999804e+00
8.174517000000000033e-01 0.000000000000000000e+00 4.787486999999999715e-01 3.621935000000000127e+00
8.177014000000000227e-01 0.000000000000000000e+00 4.774738000000000038e-01 3.617430999999999841e+00
8.179511000000000420e-01 0.000000000000000000e+00 4.761992000000000447e-01 3.612928000000000139e+00
8.182007999999999504e-01 0.000000000000000000e+00 4.749248999999999832e-01 3.608426999999999829e+00
8.184504999999999697e-01 0.000000000000000000e+00 4.736509999999999887e-01 3.603927000000000103e+00
8.187001999999999891e-01 0.000000000000000000e+00 4.723774000000000028e-01 3.599429000000000212e+00
8.189499000000000084e-01 0.000000000000000000e+00 4.711041999999999730e-01 3.594932000000000016e+00
8.191996999999999751e-01 0.000000000000000000e+00 4.698315000000000130e-01 3.590437000000000101e+00
8.194493999999999945e-01 0.000000000000000000e+00 4.685591000000000061e-01 3.585944000000000020e+00
8.196991000000000138e-01 0.000000000000000000e+00 4.672873000000000165e-01 3.581453000000000220e+00
8.199488000000000332e-01 0.000000000000000000e+00 4.660158000000000356e-01 3.576963000000000115e+00
8.201985000000000525e-01 0.000000000000000000e+00 4.647448999999999608e-01 3.572475999999999985e+00
8.204481999999999609e-01 0.000000000000000000e+00 4.634744000000000086e-01 3.567989999999999995e+00
8.206978999999999802e-01 0.000000000000000000e+00 4.622044000000000152e-01 3.563505999999999840e+00
8.209476999999999469e-01 0.000000000000000000e+00 4.609347999999999779e-01 3.559023999999999965e+00
8.211973999999999663e-01 0.000000000000000000e+00 4.596658000000000133e-01 3.554543999999999926e+00
8.214470999999999856e-01 0.000000000000000000e+00 4.583972999999999520e-01 3.550065000000000026e+00
8.216968000000000050e-01 0.000000000000000000e+00 4.571293999999999635e-01 3.545589000000000102e+00
8.219465000000000243e-01 0.000000000000000000e+00 4.558618999999999866e-01 3.541115000000000013e+00
8.221962000000000437e-01 0.000000000000000000e+00 4.545951000000000297e-01 3.536642000000000063e+00
8.224458999999999520e-01 0.000000000000000000e+00 4.533288999999999791e-01 3.532170999999999950e+00
8.226955999999999714e-01 0.000000000000000000e+00 4.520633000000000012e-01 3.527702000000000115e+00
8.229454000000000491e-01 0.000000000000000000e+00 4.507983999999999880e-01 3.523235999999999812e+00
8.231950999999999574e-01 0.000000000000000000e+00 4.495341999999999949e-01 3.518769999999999953e+00
8.234447999999999768e-01 0.000000000000000000e+00 4.482706999999999664e-01 3.514307000000000070e+00
8.236944999999999961e-01 0.000000000000000000e+00 4.470079000000000136e-01 3.509846000000000021e+00
8.239442000000000155e-01 0.000000000000000000e+00 4.457459999999999756e-01 3.505386000000000113e+00
8.241939000000000348e-01 0.000000000000000000e+00 4.444848000000000132e-01 3.500929000000000180e+00
8.244436000000000542e-01 0.000000000000000000e+00 4.432244000000000184e-01 3.496472999999999942e+00
8.246934000000000209e-01 0.000000000000000000e+00 4.419648000000000465e-01 3.492018999999999984e+00
8.249431000000000402e-01 0.000000000000000000e+00 4.407060999999999895e-01 3.487568000000000001e+00
8.251927999999999486e-01 0.000000000000000000e+00 4.394481000000000082e-01 3.483118000000000158e+00
8.254424999999999679e-01 0.000000000000000000e+00 4.381909999999999972e-01 3.478670999999999847e+00
8.256921999999999873e-01 0.000000000000000000e+00 4.369347000000000092e-01 3.474225000000000119e+00
8.259419000000000066e-01 0.000000000000000000e+00 4.356791999999999887e-01 3.469781999999999922e+00
8.261916000000000260e-01 0.000000000000000000e+00 4.344246999999999970e-01 3.465341000000000005e+00
8.264413000000000453e-01 0.000000000000000000e+00 4.331709999999999727e-01 3.460901999999999923e+00
8.266911000000000120e-01 0.000000000000000000e+00 4.319182000000000299e-01 3.456465999999999816e+00
8.269408000000000314e-01 0.000000000000000000e+00 4.306664000000000048e-01 3.452030999999999850e+00
8.271905000000000507e-01 0.000000000000000000e+00 4.294154000000000027e-01 3.447598999999999858e+00
8.274401999999999591e-01 0.000000000000000000e+00 4.281655000000000322e-01 3.443169000000000146e+00
8.276898999999999784e-01 0.000000000000000000e+00 4.269164999999999766e-01 3.438741999999999965e+00
8.279395999999999978e-01 0.000000000000000000e+00 4.256685000000000052e-01 3.434317000000000064e+00
8.281893000000000171e-01 0.000000000000000000e+00 4.244215000000000071e-01 3.429892999999999859e+00
8.284390999999999838e-01 0.000000000000000000e+00 4.231754999999999822e-01 3.425473000000000212e+00
8.286888000000000032e-01 0.000000000000000000e+00 4.219306000000000445e-01 3.421053999999999817e+00
8.289385000000000225e-01 0.000000000000000000e+00 4.206866999999999690e-01 3.416637000000000146e+00
8.291882000000000419e-01 0.000000000000000000e+00 4.194438999999999806e-01 3.412223000000000006e+00
8.294378999999999502e-01 0.000000000000000000e+00 4.182020999999999655e-01 3.407810000000000006e+00
8.296875999999999696e-01 0.000000000000000000e+00 4.169614999999999849e-01 3.403399999999999981e+00
8.299372999999999889e-01 0.000000000000000000e+00 4.157219999999999804e-01 3.398991999999999791e+00
8.301870999999999556e-01 0.000000000000000000e+00 4.144836000000000076e-01 3.394585000000000186e+00
8.304367999999999750e-01 0.000000000000000000e+00 4.132464000000000137e-01 3.390181000000000111e+00
8.306864999999999943e-01 0.000000000000000000e+00 4.120103999999999989e-01 3.385778000000000176e+00
8.309362000000000137e-01 0.000000000000000000e+00 4.107755000000000156e-01 3.381378000000000217e+00
8.311859000000000330e-01 0.000000000000000000e+00 4.095419000000000143e-01 3.376980999999999788e+00
8.314356000000000524e-01 0.000000000000000000e+00 4.083094999999999919e-01 3.372584999999999944e+00
8.316852999999999607e-01 0.000000000000000000e+00 4.070783000000000040e-01 3.368192000000000075e+00
8.319349999999999801e-01 0.000000000000000000e+00 4.058482999999999952e-01 3.363802000000000181e+00
8.321847999999999468e-01 0.000000000000000000e+00 4.046195999999999682e-01 3.359414000000000122e+00
8.324344999999999661e-01 0.000000000000000000e+00 4.033921999999999786e-01 3.355029000000000039e+00
8.326841999999999855e-01 0.000000000000000000e+00 4.021660999999999708e-01 3.350645999999999791e+00
8.329339000000000048e-01 0.000000000000000000e+00 4.009413000000000005e-01 3.346267000000000102e+00
8.331836000000000242e-01 0.000000000000000000e+00 3.997178999999999593e-01 3.341889000000000109e+00
8.334333000000000435e-01 0.000000000000000000e+00 3.984957000000000082e-01 3.337514000000000092e+00
8.336829999999999519e-01 0.000000000000000000e+00 3.972748999999999864e-01 3.333142000000000049e+00
8.339328000000000296e-01 0.000000000000000000e+00 3.960555000000000048e-01 3.328772999999999982e+00
8.341825000000000490e-01 0.000000000000000000e+00 3.948374000000000050e-01 3.324406000000000194e+00
8.344321999999999573e-01 0.000000000000000000e+00 3.936207999999999929e-01 3.320040999999999798e+00
8.346818999999999766e-01 0.000000000000000000e+00 3.924055000000000182e-01 3.315679999999999961e+00
8.349315999999999960e-01 0.000000000000000000e+00 3.911917000000000311e-01 3.311319999999999819e+00
8.351813000000000153e-01 0.000000000000000000e+00 3.899791999999999703e-01 3.306963999999999793e+00
8.354310000000000347e-01 0.000000000000000000e+00 3.887681999999999527e-01 3.302608999999999906e+00
8.356807000000000540e-01 0.000000000000000000e+00 3.875586000000000308e-01 3.298256999999999994e+00
8.359305000000000208e-01 0.000000000000000000e+00 3.863503999999999827e-01 3.293908000000000058e+00
8.361802000000000401e-01 0.000000000000000000e+00 3.851435999999999749e-01 3.289560999999999957e+00
8.364298999999999484e-01 0.000000000000000000e+00 3.839383000000000101e-01 3.285216999999999832e+00
8.366795999999999678e-01 0.000000000000000000e+00 3.827345000000000330e-01 3.280873999999999846e+00
8.369292999999999871e-01 0.000000000000000000e+00 3.815321999999999880e-01 3.276534999999999975e+00
8.371790000000000065e-01 0.000000000000000000e+00 3.803313999999999862e-01 3.272197999999999940e+00
8.374287000000000258e-01 0.000000000000000000e+00 3.791320999999999719e-01 3.267863000000000184e+00
8.376784999999999926e-01 0.000000000000000000e+00 3.779344000000000037e-01 3.263530999999999960e+00
8.379282000000000119e-01 0.000000000000000000e+00 3.767382999999999704e-01 3.259201000000000015e+00
8.381779000000000313e-01 0.000000000000000000e+00 3.755437999999999832e-01 3.254874000000000045e+00
8.384276000000000506e-01 0.000000000000000000e+00 3.743509000000000420e-01 3.250550000000000050e+00
8.386772999999999589e-01 0.000000000000000000e+00 3.731596000000000357e-01 3.246227999999999891e+00
8.389269999999999783e-01 0.000000000000000000e+00 3.719700000000000228e-01 3.241909000000000152e+00
8.391766999999999976e-01 0.000000000000000000e+00 3.707820000000000005e-01 3.237591999999999803e+00
8.394264000000000170e-01 0.000000000000000000e+00 3.695957000000000270e-01 3.233277999999999874e+00
8.396761999999999837e-01 0.000000000000000000e+00 3.684110999999999914e-01 3.228966999999999921e+00
8.399259000000000031e-01 0.000000000000000000e+00 3.672281000000000017e-01 3.224658999999999942e+00
8.401756000000000224e-01 0.000000000000000000e+00 3.660468000000000055e-01 3.220352999999999799e+00
8.404253000000000418e-01 0.000000000000000000e+00 3.648672000000000026e-01 3.216051000000000215e+00
8.406749999999999501e-01 0.000000000000000000e+00 3.636892999999999931e-01 3.211751000000000023e+00
8.409246999999999694e-01 0.000000000000000000e+00 3.625129999999999741e-01 3.207453000000000110e+00
8.411743999999999888e-01 0.000000000000000000e+00 3.613385000000000069e-01 3.203158999999999867e+00
8.414241999999999555e-01 0.000000000000000000e+00 3.601657000000000330e-01 3.198866999999999905e+00
8.416738999999999749e-01 0.000000000000000000e+00 3.589946999999999999e-01 3.194579000000000057e+00
8.419235999999999942e-01 0.000000000000000000e+00 3.578254000000000157e-01 3.190293000000000045e+00
8.421733000000000136e-01 0.000000000000000000e+00 3.566578999999999722e-01 3.186008999999999869e+00
8.424230000000000329e-01 0.000000000000000000e+00 3.554922000000000359e-01 3.181728999999999807e+00
8.426727000000000523e-01 0.000000000000000000e+00 3.543283000000000404e-01 3.177451000000000025e+00
8.429223999999999606e-01 0.000000000000000000e+00 3.531662999999999886e-01 3.173176000000000219e+00
8.431720999999999799e-01 0.000000000000000000e+00 3.520060999999999884e-01 3.168902999999999803e+00
8.434218999999999467e-01 0.000000000000000000e+00 3.508476999999999846e-01 3.164633999999999947e+00
8.436715999999999660e-01 0.000000000000000000e+00 3.496911000000000325e-01 3.160366999999999926e+00
8.439212999999999854e-01 0.000000000000000000e+00 3.485364999999999713e-01 3.156102999999999881e+00
8.441710000000000047e-01 0.000000000000000000e+00 3.473836000000000146e-01 3.151841999999999810e+00
8.444207000000000241e-01 0.000000000000000000e+00 3.462327000000000043e-01 3.147583000000000020e+00
8.446704000000000434e-01 0.000000000000000000e+00 3.450834999999999875e-01 3.143327000000000204e+00
8.449200999999999517e-01 0.000000000000000000e+00 3.439363000000000281e-01 3.139075000000000060e+00
8.451699000000000295e-01 0.000000000000000000e+00 3.427909000000000095e-01 3.134825000000000195e+00
8.454196000000000488e-01 0.000000000000000000e+00 3.416474999999999929e-01 3.130577999999999861e+00
8.456692999999999572e-01 0.000000000000000000e+00 3.405058999999999725e-01 3.126332999999999807e+00
8.459189999999999765e-01 0.000000000000000000e+00 3.393663000000000096e-01 3.122091999999999867e+00
8.461686999999999959e-01 0.000000000000000000e+00 3.382285999999999904e-01 3.117853000000000208e+00
8.464184000000000152e-01 0.000000000000000000e+00 3.370928000000000258e-01 3.113617000000000079e+00
8.466681000000000346e-01 0.000000000000000000e+00 3.359590999999999550e-01 3.109385000000000066e+00
8.469179000000000013e-01 0.000000000000000000e+00 3.348272999999999944e-01 3.105154000000000192e+00
8.471676000000000206e-01 0.000000000000000000e+00 3.336974000000000329e-01 3.100926999999999989e+00
8.474173000000000400e-01 0.000000000000000000e+00 3.325695999999999652e-01 3.096703000000000205e+00
8.476669999999999483e-01 0.000000000000000000e+00 3.314438999999999580e-01 3.092480999999999813e+00
8.479166999999999677e-01 0.000000000000000000e+00 3.303201000000000054e-01 3.088261999999999841e+00
8.481663999999999870e-01 0.000000000000000000e+00 3.291984000000000021e-01 3.084045999999999843e+00
8.484161000000000064e-01 0.000000000000000000e+00 3.280785999999999980e-01 3.079833999999999961e+00
8.486658000000000257e-01 0.000000000000000000e+00 3.269610000000000016e-01 3.075623999999999914e+00
8.489155999999999924e-01 0.000000000000000000e+00 3.258454000000000073e-01 3.071416999999999842e+00
8.491653000000000118e-01 0.000000000000000000e+00 3.247318000000000149e-01 3.067213000000000189e+00
8.494150000000000311e-01 0.000000000000000000e+00 3.236204000000000303e-01 3.063013000000000208e+00
8.496647000000000505e-01 0.000000000000000000e+00 3.225110000000000476e-01 3.058815000000000062e+00
8.499143999999999588e-01 0.000000000000000000e+00 3.214035999999999560e-01 3.054619999999999891e+00
8.501640999999999782e-01 0.000000000000000000e+00 3.202984000000000386e-01 3.050428999999999835e+00
8.504137999999999975e-01 0.000000000000000000e+00 3.191952999999999596e-01 3.046240000000000059e+00
8.506635999999999642e-01 0.000000000000000000e+00 3.180943999999999994e-01 3.042053999999999814e+00
8.509132999999999836e-01 0.000000000000000000e+00 3.169954999999999856e-01 3.037870999999999988e+00
8.511630000000000029e-01 0.000000000000000000e+00 3.158987999999999796e-01 3.033691000000000138e+00
8.514127000000000223e-01 0.000000000000000000e+00 3.148043000000000369e-01 3.029513999999999818e+00
8.516624000000000416e-01 0.000000000000000000e+00 3.137118999999999880e-01 3.025339999999999918e+00
8.519120999999999500e-01 0.000000000000000000e+00 3.126217000000000024e-01 3.021167999999999854e+00
8.521617999999999693e-01 0.000000000000000000e+00 3.115337000000000245e-01 3.016999000000000208e+00
8.524114999999999887e-01 0.000000000000000000e+00 3.104478999999999989e-01 3.012833999999999790e+00
8.526612999999999554e-01 0.000000000000000000e+00 3.093643000000000365e-01 3.008671000000000095e+00
8.529109999999999747e-01 0.000000000000000000e+00 3.082828999999999708e-01 3.004512000000000072e+00
8.531606999999999941e-01 0.000000000000000000e+00 3.072037000000000240e-01 3.000354999999999883e+00
8.534104000000000134e-01 0.000000000000000000e+00 3.061267999999999767e-01 2.996201999999999810e+00
8.536601000000000328e-01 0.000000000000000000e+00 3.050520999999999927e-01 2.992052000000000156e+00
8.539098000000000521e-01 0.000000000000000000e+00 3.039796000000000165e-01 2.987906000000000173e+00
8.541594999999999605e-01 0.000000000000000000e+00 3.029093999999999953e-01 2.983762000000000025e+00
8.544093000000000382e-01 0.000000000000000000e+00 3.018414999999999848e-01 2.979621999999999993e+00
8.546589999999999465e-01 0.000000000000000000e+00 3.007757999999999821e-01 2.975484999999999935e+00
8.549086999999999659e-01 0.000000000000000000e+00 2.997124999999999928e-01 2.971350999999999853e+00
8.551583999999999852e-01 0.000000000000000000e+00 2.986514000000000113e-01 2.967220999999999886e+00
8.554081000000000046e-01 0.000000000000000000e+00 2.975925999999999849e-01 2.963093000000000199e+00
8.556578000000000239e-01 0.000000000000000000e+00 2.965362000000000275e-01 2.958968000000000043e+00
8.559075000000000433e-01 0.000000000000000000e+00 2.954821000000000253e-01 2.954845999999999862e+00
8.561571999999999516e-01 0.000000000000000000e+00 2.944302999999999781e-01 2.950727000000000100e+00
8.564070000000000293e-01 0.000000000000000000e+00 2.933807999999999971e-01 2.946610999999999869e+00
8.566567000000000487e-01 0.000000000000000000e+00 2.923337000000000296e-01 2.942498000000000058e+00
8.569063999999999570e-01 0.000000000000000000e+00 2.912889999999999646e-01 2.938388000000000222e+00
8.571560999999999764e-01 0.000000000000000000e+00 2.902466000000000212e-01 2.934280999999999917e+00
8.574057999999999957e-01 0.000000000000000000e+00 2.892065999999999804e-01 2.930178000000000171e+00
8.576555000000000151e-01 0.000000000000000000e+00 2.881689000000000056e-01 2.926076999999999817e+00
8.579052000000000344e-01 0.000000000000000000e+00 2.871336999999999917e-01 2.921980000000000022e+00
8.581550000000000011e-01 0.000000000000000000e+00 2.861009000000000468e-01 2.917886999999999897e+00
8.584047000000000205e-01 0.000000000000000000e+00 2.850704000000000016e-01 2.913797000000000192e+00
8.586544000000000398e-01 0.000000000000000000e+00 2.840423999999999727e-01 2.909710000000000019e+00
8.589040999999999482e-01 0.000000000000000000e+00 2.830168000000000128e-01 2.905626999999999960e+00
8.591537999999999675e-01 0.000000000000000000e+00 2.819937000000000138e-01 2.901548000000000016e+00
8.594034999999999869e-01 0.000000000000000000e+00 2.809730000000000283e-01 2.897472000000000047e+00
8.596532000000000062e-01 0.000000000000000000e+00 2.799547000000000008e-01 2.893399000000000054e+00
8.599029000000000256e-01 0.000000000000000000e+00 2.789390000000000480e-01 2.889330000000000176e+00
8.601526999999999923e-01 0.000000000000000000e+00 2.779256999999999977e-01 2.885263999999999829e+00
8.604024000000000116e-01 0.000000000000000000e+00 2.769150000000000222e-01 2.881202000000000041e+00
8.606521000000000310e-01 0.000000000000000000e+00 2.759067000000000047e-01 2.877142999999999784e+00
8.609018000000000503e-01 0.000000000000000000e+00 2.749010000000000065e-01 2.873088000000000086e+00
8.611514999999999587e-01 0.000000000000000000e+00 2.738978000000000246e-01 2.869035999999999920e+00
8.614011999999999780e-01 0.000000000000000000e+00 2.728971000000000036e-01 2.864987999999999868e+00
8.616508999999999974e-01 0.000000000000000000e+00 2.718990000000000018e-01 2.860942000000000096e+00
8.619006999999999641e-01 0.000000000000000000e+00 2.709033999999999609e-01 2.856899999999999995e+00
8.621503999999999834e-01 0.000000000000000000e+00 2.699102999999999919e-01 2.852862000000000009e+00
8.624001000000000028e-01 0.000000000000000000e+00 2.689197999999999866e-01 2.848825999999999858e+00
8.626498000000000221e-01 0.000000000000000000e+00 2.679319000000000006e-01 2.844793999999999823e+00
8.628995000000000415e-01 0.000000000000000000e+00 2.669463999999999726e-01 2.840764000000000067e+00
8.631491999999999498e-01 0.000000000000000000e+00 2.659635999999999667e-01 2.836737999999999982e+00
8.633988999999999692e-01 0.000000000000000000e+00 2.649832999999999772e-01 2.832714999999999872e+00
8.636487000000000469e-01 0.000000000000000000e+00 2.640056000000000069e-01 2.828695999999999877e+00
8.638983999999999552e-01 0.000000000000000000e+00 2.630305000000000004e-01 2.824679999999999858e+00
8.641480999999999746e-01 0.000000000000000000e+00 2.620580000000000132e-01 2.820666999999999813e+00
8.643977999999999939e-01 0.000000000000000000e+00 2.610880999999999896e-01 2.816657999999999884e+00
8.646475000000000133e-01 0.000000000000000000e+00 2.601207999999999854e-01 2.812651999999999930e+00
8.648972000000000326e-01 0.000000000000000000e+00 2.591562000000000032e-01 2.808650999999999787e+00
8.651469000000000520e-01 0.000000000000000000e+00 2.581940999999999820e-01 2.804653000000000063e+00
8.653965999999999603e-01 0.000000000000000000e+00 2.572347999999999857e-01 2.800659000000000010e+00
8.656464000000000381e-01 0.000000000000000000e+00 2.562780000000000058e-01 2.796667999999999932e+00
8.658960999999999464e-01 0.000000000000000000e+00 2.553238999999999925e-01 2.792682000000000109e+00
8.661457999999999657e-01 0.000000000000000000e+00 2.543725000000000014e-01 2.788698999999999817e+00
8.663954999999999851e-01 0.000000000000000000e+00 2.534236999999999740e-01 2.784720000000000084e+00
8.666452000000000044e-01 0.000000000000000000e+00 2.524775999999999687e-01 2.780743999999999883e+00
8.668949000000000238e-01 0.000000000000000000e+00 2.515341999999999856e-01 2.776771999999999796e+00
8.671446000000000431e-01 0.000000000000000000e+00 2.505934000000000217e-01 2.772803000000000129e+00
8.673944000000000099e-01 0.000000000000000000e+00 2.496553000000000244e-01 2.768838000000000132e+00
8.676441000000000292e-01 0.000000000000000000e+00 2.487197999999999909e-01 2.764876000000000111e+00
8.678938000000000486e-01 0.000000000000000000e+00 2.477871000000000101e-01 2.760917000000000066e+00
8.681434999999999569e-01 0.000000000000000000e+00 2.468570999999999960e-01 2.756962000000000135e+00
8.683931999999999762e-01 0.000000000000000000e+00 2.459297000000000011e-01 2.753010000000000179e+00
8.686428999999999956e-01 0.000000000000000000e+00 2.450051000000000034e-01 2.749061999999999895e+00
8.688926000000000149e-01 0.000000000000000000e+00 2.440832000000000002e-01 2.745117000000000029e+00
8.691423000000000343e-01 0.000000000000000000e+00 2.431640999999999941e-01 2.741175999999999835e+00
8.693921000000000010e-01 0.000000000000000000e+00 2.422476000000000074e-01 2.737238000000000060e+00
8.696418000000000204e-01 0.000000000000000000e+00 2.413339999999999930e-01 2.733303999999999956e+00
8.698915000000000397e-01 0.000000000000000000e+00 2.404229999999999978e-01 2.729373999999999967e+00
8.701411999999999480e-01 0.000000000000000000e+00 2.395149000000000028e-01 2.725446999999999953e+00
8.703908999999999674e-01 0.000000000000000000e+00 2.386095000000000022e-01 2.721525000000000194e+00
8.706405999999999867e-01 0.000000000000000000e+00 2.377068999999999988e-01 2.717605999999999966e+00
8.708903000000000061e-01 0.000000000000000000e+00 2.368069999999999897e-01 2.713690999999999853e+00
8.711400999999999728e-01 0.000000000000000000e+00 2.359100000000000086e-01 2.709779000000000160e+00
8.713897999999999922e-01 0.000000000000000000e+00 2.350157000000000218e-01 2.705871000000000137e+00
8.716395000000000115e-01 0.000000000000000000e+00 2.341242000000000045e-01 2.701966999999999786e+00
8.718892000000000309e-01 0.000000000000000000e+00 2.332354000000000094e-01 2.698065999999999853e+00
8.721389000000000502e-01 0.000000000000000000e+00 2.323495000000000144e-01 2.694169000000000036e+00
8.723885999999999585e-01 0.000000000000000000e+00 2.314662999999999859e-01 2.690275999999999890e+00
8.726382999999999779e-01 0.000000000000000000e+00 2.305860000000000132e-01 2.686386000000000163e+00
8.728879999999999972e-01 0.000000000000000000e+00 2.297084000000000070e-01 2.682500000000000107e+00
8.731377999999999640e-01 0.000000000000000000e+00 2.288337000000000010e-01 2.678618000000000166e+00
8.733874999999999833e-01 0.000000000000000000e+00 2.279617000000000171e-01 2.674739000000000200e+00
8.736372000000000027e-01 0.000000000000000000e+00 2.270926000000000056e-01 2.670863999999999905e+00
8.738869000000000220e-01 0.000000000000000000e+00 2.262263000000000190e-01 2.666993000000000169e+00
8.741366000000000414e-01 0.000000000000000000e+00 2.253628000000000020e-01 2.663124999999999964e+00
8.743862999999999497e-01 0.000000000000000000e+00 2.245021999999999851e-01 2.659260999999999875e+00
8.746359999999999690e-01 0.000000000000000000e+00 2.236443999999999932e-01 2.655400000000000205e+00
8.748858000000000468e-01 0.000000000000000000e+00 2.227893999999999985e-01 2.651543999999999901e+00
8.751354999999999551e-01 0.000000000000000000e+00 2.219373000000000040e-01 2.647689999999999877e+00
8.753851999999999745e-01 0.000000000000000000e+00 2.210881000000000096e-01 2.643841000000000108e+00
8.756348999999999938e-01 0.000000000000000000e+00 2.202416000000000096e-01 2.639994999999999870e+00
8.758846000000000132e-01 0.000000000000000000e+00 2.193981000000000126e-01 2.636153000000000191e+00
8.761343000000000325e-01 0.000000000000000000e+00 2.185574000000000128e-01 2.632315000000000182e+00
8.763840000000000519e-01 0.000000000000000000e+00 2.177196000000000131e-01 2.628480000000000150e+00
8.766336999999999602e-01 0.000000000000000000e+00 2.168847000000000136e-01 2.624649999999999928e+00
8.768835000000000379e-01 0.000000000000000000e+00 2.160526000000000113e-01 2.620821999999999985e+00
8.771331999999999463e-01 0.000000000000000000e+00 2.152234000000000091e-01 2.616998999999999853e+00
8.773828999999999656e-01 0.000000000000000000e+00 2.143971000000000071e-01 2.613179000000000141e+00
8.776325999999999850e-01 0.000000000000000000e+00 2.135737000000000052e-01 2.609363000000000099e+00
8.778823000000000043e-01 0.000000000000000000e+00 2.127531000000000005e-01 2.605551000000000172e+00
8.781320000000000237e-01 0.000000000000000000e+00 2.119354999999999989e-01 2.601742999999999917e+00
8.783817000000000430e-01 0.000000000000000000e+00 2.111206999999999945e-01 2.597938000000000081e+00
8.786315000000000097e-01 0.000000000000000000e+00 2.103087999999999902e-01 2.594136999999999915e+00
8.788812000000000291e-01 0.000000000000000000e+00 2.094998999999999889e-01 2.590339999999999865e+00
8.791309000000000484e-01 0.000000000000000000e+00 2.086938000000000126e-01 2.586545999999999790e+00
8.793805999999999568e-01 0.000000000000000000e+00 2.078907000000000116e-01 2.582756999999999969e+00
8.796302999999999761e-01 0.000000000000000000e+00 2.070903999999999801e-01 2.578971000000000124e+00
8.798799999999999955e-01 0.000000000000000000e+00 2.062931000000000070e-01 2.575188999999999950e+00
8.801297000000000148e-01 0.000000000000000000e+00 2.054987000000000064e-01 2.571410999999999891e+00
8.803794999999999815e-01 0.000000000000000000e+00 2.047072000000000058e-01 2.567635999999999807e+00
8.806292000000000009e-01 0.000000000000000000e+00 2.039186000000000054e-01 2.563865999999999978e+00
8.808789000000000202e-01 0.000000000000000000e+00 2.031329000000000051e-01 2.560099000000000125e+00
8.811286000000000396e-01 0.000000000000000000e+00 2.023501000000000050e-01 2.556335999999999942e+00
8.813782999999999479e-01 0.000000000000000000e+00 2.015702000000000049e-01 2.552576999999999874e+00
8.816279999999999673e-01 0.000000000000000000e+00 2.007932000000000050e-01 2.548820999999999781e+00
8.818776999999999866e-01 0.000000000000000000e+00 2.000191000000000052e-01 2.545068999999999804e+00
8.821274000000000060e-01 0.000000000000000000e+00 1.992478999999999778e-01 2.541320999999999941e+00
8.823771999999999727e-01 0.000000000000000000e+00 1.984796000000000060e-01 2.537577000000000194e+00
8.826268999999999920e-01 0.000000000000000000e+00 1.977142000000000066e-01 2.533837000000000117e+00
8.828766000000000114e-01 0.000000000000000000e+00 1.969516999999999796e-01 2.530100000000000016e+00
8.831263000000000307e-01 0.000000000000000000e+00 1.961920000000000053e-01 2.526367000000000029e+00
8.833760000000000501e-01 0.000000000000000000e+00 1.954351000000000005e-01 2.522638000000000158e+00
8.836256999999999584e-01 0.000000000000000000e+00 1.946810000000000207e-01 2.518912999999999958e+00
8.838753999999999778e-01 0.000000000000000000e+00 1.939297000000000104e-01 2.515191999999999872e+00
8.841252000000000555e-01 0.000000000000000000e+00 1.931811999999999974e-01 2.511474000000000206e+00
8.843748999999999638e-01 0.000000000000000000e+00 1.924354999999999816e-01 2.507760000000000211e+00
8.846245999999999832e-01 0.000000000000000000e+00 1.916924999999999879e-01 2.504051000000000027e+00
8.848743000000000025e-01 0.000000000000000000e+00 1.909523000000000192e-01 2.500344999999999818e+00
8.851240000000000219e-01 0.000000000000000000e+00 1.902147999999999894e-01 2.496642000000000028e+00
8.853737000000000412e-01 0.000000000000000000e+00 1.894800999999999847e-01 2.492944000000000049e+00
8.856233999999999496e-01 0.000000000000000000e+00 1.887481000000000020e-01 2.489250000000000185e+00
8.858730999999999689e-01 0.000000000000000000e+00 1.880187999999999859e-01 2.485558999999999852e+00
8.861229000000000466e-01 0.000000000000000000e+00 1.872922000000000198e-01 2.481873000000000218e+00
8.863725999999999550e-01 0.000000000000000000e+00 1.865683999999999954e-01 2.478190000000000115e+00
8.866222999999999743e-01 0.000000000000000000e+00 1.858471999999999902e-01 2.474511999999999823e+00
8.868719999999999937e-01 0.000000000000000000e+00 1.851288000000000100e-01 2.470836999999999950e+00
8.871217000000000130e-01 0.000000000000000000e+00 1.844130000000000214e-01 2.467166999999999888e+00
8.873714000000000324e-01 0.000000000000000000e+00 1.836999000000000271e-01 2.463499999999999801e+00
8.876211000000000517e-01 0.000000000000000000e+00 1.829894999999999994e-01 2.459837999999999969e+00
8.878709000000000184e-01 0.000000000000000000e+00 1.822816999999999910e-01 2.456179000000000112e+00
8.881206000000000378e-01 0.000000000000000000e+00 1.815766999999999798e-01 2.452523999999999926e+00
8.883702999999999461e-01 0.000000000000000000e+00 1.808742000000000127e-01 2.448872999999999855e+00
8.886199999999999655e-01 0.000000000000000000e+00 1.801743999999999846e-01 2.445225000000000204e+00
8.888696999999999848e-01 0.000000000000000000e+00 1.794773000000000063e-01 2.441581999999999919e+00
8.891194000000000042e-01 0.000000000000000000e+00 1.787828000000000195e-01 2.437942000000000053e+00
8.893691000000000235e-01 0.000000000000000000e+00 1.780908999999999964e-01 2.434305000000000163e+00
8.896188000000000429e-01 0.000000000000000000e+00 1.774015999999999926e-01 2.430671999999999944e+00
8.898686000000000096e-01 0.000000000000000000e+00 1.767149000000000081e-01 2.427042999999999839e+00
8.901183000000000289e-01 0.000000000000000000e+00 1.760307999999999873e-01 2.423417000000000154e+00
8.903680000000000483e-01 0.000000000000000000e+00 1.753491999999999829e-01 2.419795000000000140e+00
8.906176999999999566e-01 0.000000000000000000e+00 1.746703000000000006e-01 2.416176000000000101e+00
8.908673999999999760e-01 0.000000000000000000e+00 1.739939000000000069e-01 2.412561999999999873e+00
8.911170999999999953e-01 0.000000000000000000e+00 1.733200000000000018e-01 2.408951000000000064e+00
8.913668000000000147e-01 0.000000000000000000e+00 1.726485999999999854e-01 2.405343999999999927e+00
8.916165999999999814e-01 0.000000000000000000e+00 1.719798000000000160e-01 2.401740999999999904e+00
8.918663000000000007e-01 0.000000000000000000e+00 1.713135000000000074e-01 2.398141999999999996e+00
8.921160000000000201e-01 0.000000000000000000e+00 1.706495999999999846e-01 2.394546000000000063e+00
8.923657000000000394e-01 0.000000000000000000e+00 1.699882000000000060e-01 2.390954999999999941e+00
8.926153999999999478e-01 0.000000000000000000e+00 1.693292999999999882e-01 2.387367999999999935e+00
8.928650999999999671e-01 0.000000000000000000e+00 1.686728999999999867e-01 2.383783999999999903e+00
8.931147999999999865e-01 0.000000000000000000e+00 1.680190000000000017e-01 2.380205000000000126e+00
8.933645000000000058e-01 0.000000000000000000e+00 1.673675000000000024e-01 2.376630000000000020e+00
8.936142999999999725e-01 0.000000000000000000e+00 1.667183999999999888e-01 2.373057999999999890e+00
8.938639999999999919e-01 0.000000000000000000e+00 1.660718999999999945e-01 2.369491000000000014e+00
8.941137000000000112e-01 0.000000000000000000e+00 1.654276999999999831e-01 2.365927000000000113e+00
8.943634000000000306e-01 0.000000000000000000e+00 1.647859999999999880e-01 2.362366999999999884e+00
8.946131000000000499e-01 0.000000000000000000e+00 1.641468000000000094e-01 2.358811999999999909e+00
8.948627999999999583e-01 0.000000000000000000e+00 1.635099999999999887e-01 2.355259999999999909e+00
8.951124999999999776e-01 0.000000000000000000e+00 1.628755999999999815e-01 2.351712000000000025e+00
8.953623000000000554e-01 0.000000000000000000e+00 1.622435999999999878e-01 2.348167999999999811e+00
8.956119999999999637e-01 0.000000000000000000e+00 1.616140000000000077e-01 2.344627000000000017e+00
8.958616999999999830e-01 0.000000000000000000e+00 1.609867999999999855e-01 2.341091000000000033e+00
8.961114000000000024e-01 0.000000000000000000e+00 1.603619000000000017e-01 2.337558000000000025e+00
8.963611000000000217e-01 0.000000000000000000e+00 1.597394999999999787e-01 2.334029000000000131e+00
8.966108000000000411e-01 0.000000000000000000e+00 1.591193000000000191e-01 2.330503999999999909e+00
8.968604999999999494e-01 0.000000000000000000e+00 1.585015999999999925e-01 2.326982999999999802e+00
8.971103000000000272e-01 0.000000000000000000e+00 1.578861000000000014e-01 2.323465000000000114e+00
8.973600000000000465e-01 0.000000000000000000e+00 1.572729999999999961e-01 2.319951000000000096e+00
8.976096999999999548e-01 0.000000000000000000e+00 1.566620999999999986e-01 2.316441000000000194e+00
8.978593999999999742e-01 0.000000000000000000e+00 1.560535999999999868e-01 2.312934999999999963e+00
8.981090999999999935e-01 0.000000000000000000e+00 1.554473999999999856e-01 2.309432000000000151e+00
8.983588000000000129e-01 0.000000000000000000e+00 1.548434999999999950e-01 2.305934000000000150e+00
8.986085000000000322e-01 0.000000000000000000e+00 1.542418000000000122e-01 2.302439000000000124e+00
8.988582000000000516e-01 0.000000000000000000e+00 1.536424000000000123e-01 2.298948000000000214e+00
8.991080000000000183e-01 0.000000000000000000e+00 1.530453999999999981e-01 2.295460999999999974e+00
8.993577000000000377e-01 0.000000000000000000e+00 1.524505000000000166e-01 2.291977000000000153e+00
8.996073999999999460e-01 0.000000000000000000e+00 1.518579999999999930e-01 2.288498000000000143e+00
8.998570999999999653e-01 0.000000000000000000e+00 1.512676999999999772e-01 2.285022999999999804e+00
9.001067999999999847e-01 0.000000000000000000e+00 1.506795999999999969e-01 2.281552000000000024e+00
9.003565000000000040e-01 0.000000000000000000e+00 1.500937999999999994e-01 2.278084999999999916e+00
9.006062000000000234e-01 0.000000000000000000e+00 1.495102000000000098e-01 2.274621999999999922e+00
9.008559999999999901e-01 0.000000000000000000e+00 1.489289000000000029e-01 2.271161999999999903e+00
9.011057000000000095e-01 0.000000000000000000e+00 1.483497999999999761e-01 2.267707000000000139e+00
9.013554000000000288e-01 0.000000000000000000e+00 1.477728999999999848e-01 2.264254999999999907e+00
9.016051000000000482e-01 0.000000000000000000e+00 1.471982000000000013e-01 2.260807999999999929e+00
9.018547999999999565e-01 0.000000000000000000e+00 1.466255999999999948e-01 2.257363999999999926e+00
9.021044999999999758e-01 0.000000000000000000e+00 1.460552999999999990e-01 2.253924000000000039e+00
9.023541999999999952e-01 0.000000000000000000e+00 1.454872000000000110e-01 2.250487999999999822e+00
9.026039000000000145e-01 0.000000000000000000e+00 1.449212000000000000e-01 2.247055000000000025e+00
9.028536999999999813e-01 0.000000000000000000e+00 1.443574000000000246e-01 2.243625999999999898e+00
9.031034000000000006e-01 0.000000000000000000e+00 1.437956999999999985e-01 2.240200999999999887e+00
9.033531000000000200e-01 0.000000000000000000e+00 1.432362000000000080e-01 2.236779999999999990e+00
9.036028000000000393e-01 0.000000000000000000e+00 1.426787999999999945e-01 2.233362000000000069e+00
9.038524999999999476e-01 0.000000000000000000e+00 1.421236000000000166e-01 2.229948999999999959e+00
9.041021999999999670e-01 0.000000000000000000e+00 1.415705000000000158e-01 2.226538000000000128e+00
9.043518999999999863e-01 0.000000000000000000e+00 1.410194999999999921e-01 2.223132000000000108e+00
9.046016999999999531e-01 0.000000000000000000e+00 1.404706000000000010e-01 2.219729000000000063e+00
9.048513999999999724e-01 0.000000000000000000e+00 1.399237999999999871e-01 2.216330000000000133e+00
9.051010999999999918e-01 0.000000000000000000e+00 1.393790000000000029e-01 2.212934999999999874e+00
9.053508000000000111e-01 0.000000000000000000e+00 1.388363999999999987e-01 2.209543000000000035e+00
9.056005000000000305e-01 0.000000000000000000e+00 1.382958000000000243e-01 2.206156000000000006e+00
9.058502000000000498e-01 0.000000000000000000e+00 1.377572999999999992e-01 2.202770999999999813e+00
9.060998999999999581e-01 0.000000000000000000e+00 1.372208000000000039e-01 2.199390999999999874e+00
9.063495999999999775e-01 0.000000000000000000e+00 1.366863999999999857e-01 2.196015000000000050e+00
9.065994000000000552e-01 0.000000000000000000e+00 1.361541000000000001e-01 2.192642000000000202e+00
9.068490999999999636e-01 0.000000000000000000e+00 1.356237000000000137e-01 2.189273000000000025e+00
9.070987999999999829e-01 0.000000000000000000e+00 1.350954000000000044e-01 2.185907999999999962e+00
9.073485000000000023e-01 0.000000000000000000e+00 1.345691999999999999e-01 2.182547000000000015e+00
9.075982000000000216e-01 0.000000000000000000e+00 1.340449000000000224e-01 2.179190000000000182e+00
9.078479000000000410e-01 0.000000000000000000e+00 1.335226999999999942e-01 2.175835999999999881e+00
9.080975999999999493e-01 0.000000000000000000e+00 1.330023999999999929e-01 2.172486999999999835e+00
9.083474000000000270e-01 0.000000000000000000e+00 1.324841999999999964e-01 2.169141999999999904e+00
9.085971000000000464e-01 0.000000000000000000e+00 1.319678999999999991e-01 2.165799999999999947e+00
9.088467999999999547e-01 0.000000000000000000e+00 1.314536000000000038e-01 2.162462999999999802e+00
9.090964999999999741e-01 0.000000000000000000e+00 1.309413000000000105e-01 2.159129000000000076e+00
9.093461999999999934e-01 0.000000000000000000e+00 1.304310000000000191e-01 2.155799000000000021e+00
9.095959000000000128e-01 0.000000000000000000e+00 1.299225999999999992e-01 2.152473000000000081e+00
9.098456000000000321e-01 0.000000000000000000e+00 1.294162000000000090e-01 2.149150999999999812e+00
9.100953000000000515e-01 0.000000000000000000e+00 1.289117999999999931e-01 2.145831999999999962e+00
9.103451000000000182e-01 0.000000000000000000e+00 1.284092000000000011e-01 2.142517999999999923e+00
9.105948000000000375e-01 0.000000000000000000e+00 1.279086000000000112e-01 2.139206999999999859e+00
9.108444999999999458e-01 0.000000000000000000e+00 1.274099999999999955e-01 2.135899999999999910e+00
9.110941999999999652e-01 0.000000000000000000e+00 1.269132000000000038e-01 2.132595999999999936e+00
9.113438999999999846e-01 0.000000000000000000e+00 1.264184000000000141e-01 2.129296000000000078e+00
9.115936000000000039e-01 0.000000000000000000e+00 1.259254999999999958e-01 2.125999999999999890e+00
9.118433000000000233e-01 0.000000000000000000e+00 1.254345000000000043e-01 2.122707999999999817e+00
9.120930999999999900e-01 0.000000000000000000e+00 1.249453000000000091e-01 2.119419999999999860e+00
9.123428000000000093e-01 0.000000000000000000e+00 1.244581000000000021e-01 2.116134999999999877e+00
9.125925000000000287e-01 0.000000000000000000e+00 1.239728000000000080e-01 2.112854000000000010e+00
9.128422000000000480e-01 0.000000000000000000e+00 1.234892999999999963e-01 2.109576999999999813e+00
9.130918999999999563e-01 0.000000000000000000e+00 1.230076999999999976e-01 2.106303000000000036e+00
9.133415999999999757e-01 0.000000000000000000e+00 1.225280000000000119e-01 2.103034000000000070e+00
9.135912999999999951e-01 0.000000000000000000e+00 1.220500999999999947e-01 2.099768000000000079e+00
9.138410999999999618e-01 0.000000000000000000e+00 1.215741000000000044e-01 2.096506000000000203e+00
9.140907999999999811e-01 0.000000000000000000e+00 1.210999999999999993e-01 2.093246999999999858e+00
9.143405000000000005e-01 0.000000000000000000e+00 1.206276000000000015e-01 2.089993000000000212e+00
9.145902000000000198e-01 0.000000000000000000e+00 1.201571000000000028e-01 2.086742000000000097e+00
9.148399000000000392e-01 0.000000000000000000e+00 1.196885000000000032e-01 2.083495000000000097e+00
9.150895999999999475e-01 0.000000000000000000e+00 1.192215999999999970e-01 2.080252000000000212e+00
9.153392999999999669e-01 0.000000000000000000e+00 1.187565000000000009e-01 2.077011999999999858e+00
9.155889999999999862e-01 0.000000000000000000e+00 1.182933000000000040e-01 2.073776000000000064e+00
9.158387999999999529e-01 0.000000000000000000e+00 1.178318000000000004e-01 2.070543999999999940e+00
9.160884999999999723e-01 0.000000000000000000e+00 1.173721000000000070e-01 2.067315999999999931e+00
9.163381999999999916e-01 0.000000000000000000e+00 1.169141999999999959e-01 2.064090999999999898e+00
9.165879000000000110e-01 0.000000000000000000e+00 1.164579999999999921e-01 2.060869999999999980e+00
9.168376000000000303e-01 0.000000000000000000e+00 1.160036000000000123e-01 2.057653000000000176e+00
9.170873000000000497e-01 0.000000000000000000e+00 1.155508999999999981e-01 2.054440000000000044e+00
9.173369999999999580e-01 0.000000000000000000e+00 1.150999999999999940e-01 2.051229999999999887e+00
9.175868000000000357e-01 0.000000000000000000e+00 1.146507999999999972e-01 2.048023999999999845e+00
9.178365000000000551e-01 0.000000000000000000e+00 1.142033999999999966e-01 2.044821999999999917e+00
9.180861999999999634e-01 0.000000000000000000e+00 1.137578000000000061e-01 2.041624000000000105e+00
9.183358999999999828e-01 0.000000000000000000e+00 1.133139000000000091e-01 2.038428999999999824e+00
9.185856000000000021e-01 0.000000000000000000e+00 1.128717000000000054e-01 2.035238999999999798e+00
9.188353000000000215e-01 0.000000000000000000e+00 1.124312999999999979e-01 2.032052000000000191e+00
9.190850000000000408e-01 0.000000000000000000e+00 1.119925000000000087e-01 2.028868999999999811e+00
9.193346999999999491e-01 0.000000000000000000e+00 1.115556000000000048e-01 2.025689999999999991e+00
9.195845000000000269e-01 0.000000000000000000e+00 1.111203000000000052e-01 2.022514999999999841e+00
9.198342000000000462e-01 0.000000000000000000e+00 1.106868000000000019e-01 2.019343999999999806e+00
9.200838999999999546e-01 0.000000000000000000e+00 1.102549999999999919e-01 2.016176000000000190e+00
9.203335999999999739e-01 0.000000000000000000e+00 1.098248000000000002e-01 2.013012999999999941e+00
9.205832999999999933e-01 0.000000000000000000e+00 1.093964000000000047e-01 2.009853000000000112e+00
9.208330000000000126e-01 0.000000000000000000e+00 1.089697000000000027e-01 2.006696999999999953e+00
9.210827000000000320e-01 0.000000000000000000e+00 1.085446000000000050e-01 2.003544999999999909e+00
9.213324999999999987e-01 0.000000000000000000e+00 1.081212000000000006e-01 2.000396999999999981e+00
9.215822000000000180e-01 0.000000000000000000e+00 1.076995000000000036e-01 1.997252999999999945e+00
9.218319000000000374e-01 0.000000000000000000e+00 1.072793999999999970e-01 1.994112000000000107e+00
9.220815999999999457e-01 0.000000000000000000e+00 1.068609999999999977e-01 1.990976000000000079e+00
9.223312999999999651e-01 0.000000000000000000e+00 1.064441999999999888e-01 1.987843000000000027e+00
9.225809999999999844e-01 0.000000000000000000e+00 1.060291000000000011e-01 1.984714000000000089e+00
9.228307000000000038e-01 0.000000000000000000e+00 1.056156000000000039e-01 1.981587999999999905e+00
9.230804000000000231e-01 0.000000000000000000e+00 1.052036999999999972e-01 1.978466999999999976e+00
9.233301999999999898e-01 0.000000000000000000e+00 1.047934999999999978e-01 1.975349000000000022e+00
9.235799000000000092e-01 0.000000000000000000e+00 1.043849000000000027e-01 1.972234999999999960e+00
9.238296000000000285e-01 0.000000000000000000e+00 1.039779000000000120e-01 1.969125000000000014e+00
9.240793000000000479e-01 0.000000000000000000e+00 1.035725000000000118e-01 1.966018999999999961e+00
9.243289999999999562e-01 0.000000000000000000e+00 1.031687000000000021e-01 1.962917000000000023e+00
9.245786999999999756e-01 0.000000000000000000e+00 1.027664999999999967e-01 1.959818000000000060e+00
9.248283999999999949e-01 0.000000000000000000e+00 1.023659999999999987e-01 1.956722999999999990e+00
9.250781999999999616e-01 0.000000000000000000e+00 1.019670000000000021e-01 1.953632000000000035e+00
9.253278999999999810e-01 0.000000000000000000e+00 1.015695999999999960e-01 1.950544999999999973e+00
9.255776000000000003e-01 0.000000000000000000e+00 1.011736999999999914e-01 1.947462000000000026e+00
9.258273000000000197e-01 0.000000000000000000e+00 1.007794999999999941e-01 1.944382000000000055e+00
9.260770000000000390e-01 0.000000000000000000e+00 1.003867999999999983e-01 1.941305999999999976e+00
9.263266999999999474e-01 0.000000000000000000e+00 9.999571000000000154e-02 1.938234000000000012e+00
9.265763999999999667e-01 0.000000000000000000e+00 9.960615000000000441e-02 1.935165999999999942e+00
9.268260999999999861e-01 0.000000000000000000e+00 9.921814000000001021e-02 1.932101999999999986e+00
9.270758999999999528e-01 0.000000000000000000e+00 9.883168000000000508e-02 1.929041999999999923e+00
9.273255999999999721e-01 0.000000000000000000e+00 9.844675999999999427e-02 1.925985999999999976e+00
9.275752999999999915e-01 0.000000000000000000e+00 9.806336000000000219e-02 1.922933000000000003e+00
9.278250000000000108e-01 0.000000000000000000e+00 9.768150000000000444e-02 1.919885000000000064e+00
9.280747000000000302e-01 0.000000000000000000e+00 9.730115999999999765e-02 1.916840000000000099e+00
9.283244000000000495e-01 0.000000000000000000e+00 9.692234000000000960e-02 1.913799000000000028e+00
9.285740999999999579e-01 0.000000000000000000e+00 9.654503000000000390e-02 1.910762000000000072e+00
9.288239000000000356e-01 0.000000000000000000e+00 9.616921999999999970e-02 1.907729999999999926e+00
9.290736000000000550e-01 0.000000000000000000e+00 9.579492000000000562e-02 1.904700999999999977e+00
9.293232999999999633e-01 0.000000000000000000e+00 9.542212000000001304e-02 1.901675000000000004e+00
9.295729999999999826e-01 0.000000000000000000e+00 9.505082000000000808e-02 1.898654000000000064e+00
9.298227000000000020e-01 0.000000000000000000e+00 9.468100999999999601e-02 1.895637000000000016e+00
9.300724000000000213e-01 0.000000000000000000e+00 9.431267999999999596e-02 1.892622999999999944e+00
9.303221000000000407e-01 0.000000000000000000e+00 9.394584000000000268e-02 1.889613999999999905e+00
9.305719000000000074e-01 0.000000000000000000e+00 9.358046999999999893e-02 1.886608000000000063e+00
9.308216000000000268e-01 0.000000000000000000e+00 9.321656999999999860e-02 1.883605999999999892e+00
9.310713000000000461e-01 0.000000000000000000e+00 9.285415000000001029e-02 1.880608000000000057e+00
9.313209999999999544e-01 0.000000000000000000e+00 9.249317999999999429e-02 1.877612999999999976e+00
9.315706999999999738e-01 0.000000000000000000e+00 9.213367000000000084e-02 1.874622999999999928e+00
9.318203999999999931e-01 0.000000000000000000e+00 9.177560999999999358e-02 1.871636000000000077e+00
9.320701000000000125e-01 0.000000000000000000e+00 9.141898999999999165e-02 1.868652999999999897e+00
9.323198000000000318e-01 0.000000000000000000e+00 9.106380000000000030e-02 1.865674999999999972e+00
9.325695999999999986e-01 0.000000000000000000e+00 9.071005000000000040e-02 1.862700000000000022e+00
9.328193000000000179e-01 0.000000000000000000e+00 9.035770999999999387e-02 1.859728999999999965e+00
9.330690000000000373e-01 0.000000000000000000e+00 9.000678999999998930e-02 1.856761000000000106e+00
9.333186999999999456e-01 0.000000000000000000e+00 8.965728000000000586e-02 1.853798000000000057e+00
9.335683999999999649e-01 0.000000000000000000e+00 8.930916999999999328e-02 1.850838999999999901e+00
9.338180999999999843e-01 0.000000000000000000e+00 8.896244999999999847e-02 1.847884000000000082e+00
9.340678000000000036e-01 0.000000000000000000e+00 8.861713000000000229e-02 1.844932000000000016e+00
9.343175999999999704e-01 0.000000000000000000e+00 8.827319000000000138e-02 1.841984999999999983e+00
9.345672999999999897e-01 0.000000000000000000e+00 8.793062999999999574e-02 1.839042000000000066e+00
9.348170000000000091e-01 0.000000000000000000e+00 8.758944999999999925e-02 1.836101999999999901e+00
9.350667000000000284e-01 0.000000000000000000e+00 8.724966000000000665e-02 1.833166000000000073e+00
9.353164000000000478e-01 0.000000000000000000e+00 8.691123000000000598e-02 1.830235000000000056e+00
9.355660999999999561e-01 0.000000000000000000e+00 8.657418000000000058e-02 1.827307000000000015e+00
9.358157999999999754e-01 0.000000000000000000e+00 8.623849999999999572e-02 1.824383000000000088e+00
9.360654999999999948e-01 0.000000000000000000e+00 8.590417999999999665e-02 1.821461999999999914e+00
9.363152999999999615e-01 0.000000000000000000e+00 8.557122999999999813e-02 1.818545999999999996e+00
9.365649999999999809e-01 0.000000000000000000e+00 8.523963000000001067e-02 1.815633000000000052e+00
9.368147000000000002e-01 0.000000000000000000e+00 8.490939000000000125e-02 1.812724999999999920e+00
9.370644000000000196e-01 0.000000000000000000e+00 8.458050999999999764e-02 1.809819999999999984e+00
9.373141000000000389e-01 0.000000000000000000e+00 8.425297999999999121e-02 1.806918000000000024e+00
9.375637999999999472e-01 0.000000000000000000e+00 8.392677999999999250e-02 1.804021000000000097e+00
9.378134999999999666e-01 0.000000000000000000e+00 8.360192999999999097e-02 1.801126999999999923e+00
9.380633000000000443e-01 0.000000000000000000e+00 8.327841999999999190e-02 1.798238000000000003e+00
9.383129999999999526e-01 0.000000000000000000e+00 8.295623000000000580e-02 1.795352000000000059e+00
9.385626999999999720e-01 0.000000000000000000e+00 8.263536000000000492e-02 1.792470000000000008e+00
9.388123999999999914e-01 0.000000000000000000e+00 8.231581999999999788e-02 1.789590999999999932e+00
9.390621000000000107e-01 0.000000000000000000e+00 8.199759000000000908e-02 1.786717000000000111e+00
9.393118000000000301e-01 0.000000000000000000e+00 8.168067000000001077e-02 1.783846999999999960e+00
9.395615000000000494e-01 0.000000000000000000e+00 8.136504999999999432e-02 1.780980000000000008e+00
9.398111999999999577e-01 0.000000000000000000e+00 8.105073000000000139e-02 1.778118000000000087e+00
9.400610000000000355e-01 0.000000000000000000e+00 8.073771000000000420e-02 1.775258999999999920e+00
9.403107000000000548e-01 0.000000000000000000e+00 8.042597999999999414e-02 1.772405000000000008e+00
9.405603999999999631e-01 0.000000000000000000e+00 8.011552000000000950e-02 1.769554000000000071e+00
9.408100999999999825e-01 0.000000000000000000e+00 7.980634999999999812e-02 1.766707999999999945e+00
9.410598000000000019e-01 0.000000000000000000e+00 7.949844000000000355e-02 1.763865000000000016e+00
9.413095000000000212e-01 0.000000000000000000e+00 7.919178999999999802e-02 1.761025999999999980e+00
9.415592000000000406e-01 0.000000000000000000e+00 7.888639999999999541e-02 1.758191000000000059e+00
9.418090000000000073e-01 0.000000000000000000e+00 7.858225000000000626e-02 1.755360000000000031e+00
9.420587000000000266e-01 0.000000000000000000e+00 7.827934999999999754e-02 1.752532999999999896e+00
9.423084000000000460e-01 0.000000000000000000e+00 7.797768000000000754e-02 1.749708999999999959e+00
9.425580999999999543e-01 0.000000000000000000e+00 7.767723999999999462e-02 1.746890000000000054e+00
9.428077999999999737e-01 0.000000000000000000e+00 7.737803000000000042e-02 1.744073999999999902e+00
9.430574999999999930e-01 0.000000000000000000e+00 7.708002999999999383e-02 1.741262000000000087e+00
9.433072000000000124e-01 0.000000000000000000e+00 7.678323000000000786e-02 1.738453999999999944e+00
9.435569000000000317e-01 0.000000000000000000e+00 7.648765000000000425e-02 1.735649999999999915e+00
9.438066999999999984e-01 0.000000000000000000e+00 7.619326999999999350e-02 1.732850000000000001e+00
9.440564000000000178e-01 0.000000000000000000e+00 7.590009000000000339e-02 1.730053000000000063e+00
9.443061000000000371e-01 0.000000000000000000e+00 7.560810999999999227e-02 1.727260000000000018e+00
9.445557999999999454e-01 0.000000000000000000e+00 7.531733999999999651e-02 1.724471000000000087e+00
9.448054999999999648e-01 0.000000000000000000e+00 7.502775999999999890e-02 1.721686000000000050e+00
9.450551999999999842e-01 0.000000000000000000e+00 7.473936999999999942e-02 1.718904999999999905e+00
9.453049000000000035e-01 0.000000000000000000e+00 7.445219000000000142e-02 1.716126999999999958e+00
9.455546999999999702e-01 0.000000000000000000e+00 7.416619000000000683e-02 1.713352999999999904e+00
9.458043999999999896e-01 0.000000000000000000e+00 7.388138999999999124e-02 1.710582999999999965e+00
9.460541000000000089e-01 0.000000000000000000e+00 7.359776999999999292e-02 1.707816999999999918e+00
9.463038000000000283e-01 0.000000000000000000e+00 7.331534000000000662e-02 1.705054999999999987e+00
9.465535000000000476e-01 0.000000000000000000e+00 7.303409999999999069e-02 1.702296999999999949e+00
9.468031999999999559e-01 0.000000000000000000e+00 7.275402999999999731e-02 1.699542000000000108e+00
9.470528999999999753e-01 0.000000000000000000e+00 7.247513999999999346e-02 1.696790999999999938e+00
9.473027000000000530e-01 0.000000000000000000e+00 7.219741000000000353e-02 1.694044000000000105e+00
9.475523999999999614e-01 0.000000000000000000e+00 7.192083999999999977e-02 1.691300999999999943e+00
9.478020999999999807e-01 0.000000000000000000e+00 7.164542000000000133e-02 1.688561999999999896e+00
9.480518000000000001e-01 0.000000000000000000e+00 7.137113999999999958e-02 1.685826999999999964e+00
9.483015000000000194e-01 0.000000000000000000e+00 7.109799999999999454e-02 1.683095000000000008e+00
9.485512000000000388e-01 0.000000000000000000e+00 7.082597999999999672e-02 1.680366999999999944e+00
9.488008999999999471e-01 0.000000000000000000e+00 7.055509000000000086e-02 1.677642999999999995e+00
9.490505999999999664e-01 0.000000000000000000e+00 7.028531999999999835e-02 1.674922000000000022e+00
9.493004000000000442e-01 0.000000000000000000e+00 7.001666000000000833e-02 1.672206000000000081e+00
9.495500999999999525e-01 0.000000000000000000e+00 6.974908999999999970e-02 1.669492999999999894e+00
9.497997999999999719e-01 0.000000000000000000e+00 6.948263000000000356e-02 1.666784000000000043e+00
9.500494999999999912e-01 0.000000000000000000e+00 6.921726000000000267e-02 1.664077999999999946e+00
9.502992000000000106e-01 0.000000000000000000e+00 6.895297999999999705e-02 1.661377000000000104e+00
9.505489000000000299e-01 0.000000000000000000e+00 6.868979000000000057e-02 1.658679000000000014e+00
9.507986000000000493e-01 0.000000000000000000e+00 6.842768999999999935e-02 1.655985000000000040e+00
9.510484000000000160e-01 0.000000000000000000e+00 6.816669000000000200e-02 1.653294999999999959e+00
9.512981000000000353e-01 0.000000000000000000e+00 6.790676999999999131e-02 1.650608999999999993e+00
9.515478000000000547e-01 0.000000000000000000e+00 6.764793000000000889e-02 1.647926999999999920e+00
9.517974999999999630e-01 0.000000000000000000e+00 6.739017999999999398e-02 1.645248999999999961e+00
9.520471999999999824e-01 0.000000000000000000e+00 6.713352000000000208e-02 1.642573999999999979e+00
9.522969000000000017e-01 0.000000000000000000e+00 6.687793000000000210e-02 1.639904000000000028e+00
9.525466000000000211e-01 0.000000000000000000e+00 6.662342999999999738e-02 1.637237000000000053e+00
9.527963000000000404e-01 0.000000000000000000e+00 6.636999999999999844e-02 1.634574999999999889e+00
9.530461000000000071e-01 0.000000000000000000e+00 6.611765000000000003e-02 1.631917000000000062e+00
9.532958000000000265e-01 0.000000000000000000e+00 6.586638000000000215e-02 1.629261999999999988e+00
9.535455000000000458e-01 0.000000000000000000e+00 6.561619000000000479e-02 1.626611999999999947e+00
9.537951999999999542e-01 0.000000000000000000e+00 6.536708000000000796e-02 1.623966000000000021e+00
9.540448999999999735e-01 0.000000000000000000e+00 6.511904000000000303e-02 1.621323999999999987e+00
9.542945999999999929e-01 0.000000000000000000e+00 6.487207999999999863e-02 1.618686000000000069e+00
9.545443000000000122e-01 0.000000000000000000e+00 6.462621000000000338e-02 1.616052000000000044e+00
9.547940999999999789e-01 0.000000000000000000e+00 6.438141000000000003e-02 1.613423000000000052e+00
9.550437999999999983e-01 0.000000000000000000e+00 6.413768000000000247e-02 1.610797999999999952e+00
9.552935000000000176e-01 0.000000000000000000e+00 6.389504000000000017e-02 1.608176999999999968e+00
9.555432000000000370e-01 0.000000000000000000e+00 6.365347999999999840e-02 1.605560000000000098e+00
9.557928999999999453e-01 0.000000000000000000e+00 6.341299000000000241e-02 1.602948000000000039e+00
9.560425999999999647e-01 0.000000000000000000e+00 6.317359000000000169e-02 1.600340000000000096e+00
9.562922999999999840e-01 0.000000000000000000e+00 6.293525999999999287e-02 1.597736999999999963e+00
9.565420000000000034e-01 0.000000000000000000e+00 6.269800999999999847e-02 1.595137999999999945e+00
9.567917999999999701e-01 0.000000000000000000e+00 6.246182999999999597e-02 1.592543999999999960e+00
9.570414999999999894e-01 0.000000000000000000e+00 6.222673000000000093e-02 1.589954000000000089e+00
9.572912000000000088e-01 0.000000000000000000e+00 6.199269000000000307e-02 1.587367999999999890e+00
9.575409000000000281e-01 0.000000000000000000e+00 6.175970999999999544e-02 1.584786999999999946e+00
9.577906000000000475e-01 0.000000000000000000e+00 6.152779000000000581e-02 1.582211000000000034e+00
9.580402999999999558e-01 0.000000000000000000e+00 6.129691999999999780e-02 1.579639999999999933e+00
9.582899999999999752e-01 0.000000000000000000e+00 6.106711000000000084e-02 1.577072999999999947e+00
9.585398000000000529e-01 0.000000000000000000e+00 6.083834000000000464e-02 1.574510000000000076e+00
9.587894999999999612e-01 0.000000000000000000e+00 6.061061000000000226e-02 1.571952999999999934e+00
9.590391999999999806e-01 0.000000000000000000e+00 6.038393000000000232e-02 1.569399999999999906e+00
9.592888999999999999e-01 0.000000000000000000e+00 6.015827999999999454e-02 1.566851999999999911e+00
9.595386000000000193e-01 0.000000000000000000e+00 5.993366000000000665e-02 1.564308999999999950e+00
9.597883000000000386e-01 0.000000000000000000e+00 5.971007000000000398e-02 1.561770000000000103e+00
9.600379999999999470e-01 0.000000000000000000e+00 5.948751000000000039e-02 1.559236999999999984e+00
9.602876999999999663e-01 0.000000000000000000e+00 5.926597000000000115e-02 1.556707999999999981e+00
9.605375000000000441e-01 0.000000000000000000e+00 5.904546000000000100e-02 1.554184000000000010e+00
9.607871999999999524e-01 0.000000000000000000e+00 5.882596999999999826e-02 1.551665000000000072e+00
9.610368999999999717e-01 0.000000000000000000e+00 5.860748999999999820e-02 1.549150999999999945e+00
9.612865999999999911e-01 0.000000000000000000e+00 5.839003999999999722e-02 1.546642000000000072e+00
9.615363000000000104e-01 0.000000000000000000e+00 5.817360999999999366e-02 1.544138000000000011e+00
9.617860000000000298e-01 0.000000000000000000e+00 5.795818999999999971e-02 1.541638999999999982e+00
9.620357000000000491e-01 0.000000000000000000e+00 5.774378999999999623e-02 1.539144999999999985e+00
9.622855000000000159e-01 0.000000000000000000e+00 5.753040000000000237e-02 1.536656999999999940e+00
9.625352000000000352e-01 0.000000000000000000e+00 5.731801999999999730e-02 1.534173000000000009e+00
9.627849000000000546e-01 0.000000000000000000e+00 5.710665000000000185e-02 1.531694000000000111e+00
9.630345999999999629e-01 0.000000000000000000e+00 5.689628000000000047e-02 1.529220000000000024e+00
9.632842999999999822e-01 0.000000000000000000e+00 5.668692999999999649e-02 1.526752000000000109e+00
9.635340000000000016e-01 0.000000000000000000e+00 5.647858000000000045e-02 1.524288000000000087e+00
9.637837000000000209e-01 0.000000000000000000e+00 5.627123000000000541e-02 1.521830000000000016e+00
9.640334999999999877e-01 0.000000000000000000e+00 5.606486999999999582e-02 1.519376999999999978e+00
9.642832000000000070e-01 0.000000000000000000e+00 5.585951000000000111e-02 1.516928999999999972e+00
9.645329000000000264e-01 0.000000000000000000e+00 5.565514000000000572e-02 1.514486999999999917e+00
9.647826000000000457e-01 0.000000000000000000e+00 5.545176000000000271e-02 1.512048999999999976e+00
9.650322999999999540e-01 0.000000000000000000e+00 5.524936999999999904e-02 1.509616999999999987e+00
9.652819999999999734e-01 0.000000000000000000e+00 5.504794999999999827e-02 1.507188999999999890e+00
9.655316999999999927e-01 0.000000000000000000e+00 5.484751000000000209e-02 1.504766999999999966e+00
9.657814000000000121e-01 0.000000000000000000e+00 5.464804999999999663e-02 1.502350999999999992e+00
9.660311999999999788e-01 0.000000000000000000e+00 5.444957000000000269e-02 1.499938999999999911e+00
9.662808999999999982e-01 0.000000000000000000e+00 5.425204999999999611e-02 1.497533000000000003e+00
9.665306000000000175e-01 0.000000000000000000e+00 5.405549999999999938e-02 1.495131999999999906e+00
9.667803000000000369e-01 0.000000000000000000e+00 5.385990999999999695e-02 1.492736000000000063e+00
9.670299999999999452e-01 0.000000000000000000e+00 5.366528000000000270e-02 1.490345000000000031e+00
9.672796999999999645e-01 0.000000000000000000e+00 5.347160000000000107e-02 1.487959999999999949e+00
9.675293999999999839e-01 0.000000000000000000e+00 5.327888000000000068e-02 1.485579999999999901e+00
9.677791999999999506e-01 0.000000000000000000e+00 5.308709999999999818e-02 1.483205000000000107e+00
9.680288999999999699e-01 0.000000000000000000e+00 5.289627000000000218e-02 1.480834999999999901e+00
9.682785999999999893e-01 0.000000000000000000e+00 5.270637000000000238e-02 1.478471000000000091e+00
9.685283000000000087e-01 0.000000000000000000e+00 5.251741000000000048e-02 1.476112000000000091e+00
9.687780000000000280e-01 0.000000000000000000e+00 5.232938999999999646e-02 1.473757999999999901e+00
9.690277000000000474e-01 0.000000000000000000e+00 5.214227999999999918e-02 1.471408999999999967e+00
9.692773999999999557e-01 0.000000000000000000e+00 5.195610999999999979e-02 1.469065999999999983e+00
9.695270999999999750e-01 0.000000000000000000e+00 5.177085000000000020e-02 1.466726999999999892e+00
9.697769000000000528e-01 0.000000000000000000e+00 5.158650000000000041e-02 1.464393999999999973e+00
9.700265999999999611e-01 0.000000000000000000e+00 5.140307000000000209e-02 1.462066000000000088e+00
9.702762999999999805e-01 0.000000000000000000e+00 5.122054000000000190e-02 1.459743999999999930e+00
9.705259999999999998e-01 0.000000000000000000e+00 5.103891999999999457e-02 1.457427000000000028e+00
9.707757000000000192e-01 0.000000000000000000e+00 5.085819999999999924e-02 1.455114999999999936e+00
9.710254000000000385e-01 0.000000000000000000e+00 5.067837000000000036e-02 1.452808000000000099e+00
9.712750999999999468e-01 0.000000000000000000e+00 5.049942999999999793e-02 1.450506000000000073e+00
9.715249000000000246e-01 0.000000000000000000e+00 5.032137999999999889e-02 1.448209999999999997e+00
9.717746000000000439e-01 0.000000000000000000e+00 5.014421999999999630e-02 1.445918999999999954e+00
9.720242999999999522e-01 0.000000000000000000e+00 4.996793000000000068e-02 1.443632999999999944e+00
9.722739999999999716e-01 0.000000000000000000e+00 4.979251999999999984e-02 1.441353000000000106e+00
9.725236999999999910e-01 0.000000000000000000e+00 4.961799000000000071e-02 1.439078000000000079e+00
9.727734000000000103e-01 0.000000000000000000e+00 4.944431999999999994e-02 1.436808000000000085e+00
9.730231000000000297e-01 0.000000000000000000e+00 4.927151999999999921e-02 1.434544000000000041e+00
9.732728000000000490e-01 0.000000000000000000e+00 4.909958000000000378e-02 1.432285000000000030e+00
9.735226000000000157e-01 0.000000000000000000e+00 4.892849999999999977e-02 1.430031000000000052e+00
9.737723000000000351e-01 0.000000000000000000e+00 4.875827000000000633e-02 1.427783000000000024e+00
9.740220000000000544e-01 0.000000000000000000e+00 4.858889000000000263e-02 1.425540000000000029e+00
9.742716999999999627e-01 0.000000000000000000e+00 4.842036000000000256e-02 1.423302999999999985e+00
9.745213999999999821e-01 0.000000000000000000e+00 4.825267000000000445e-02 1.421070999999999973e+00
9.747711000000000015e-01 0.000000000000000000e+00 4.808582000000000134e-02 1.418843999999999994e+00
9.750208000000000208e-01 0.000000000000000000e+00 4.791980000000000545e-02 1.416622999999999966e+00
9.752705999999999875e-01 0.000000000000000000e+00 4.775461000000000289e-02 1.414406999999999970e+00
9.755203000000000069e-01 0.000000000000000000e+00 4.759023999999999893e-02 1.412196000000000007e+00
9.757700000000000262e-01 0.000000000000000000e+00 4.742669999999999525e-02 1.409990999999999994e+00
9.760197000000000456e-01 0.000000000000000000e+00 4.726397999999999711e-02 1.407791000000000015e+00
9.762693999999999539e-01 0.000000000000000000e+00 4.710206000000000115e-02 1.405596999999999985e+00
9.765190999999999732e-01 0.000000000000000000e+00 4.694095999999999685e-02 1.403407999999999989e+00
9.767687999999999926e-01 0.000000000000000000e+00 4.678065999999999475e-02 1.401224000000000025e+00
9.770185999999999593e-01 0.000000000000000000e+00 4.662115000000000009e-02 1.399045000000000094e+00
9.772682999999999787e-01 0.000000000000000000e+00 4.646244999999999542e-02 1.396871999999999892e+00
9.775179999999999980e-01 0.000000000000000000e+00 4.630454000000000514e-02 1.394703999999999944e+00
9.777677000000000174e-01 0.000000000000000000e+00 4.614740999999999982e-02 1.392541000000000029e+00
9.780174000000000367e-01 0.000000000000000000e+00 4.599107000000000195e-02 1.390382999999999925e+00
9.782670999999999450e-01 0.000000000000000000e+00 4.583550000000000124e-02 1.388230999999999993e+00
9.785167999999999644e-01 0.000000000000000000e+00 4.568072000000000105e-02 1.386084000000000094e+00
9.787664999999999837e-01 0.000000000000000000e+00 4.552670999999999801e-02 1.383942000000000005e+00
9.790162999999999505e-01 0.000000000000000000e+00 4.537346999999999908e-02 1.381806000000000090e+00
9.792659999999999698e-01 0.000000000000000000e+00 4.522099999999999731e-02 1.379674000000000067e+00
9.795156999999999892e-01 0.000000000000000000e+00 4.506929999999999964e-02 1.377547999999999995e+00
9.797654000000000085e-01 0.000000000000000000e+00 4.491835999999999746e-02 1.375426999999999955e+00
9.800151000000000279e-01 0.000000000000000000e+00 4.476817999999999770e-02 1.373310999999999948e+00
9.802648000000000472e-01 0.000000000000000000e+00 4.461874999999999869e-02 1.371200999999999892e+00
9.805144999999999555e-01 0.000000000000000000e+00 4.447008999999999684e-02 1.369094999999999951e+00
9.807643000000000333e-01 0.000000000000000000e+00 4.432217000000000101e-02 1.366994999999999960e+00
9.810140000000000526e-01 0.000000000000000000e+00 4.417501000000000067e-02 1.364900000000000002e+00
9.812636999999999610e-01 0.000000000000000000e+00 4.402858999999999939e-02 1.362810000000000077e+00
9.815133999999999803e-01 0.000000000000000000e+00 4.388291000000000414e-02 1.360724999999999962e+00
9.817630999999999997e-01 0.000000000000000000e+00 4.373798000000000269e-02 1.358645000000000103e+00
9.820128000000000190e-01 0.000000000000000000e+00 4.359378000000000558e-02 1.356570000000000054e+00
9.822625000000000384e-01 0.000000000000000000e+00 4.345032000000000061e-02 1.354500999999999955e+00
9.825121999999999467e-01 0.000000000000000000e+00 4.330758999999999997e-02 1.352435999999999972e+00
9.827620000000000244e-01 0.000000000000000000e+00 4.316557999999999506e-02 1.350376999999999938e+00
9.830117000000000438e-01 0.000000000000000000e+00 4.302428999999999976e-02 1.348322000000000020e+00
9.832613999999999521e-01 0.000000000000000000e+00 4.288370999999999850e-02 1.346273000000000053e+00
9.835110999999999715e-01 0.000000000000000000e+00 4.274383999999999822e-02 1.344228999999999896e+00
9.837607999999999908e-01 0.000000000000000000e+00 4.260467999999999894e-02 1.342189000000000076e+00
9.840105000000000102e-01 0.000000000000000000e+00 4.246620999999999729e-02 1.340154999999999985e+00
9.842602000000000295e-01 0.000000000000000000e+00 4.232844000000000190e-02 1.338125999999999927e+00
9.845099999999999962e-01 0.000000000000000000e+00 4.219136000000000414e-02 1.336101999999999901e+00
9.847597000000000156e-01 0.000000000000000000e+00 4.205496000000000234e-02 1.334082999999999908e+00
9.850094000000000349e-01 0.000000000000000000e+00 4.191924000000000344e-02 1.332068999999999948e+00
9.852591000000000543e-01 0.000000000000000000e+00 4.178419000000000577e-02 1.330060000000000020e+00
9.855087999999999626e-01 0.000000000000000000e+00 4.164981999999999712e-02 1.328055999999999903e+00
9.857584999999999820e-01 0.000000000000000000e+00 4.151610000000000023e-02 1.326057000000000041e+00
9.860082000000000013e-01 0.000000000000000000e+00 4.138304999999999761e-02 1.324062000000000072e+00
9.862579000000000207e-01 0.000000000000000000e+00 4.125064999999999982e-02 1.322073000000000054e+00
9.865076999999999874e-01 0.000000000000000000e+00 4.111889999999999989e-02 1.320089000000000068e+00
9.867574000000000067e-01 0.000000000000000000e+00 4.098779999999999785e-02 1.318109999999999893e+00
9.870071000000000261e-01 0.000000000000000000e+00 4.085734999999999367e-02 1.316135999999999973e+00
9.872568000000000454e-01 0.000000000000000000e+00 4.072753999999999958e-02 1.314165999999999945e+00
9.875064999999999538e-01 0.000000000000000000e+00 4.059837999999999641e-02 1.312202000000000091e+00
9.877561999999999731e-01 0.000000000000000000e+00 4.046985000000000166e-02 1.310243000000000047e+00
9.880058999999999925e-01 0.000000000000000000e+00 4.034196000000000309e-02 1.308287999999999895e+00
9.882556999999999592e-01 0.000000000000000000e+00 4.021469999999999906e-02 1.306337999999999999e+00
9.885053999999999785e-01 0.000000000000000000e+00 4.008807000000000342e-02 1.304392999999999914e+00
9.887550999999999979e-01 0.000000000000000000e+00 3.996206999999999537e-02 1.302453000000000083e+00
9.890048000000000172e-01 0.000000000000000000e+00 3.983670000000000266e-02 1.300518000000000063e+00
9.892545000000000366e-01 0.000000000000000000e+00 3.971194000000000113e-02 1.298588000000000076e+00
9.895041999999999449e-01 0.000000000000000000e+00 3.958780999999999411e-02 1.296661999999999981e+00
9.897538999999999643e-01 0.000000000000000000e+00 3.946430000000000077e-02 1.294740999999999920e+00
9.900035999999999836e-01 0.000000000000000000e+00 3.934139999999999859e-02 1.292824999999999891e+00
9.902533999999999503e-01 0.000000000000000000e+00 3.921911000000000147e-02 1.290913999999999895e+00
9.905030999999999697e-01 0.000000000000000000e+00 3.909743000000000246e-02 1.289007000000000014e+00
9.907527999999999890e-01 0.000000000000000000e+00 3.897636000000000156e-02 1.287106000000000083e+00
9.910025000000000084e-01 0.000000000000000000e+00 3.885588000000000236e-02 1.285209000000000046e+00
9.912522000000000277e-01 0.000000000000000000e+00 3.873601000000000127e-02 1.283315999999999901e+00
9.915019000000000471e-01 0.000000000000000000e+00 3.861672999999999495e-02 1.281428999999999929e+00
9.917515999999999554e-01 0.000000000000000000e+00 3.849804999999999894e-02 1.279546000000000072e+00
9.920014000000000332e-01 0.000000000000000000e+00 3.837995000000000295e-02 1.277668000000000026e+00
9.922511000000000525e-01 0.000000000000000000e+00 3.826243999999999479e-02 1.275794000000000095e+00
9.925007999999999608e-01 0.000000000000000000e+00 3.814549999999999885e-02 1.273924999999999974e+00
9.927504999999999802e-01 0.000000000000000000e+00 3.802915000000000462e-02 1.272061000000000108e+00
9.930001999999999995e-01 0.000000000000000000e+00 3.791337000000000179e-02 1.270200999999999913e+00
9.932499000000000189e-01 0.000000000000000000e+00 3.779816000000000425e-02 1.268345999999999973e+00
9.934996000000000382e-01 0.000000000000000000e+00 3.768350999999999645e-02 1.266496000000000066e+00
9.937494000000000050e-01 0.000000000000000000e+00 3.756942999999999394e-02 1.264650000000000052e+00
9.939991000000000243e-01 0.000000000000000000e+00 3.745591000000000198e-02 1.262809000000000070e+00
9.942488000000000437e-01 0.000000000000000000e+00 3.734293999999999808e-02 1.260971999999999982e+00
9.944984999999999520e-01 0.000000000000000000e+00 3.723053000000000473e-02 1.259139999999999926e+00
9.947481999999999713e-01 0.000000000000000000e+00 3.711866999999999944e-02 1.257311999999999985e+00
9.949978999999999907e-01 0.000000000000000000e+00 3.700735000000000136e-02 1.255489000000000077e+00
9.952476000000000100e-01 0.000000000000000000e+00 3.689657999999999827e-02 1.253670999999999980e+00
9.954973000000000294e-01 0.000000000000000000e+00 3.678634000000000071e-02 1.251856999999999998e+00
9.957470999999999961e-01 0.000000000000000000e+00 3.667663999999999647e-02 1.250046999999999908e+00
9.959968000000000155e-01 0.000000000000000000e+00 3.656746999999999775e-02 1.248242000000000074e+00
9.962465000000000348e-01 0.000000000000000000e+00 3.645882000000000289e-02 1.246442000000000050e+00
9.964962000000000542e-01 0.000000000000000000e+00 3.635070000000000662e-02 1.244645999999999919e+00
9.967458999999999625e-01 0.000000000000000000e+00 3.624311000000000199e-02 1.242853999999999903e+00
9.969955999999999818e-01 0.000000000000000000e+00 3.613602999999999954e-02 1.241066999999999920e+00
9.972453000000000012e-01 0.000000000000000000e+00 3.602945999999999926e-02 1.239284000000000052e+00
9.974950999999999679e-01 0.000000000000000000e+00 3.592340000000000116e-02 1.237505999999999995e+00
9.977447999999999873e-01 0.000000000000000000e+00 3.581784999999999830e-02 1.235732000000000053e+00
9.979945000000000066e-01 0.000000000000000000e+00 3.571280999999999761e-02 1.233962000000000003e+00
9.982442000000000260e-01 0.000000000000000000e+00 3.560826000000000269e-02 1.232196999999999987e+00
9.984939000000000453e-01 0.000000000000000000e+00 3.550421000000000132e-02 1.230436000000000085e+00
9.987435999999999536e-01 0.000000000000000000e+00 3.540064999999999878e-02 1.228679999999999994e+00
9.989932999999999730e-01 0.000000000000000000e+00 3.529758000000000201e-02 1.226928000000000019e+00
9.992429999999999923e-01 0.000000000000000000e+00 3.519499999999999712e-02 1.225179999999999936e+00
