# 1.rhot, 2.zeros 3.Tz(keV) 4.nz(10^19m^-3)
#Z = 6
6.390208999999999993e-04 0.000000000000000000e+00 1.395090999999999859e+00 6.664533000000000262e-01
8.887342999999999589e-04 0.000000000000000000e+00 1.395082000000000155e+00 6.665645999999999516e-01
1.138448000000000021e-03 0.000000000000000000e+00 1.395073000000000008e+00 6.666750000000000176e-01
1.388160999999999952e-03 0.000000000000000000e+00 1.395064000000000082e+00 6.667844000000000548e-01
1.637875000000000008e-03 0.000000000000000000e+00 1.395055000000000156e+00 6.668929000000000107e-01
1.887587999999999940e-03 0.000000000000000000e+00 1.395046000000000008e+00 6.670004999999999962e-01
2.137300999999999871e-03 0.000000000000000000e+00 1.395037000000000083e+00 6.671072999999999587e-01
2.387015000000000144e-03 0.000000000000000000e+00 1.395029000000000075e+00 6.672131000000000034e-01
2.636728000000000075e-03 0.000000000000000000e+00 1.395019999999999927e+00 6.673179999999999668e-01
2.886441999999999914e-03 0.000000000000000000e+00 1.395011000000000001e+00 6.674219999999999597e-01
3.136154999999999846e-03 0.000000000000000000e+00 1.395001999999999853e+00 6.675252000000000407e-01
3.385869000000000118e-03 0.000000000000000000e+00 1.394992999999999927e+00 6.676273999999999820e-01
3.635582000000000050e-03 0.000000000000000000e+00 1.394984000000000002e+00 6.677288000000000112e-01
3.885295999999999889e-03 0.000000000000000000e+00 1.394974999999999854e+00 6.678292999999999591e-01
4.135009000000000254e-03 0.000000000000000000e+00 1.394965999999999928e+00 6.679289000000000476e-01
4.384721999999999752e-03 0.000000000000000000e+00 1.394957000000000003e+00 6.680277000000000021e-01
4.634435999999999591e-03 0.000000000000000000e+00 1.394948000000000077e+00 6.681255999999999862e-01
4.884148999999999956e-03 0.000000000000000000e+00 1.394939000000000151e+00 6.682226999999999473e-01
5.133862999999999795e-03 0.000000000000000000e+00 1.394930000000000003e+00 6.683189000000000490e-01
5.383576000000000160e-03 0.000000000000000000e+00 1.394921000000000078e+00 6.684143000000000168e-01
5.633289999999999999e-03 0.000000000000000000e+00 1.394911999999999930e+00 6.685088000000000141e-01
5.883003000000000364e-03 0.000000000000000000e+00 1.394903000000000004e+00 6.686024999999999885e-01
6.132715999999999862e-03 0.000000000000000000e+00 1.394894000000000078e+00 6.686952999999999925e-01
6.382429999999999701e-03 0.000000000000000000e+00 1.394884000000000013e+00 6.687874000000000319e-01
6.632143000000000066e-03 0.000000000000000000e+00 1.394875000000000087e+00 6.688785999999999898e-01
6.881856999999999905e-03 0.000000000000000000e+00 1.394865999999999939e+00 6.689688999999999774e-01
7.131570000000000270e-03 0.000000000000000000e+00 1.394857000000000014e+00 6.690585000000000004e-01
7.381284000000000109e-03 0.000000000000000000e+00 1.394847999999999866e+00 6.691473000000000004e-01
7.630996999999999607e-03 0.000000000000000000e+00 1.394838999999999940e+00 6.692352000000000301e-01
7.880710000000000839e-03 0.000000000000000000e+00 1.394830000000000014e+00 6.693223000000000367e-01
8.130424000000000678e-03 0.000000000000000000e+00 1.394820999999999867e+00 6.694086999999999676e-01
8.380136999999999309e-03 0.000000000000000000e+00 1.394811000000000023e+00 6.694942000000000393e-01
8.629850999999999148e-03 0.000000000000000000e+00 1.394801999999999875e+00 6.695790000000000353e-01
8.879563999999999513e-03 0.000000000000000000e+00 1.394792999999999950e+00 6.696630000000000082e-01
9.129277999999999352e-03 0.000000000000000000e+00 1.394784000000000024e+00 6.697461999999999582e-01
9.378990999999999717e-03 0.000000000000000000e+00 1.394775000000000098e+00 6.698285999999999962e-01
9.628704999999999556e-03 0.000000000000000000e+00 1.394765000000000033e+00 6.699102000000000112e-01
9.878417999999999921e-03 0.000000000000000000e+00 1.394756000000000107e+00 6.699910999999999506e-01
1.012813000000000081e-02 0.000000000000000000e+00 1.394747000000000181e+00 6.700711999999999779e-01
1.037783999999999929e-02 0.000000000000000000e+00 1.394737000000000116e+00 6.701506000000000407e-01
1.062755999999999944e-02 0.000000000000000000e+00 1.394727999999999968e+00 6.702291999999999694e-01
1.087726999999999965e-02 0.000000000000000000e+00 1.394719000000000042e+00 6.703069999999999862e-01
1.112698999999999980e-02 0.000000000000000000e+00 1.394708999999999977e+00 6.703841999999999857e-01
1.137670000000000001e-02 0.000000000000000000e+00 1.394700000000000051e+00 6.704605000000000148e-01
1.162641000000000022e-02 0.000000000000000000e+00 1.394691000000000125e+00 6.705362000000000267e-01
1.187613000000000037e-02 0.000000000000000000e+00 1.394681000000000060e+00 6.706111000000000155e-01
1.212584000000000058e-02 0.000000000000000000e+00 1.394672000000000134e+00 6.706851999999999814e-01
1.237555000000000079e-02 0.000000000000000000e+00 1.394662000000000068e+00 6.707587000000000410e-01
1.262526999999999920e-02 0.000000000000000000e+00 1.394652999999999921e+00 6.708313999999999666e-01
1.287497999999999941e-02 0.000000000000000000e+00 1.394643000000000077e+00 6.709034000000000386e-01
1.312468999999999962e-02 0.000000000000000000e+00 1.394633999999999929e+00 6.709747000000000350e-01
1.337440999999999977e-02 0.000000000000000000e+00 1.394624000000000086e+00 6.710452999999999557e-01
1.362411999999999998e-02 0.000000000000000000e+00 1.394614999999999938e+00 6.711152000000000228e-01
1.387383000000000019e-02 0.000000000000000000e+00 1.394605000000000095e+00 6.711844000000000143e-01
1.412355000000000034e-02 0.000000000000000000e+00 1.394595999999999947e+00 6.712529000000000412e-01
1.437326000000000055e-02 0.000000000000000000e+00 1.394586000000000103e+00 6.713208000000000508e-01
1.462297000000000076e-02 0.000000000000000000e+00 1.394576000000000038e+00 6.713879000000000374e-01
1.487268999999999917e-02 0.000000000000000000e+00 1.394567000000000112e+00 6.714544000000000068e-01
1.512239999999999938e-02 0.000000000000000000e+00 1.394557000000000047e+00 6.715200999999999532e-01
1.537210999999999959e-02 0.000000000000000000e+00 1.394546999999999981e+00 6.715851999999999933e-01
1.562182999999999974e-02 0.000000000000000000e+00 1.394537000000000138e+00 6.716497000000000162e-01
1.587153999999999995e-02 0.000000000000000000e+00 1.394527999999999990e+00 6.717134999999999634e-01
1.612125000000000016e-02 0.000000000000000000e+00 1.394517999999999924e+00 6.717765999999999460e-01
1.637096999999999858e-02 0.000000000000000000e+00 1.394508000000000081e+00 6.718391000000000224e-01
1.662067999999999879e-02 0.000000000000000000e+00 1.394498000000000015e+00 6.719009000000000231e-01
1.687038999999999900e-02 0.000000000000000000e+00 1.394487999999999950e+00 6.719621000000000066e-01
1.712011000000000088e-02 0.000000000000000000e+00 1.394479000000000024e+00 6.720226000000000255e-01
1.736982000000000109e-02 0.000000000000000000e+00 1.394468999999999959e+00 6.720825000000000271e-01
1.761953000000000130e-02 0.000000000000000000e+00 1.394459000000000115e+00 6.721418000000000115e-01
1.786924999999999972e-02 0.000000000000000000e+00 1.394449000000000050e+00 6.722004999999999786e-01
1.811895999999999993e-02 0.000000000000000000e+00 1.394438999999999984e+00 6.722584999999999811e-01
1.836867000000000014e-02 0.000000000000000000e+00 1.394429000000000141e+00 6.723158999999999663e-01
1.861838999999999855e-02 0.000000000000000000e+00 1.394419000000000075e+00 6.723727000000000453e-01
1.886809999999999876e-02 0.000000000000000000e+00 1.394409000000000010e+00 6.724288999999999961e-01
1.911782000000000065e-02 0.000000000000000000e+00 1.394398999999999944e+00 6.724845000000000406e-01
1.936753000000000086e-02 0.000000000000000000e+00 1.394387999999999961e+00 6.725394000000000094e-01
1.961724000000000107e-02 0.000000000000000000e+00 1.394377999999999895e+00 6.725938000000000194e-01
1.986695999999999948e-02 0.000000000000000000e+00 1.394367999999999830e+00 6.726476000000000122e-01
2.011666999999999969e-02 0.000000000000000000e+00 1.394357999999999986e+00 6.727007999999999877e-01
2.036637999999999990e-02 0.000000000000000000e+00 1.394347999999999921e+00 6.727535000000000043e-01
2.061609999999999832e-02 0.000000000000000000e+00 1.394336999999999938e+00 6.728054999999999453e-01
2.086580999999999853e-02 0.000000000000000000e+00 1.394327000000000094e+00 6.728570000000000384e-01
2.111551999999999873e-02 0.000000000000000000e+00 1.394317000000000029e+00 6.729079000000000033e-01
2.136524000000000062e-02 0.000000000000000000e+00 1.394306000000000045e+00 6.729581999999999509e-01
2.161495000000000083e-02 0.000000000000000000e+00 1.394295999999999980e+00 6.730080000000000506e-01
2.186466000000000104e-02 0.000000000000000000e+00 1.394284999999999997e+00 6.730572000000000221e-01
2.211437999999999945e-02 0.000000000000000000e+00 1.394275000000000153e+00 6.731059000000000347e-01
2.236408999999999966e-02 0.000000000000000000e+00 1.394263999999999948e+00 6.731540000000000301e-01
2.261379999999999987e-02 0.000000000000000000e+00 1.394253999999999882e+00 6.732015999999999556e-01
2.286351999999999829e-02 0.000000000000000000e+00 1.394242999999999899e+00 6.732487000000000332e-01
2.311322999999999850e-02 0.000000000000000000e+00 1.394233000000000056e+00 6.732951999999999826e-01
2.336293999999999871e-02 0.000000000000000000e+00 1.394222000000000072e+00 6.733411000000000257e-01
2.361266000000000059e-02 0.000000000000000000e+00 1.394211000000000089e+00 6.733865999999999463e-01
2.386237000000000080e-02 0.000000000000000000e+00 1.394201000000000024e+00 6.734314999999999607e-01
2.411208000000000101e-02 0.000000000000000000e+00 1.394190000000000040e+00 6.734759000000000162e-01
2.436179999999999943e-02 0.000000000000000000e+00 1.394179000000000057e+00 6.735198999999999492e-01
2.461150999999999964e-02 0.000000000000000000e+00 1.394167999999999852e+00 6.735632999999999759e-01
2.486121999999999985e-02 0.000000000000000000e+00 1.394158000000000008e+00 6.736060999999999854e-01
2.511094000000000173e-02 0.000000000000000000e+00 1.394147000000000025e+00 6.736484999999999834e-01
2.536064999999999847e-02 0.000000000000000000e+00 1.394136000000000042e+00 6.736904000000000226e-01
2.561035999999999868e-02 0.000000000000000000e+00 1.394125000000000059e+00 6.737317999999999918e-01
2.586008000000000057e-02 0.000000000000000000e+00 1.394114000000000075e+00 6.737727999999999495e-01
2.610979000000000078e-02 0.000000000000000000e+00 1.394103000000000092e+00 6.738132000000000010e-01
2.635950000000000099e-02 0.000000000000000000e+00 1.394092000000000109e+00 6.738532000000000410e-01
2.660921999999999940e-02 0.000000000000000000e+00 1.394080999999999904e+00 6.738927000000000112e-01
2.685892999999999961e-02 0.000000000000000000e+00 1.394069000000000003e+00 6.739317000000000224e-01
2.710863999999999982e-02 0.000000000000000000e+00 1.394058000000000019e+00 6.739703000000000221e-01
2.735836000000000170e-02 0.000000000000000000e+00 1.394047000000000036e+00 6.740083999999999520e-01
2.760806999999999845e-02 0.000000000000000000e+00 1.394036000000000053e+00 6.740460000000000340e-01
2.785779000000000033e-02 0.000000000000000000e+00 1.394023999999999930e+00 6.740831999999999935e-01
2.810750000000000054e-02 0.000000000000000000e+00 1.394012999999999947e+00 6.741200000000000525e-01
2.835721000000000075e-02 0.000000000000000000e+00 1.394001999999999963e+00 6.741563000000000416e-01
2.860692999999999916e-02 0.000000000000000000e+00 1.393990000000000062e+00 6.741920999999999609e-01
2.885663999999999937e-02 0.000000000000000000e+00 1.393979000000000079e+00 6.742276000000000380e-01
2.910634999999999958e-02 0.000000000000000000e+00 1.393967000000000178e+00 6.742626000000000452e-01
2.935607000000000147e-02 0.000000000000000000e+00 1.393955999999999973e+00 6.742972000000000410e-01
2.960578000000000168e-02 0.000000000000000000e+00 1.393943999999999850e+00 6.743312999999999668e-01
2.985548999999999842e-02 0.000000000000000000e+00 1.393933000000000089e+00 6.743651000000000506e-01
3.010521000000000030e-02 0.000000000000000000e+00 1.393920999999999966e+00 6.743983999999999535e-01
3.035492000000000051e-02 0.000000000000000000e+00 1.393909000000000065e+00 6.744314000000000142e-01
3.060463000000000072e-02 0.000000000000000000e+00 1.393896999999999942e+00 6.744639000000000051e-01
3.085434999999999914e-02 0.000000000000000000e+00 1.393885999999999958e+00 6.744959999999999845e-01
3.110405999999999935e-02 0.000000000000000000e+00 1.393874000000000057e+00 6.745278000000000107e-01
3.135377000000000303e-02 0.000000000000000000e+00 1.393862000000000156e+00 6.745590999999999671e-01
3.160348999999999797e-02 0.000000000000000000e+00 1.393849999999999811e+00 6.745900999999999703e-01
3.185319999999999818e-02 0.000000000000000000e+00 1.393837999999999910e+00 6.746206999999999621e-01
3.210290999999999839e-02 0.000000000000000000e+00 1.393826000000000009e+00 6.746509000000000533e-01
3.235263000000000028e-02 0.000000000000000000e+00 1.393814000000000108e+00 6.746807000000000221e-01
3.260234000000000049e-02 0.000000000000000000e+00 1.393801999999999985e+00 6.747102000000000377e-01
3.285205000000000070e-02 0.000000000000000000e+00 1.393788999999999945e+00 6.747393000000000418e-01
3.310177000000000258e-02 0.000000000000000000e+00 1.393777000000000044e+00 6.747680999999999818e-01
3.335148000000000279e-02 0.000000000000000000e+00 1.393765000000000143e+00 6.747965000000000213e-01
3.360119000000000300e-02 0.000000000000000000e+00 1.393753000000000020e+00 6.748245000000000493e-01
3.385090999999999795e-02 0.000000000000000000e+00 1.393739999999999979e+00 6.748522000000000132e-01
3.410061999999999816e-02 0.000000000000000000e+00 1.393728000000000078e+00 6.748796000000000239e-01
3.435032999999999836e-02 0.000000000000000000e+00 1.393714999999999815e+00 6.749066000000000232e-01
3.460005000000000025e-02 0.000000000000000000e+00 1.393702999999999914e+00 6.749332999999999583e-01
3.484976000000000046e-02 0.000000000000000000e+00 1.393690000000000095e+00 6.749597000000000513e-01
3.509947000000000067e-02 0.000000000000000000e+00 1.393678000000000194e+00 6.749857000000000218e-01
3.534919000000000255e-02 0.000000000000000000e+00 1.393664999999999932e+00 6.750114000000000392e-01
3.559890000000000276e-02 0.000000000000000000e+00 1.393652000000000113e+00 6.750369000000000508e-01
3.584861999999999771e-02 0.000000000000000000e+00 1.393639999999999990e+00 6.750620000000000509e-01
3.609832999999999792e-02 0.000000000000000000e+00 1.393626999999999949e+00 6.750867999999999869e-01
3.634803999999999813e-02 0.000000000000000000e+00 1.393614000000000130e+00 6.751112999999999698e-01
3.659776000000000001e-02 0.000000000000000000e+00 1.393601000000000090e+00 6.751354999999999995e-01
3.684747000000000022e-02 0.000000000000000000e+00 1.393588000000000049e+00 6.751593999999999651e-01
3.709718000000000043e-02 0.000000000000000000e+00 1.393575000000000008e+00 6.751829999999999776e-01
3.734690000000000232e-02 0.000000000000000000e+00 1.393561999999999967e+00 6.752063000000000370e-01
3.759661000000000253e-02 0.000000000000000000e+00 1.393548999999999927e+00 6.752293999999999796e-01
3.784632000000000274e-02 0.000000000000000000e+00 1.393536000000000108e+00 6.752521999999999691e-01
3.809603999999999768e-02 0.000000000000000000e+00 1.393521999999999927e+00 6.752747000000000055e-01
3.834574999999999789e-02 0.000000000000000000e+00 1.393509000000000109e+00 6.752968999999999777e-01
3.859545999999999810e-02 0.000000000000000000e+00 1.393496000000000068e+00 6.753189000000000553e-01
3.884517999999999999e-02 0.000000000000000000e+00 1.393481999999999887e+00 6.753405999999999576e-01
3.909489000000000020e-02 0.000000000000000000e+00 1.393469000000000069e+00 6.753620999999999652e-01
3.934460000000000041e-02 0.000000000000000000e+00 1.393454999999999888e+00 6.753833999999999671e-01
3.959432000000000229e-02 0.000000000000000000e+00 1.393442000000000069e+00 6.754042999999999575e-01
3.984403000000000250e-02 0.000000000000000000e+00 1.393428000000000111e+00 6.754251000000000005e-01
4.009374000000000271e-02 0.000000000000000000e+00 1.393415000000000070e+00 6.754455999999999793e-01
4.034345999999999766e-02 0.000000000000000000e+00 1.393401000000000112e+00 6.754658999999999525e-01
4.059316999999999787e-02 0.000000000000000000e+00 1.393386999999999931e+00 6.754858999999999725e-01
4.084287999999999808e-02 0.000000000000000000e+00 1.393372999999999973e+00 6.755058000000000451e-01
4.109259999999999996e-02 0.000000000000000000e+00 1.393359000000000014e+00 6.755254000000000536e-01
4.134231000000000017e-02 0.000000000000000000e+00 1.393345000000000056e+00 6.755447999999999453e-01
4.159202000000000038e-02 0.000000000000000000e+00 1.393330999999999875e+00 6.755640000000000533e-01
4.184174000000000226e-02 0.000000000000000000e+00 1.393316999999999917e+00 6.755830000000000446e-01
4.209145000000000247e-02 0.000000000000000000e+00 1.393303000000000180e+00 6.756018000000000301e-01
4.234116000000000268e-02 0.000000000000000000e+00 1.393289000000000000e+00 6.756204000000000098e-01
4.259087999999999763e-02 0.000000000000000000e+00 1.393275000000000041e+00 6.756387999999999838e-01
4.284058999999999784e-02 0.000000000000000000e+00 1.393259999999999943e+00 6.756569999999999521e-01
4.309029999999999805e-02 0.000000000000000000e+00 1.393245999999999984e+00 6.756750000000000256e-01
4.334001999999999993e-02 0.000000000000000000e+00 1.393232000000000026e+00 6.756929000000000407e-01
4.358973000000000014e-02 0.000000000000000000e+00 1.393217000000000150e+00 6.757104999999999917e-01
4.383945000000000203e-02 0.000000000000000000e+00 1.393202999999999969e+00 6.757279999999999953e-01
4.408916000000000224e-02 0.000000000000000000e+00 1.393188000000000093e+00 6.757452999999999932e-01
4.433887000000000245e-02 0.000000000000000000e+00 1.393172999999999995e+00 6.757623999999999853e-01
4.458858999999999739e-02 0.000000000000000000e+00 1.393157999999999896e+00 6.757792999999999717e-01
4.483829999999999760e-02 0.000000000000000000e+00 1.393143999999999938e+00 6.757959999999999523e-01
4.508800999999999781e-02 0.000000000000000000e+00 1.393128999999999840e+00 6.758125000000000382e-01
4.533772999999999970e-02 0.000000000000000000e+00 1.393113999999999963e+00 6.758288000000000073e-01
4.558743999999999991e-02 0.000000000000000000e+00 1.393098999999999865e+00 6.758448999999999707e-01
4.583715000000000012e-02 0.000000000000000000e+00 1.393083999999999989e+00 6.758608000000000393e-01
4.608687000000000200e-02 0.000000000000000000e+00 1.393067999999999973e+00 6.758764999999999912e-01
4.633658000000000221e-02 0.000000000000000000e+00 1.393053000000000097e+00 6.758920000000000483e-01
4.658629000000000242e-02 0.000000000000000000e+00 1.393037999999999998e+00 6.759072999999999887e-01
4.683600999999999737e-02 0.000000000000000000e+00 1.393021999999999982e+00 6.759222999999999759e-01
4.708571999999999758e-02 0.000000000000000000e+00 1.393007000000000106e+00 6.759372000000000158e-01
4.733542999999999779e-02 0.000000000000000000e+00 1.392991000000000090e+00 6.759517999999999915e-01
4.758514999999999967e-02 0.000000000000000000e+00 1.392976000000000214e+00 6.759661999999999615e-01
4.783485999999999988e-02 0.000000000000000000e+00 1.392959999999999976e+00 6.759804000000000368e-01
4.808457000000000009e-02 0.000000000000000000e+00 1.392943999999999960e+00 6.759943999999999953e-01
4.833429000000000197e-02 0.000000000000000000e+00 1.392928000000000166e+00 6.760081999999999480e-01
4.858400000000000218e-02 0.000000000000000000e+00 1.392911999999999928e+00 6.760216999999999477e-01
4.883371000000000239e-02 0.000000000000000000e+00 1.392895999999999912e+00 6.760350000000000525e-01
4.908342999999999734e-02 0.000000000000000000e+00 1.392880000000000118e+00 6.760481000000000407e-01
4.933313999999999755e-02 0.000000000000000000e+00 1.392864000000000102e+00 6.760608999999999646e-01
4.958284999999999776e-02 0.000000000000000000e+00 1.392847999999999864e+00 6.760734999999999939e-01
4.983256999999999964e-02 0.000000000000000000e+00 1.392830999999999930e+00 6.760859000000000174e-01
5.008227999999999985e-02 0.000000000000000000e+00 1.392815000000000136e+00 6.760979999999999768e-01
5.033199000000000006e-02 0.000000000000000000e+00 1.392797999999999981e+00 6.761099000000000414e-01
5.058171000000000195e-02 0.000000000000000000e+00 1.392781000000000047e+00 6.761215000000000419e-01
5.083142000000000216e-02 0.000000000000000000e+00 1.392765000000000031e+00 6.761329000000000367e-01
5.108113000000000237e-02 0.000000000000000000e+00 1.392748000000000097e+00 6.761441000000000257e-01
5.133084999999999731e-02 0.000000000000000000e+00 1.392730999999999941e+00 6.761549999999999505e-01
5.158055999999999752e-02 0.000000000000000000e+00 1.392714000000000008e+00 6.761656999999999806e-01
5.183026999999999773e-02 0.000000000000000000e+00 1.392696999999999852e+00 6.761760999999999466e-01
5.207998999999999962e-02 0.000000000000000000e+00 1.392679000000000000e+00 6.761861999999999595e-01
5.232969999999999983e-02 0.000000000000000000e+00 1.392662000000000067e+00 6.761960999999999666e-01
5.257942000000000171e-02 0.000000000000000000e+00 1.392643999999999993e+00 6.762057999999999680e-01
5.282913000000000192e-02 0.000000000000000000e+00 1.392627000000000059e+00 6.762152000000000163e-01
5.307884000000000213e-02 0.000000000000000000e+00 1.392608999999999986e+00 6.762243000000000004e-01
5.332855999999999708e-02 0.000000000000000000e+00 1.392590999999999912e+00 6.762331999999999788e-01
5.357826999999999729e-02 0.000000000000000000e+00 1.392573999999999979e+00 6.762418000000000040e-01
5.382797999999999750e-02 0.000000000000000000e+00 1.392556000000000127e+00 6.762500999999999651e-01
5.407769999999999938e-02 0.000000000000000000e+00 1.392537000000000136e+00 6.762580999999999731e-01
5.432740999999999959e-02 0.000000000000000000e+00 1.392519000000000062e+00 6.762658999999999754e-01
5.457711999999999980e-02 0.000000000000000000e+00 1.392500999999999989e+00 6.762734000000000245e-01
5.482684000000000168e-02 0.000000000000000000e+00 1.392482999999999915e+00 6.762806999999999569e-01
5.507655000000000189e-02 0.000000000000000000e+00 1.392463999999999924e+00 6.762875999999999888e-01
5.532626000000000210e-02 0.000000000000000000e+00 1.392444999999999933e+00 6.762943000000000149e-01
5.557597999999999705e-02 0.000000000000000000e+00 1.392426999999999859e+00 6.763006999999999769e-01
5.582568999999999726e-02 0.000000000000000000e+00 1.392407999999999868e+00 6.763067999999999858e-01
5.607539999999999747e-02 0.000000000000000000e+00 1.392388999999999877e+00 6.763126999999999889e-01
5.632511999999999935e-02 0.000000000000000000e+00 1.392369999999999886e+00 6.763181999999999805e-01
5.657482999999999956e-02 0.000000000000000000e+00 1.392349999999999977e+00 6.763234000000000190e-01
5.682453999999999977e-02 0.000000000000000000e+00 1.392330999999999985e+00 6.763284000000000518e-01
5.707426000000000166e-02 0.000000000000000000e+00 1.392311999999999994e+00 6.763331000000000204e-01
5.732397000000000187e-02 0.000000000000000000e+00 1.392291999999999863e+00 6.763373999999999775e-01
5.757368000000000208e-02 0.000000000000000000e+00 1.392271999999999954e+00 6.763415000000000399e-01
5.782339999999999702e-02 0.000000000000000000e+00 1.392252000000000045e+00 6.763453000000000381e-01
5.807310999999999723e-02 0.000000000000000000e+00 1.392231999999999914e+00 6.763487999999999722e-01
5.832281999999999744e-02 0.000000000000000000e+00 1.392212000000000005e+00 6.763519000000000059e-01
5.857253999999999933e-02 0.000000000000000000e+00 1.392192000000000096e+00 6.763548000000000338e-01
5.882224999999999954e-02 0.000000000000000000e+00 1.392171999999999965e+00 6.763573000000000501e-01
5.907195999999999975e-02 0.000000000000000000e+00 1.392151000000000138e+00 6.763595999999999497e-01
5.932168000000000163e-02 0.000000000000000000e+00 1.392130000000000090e+00 6.763614999999999489e-01
5.957139000000000184e-02 0.000000000000000000e+00 1.392109999999999959e+00 6.763630999999999949e-01
5.982110000000000205e-02 0.000000000000000000e+00 1.392088999999999910e+00 6.763643999999999767e-01
6.007081999999999700e-02 0.000000000000000000e+00 1.392066999999999943e+00 6.763654000000000055e-01
6.032052999999999721e-02 0.000000000000000000e+00 1.392046000000000117e+00 6.763660000000000228e-01
6.057024999999999909e-02 0.000000000000000000e+00 1.392025000000000068e+00 6.763664000000000343e-01
6.081995999999999930e-02 0.000000000000000000e+00 1.392002999999999879e+00 6.763664000000000343e-01
6.106966999999999951e-02 0.000000000000000000e+00 1.391980999999999913e+00 6.763660000000000228e-01
6.131939000000000140e-02 0.000000000000000000e+00 1.391960000000000086e+00 6.763654000000000055e-01
6.156910000000000160e-02 0.000000000000000000e+00 1.391938000000000120e+00 6.763643999999999767e-01
6.181881000000000181e-02 0.000000000000000000e+00 1.391915000000000013e+00 6.763630999999999949e-01
6.206852999999999676e-02 0.000000000000000000e+00 1.391893000000000047e+00 6.763614000000000015e-01
6.231823999999999697e-02 0.000000000000000000e+00 1.391869999999999941e+00 6.763594000000000550e-01
6.256794999999999718e-02 0.000000000000000000e+00 1.391847999999999974e+00 6.763571000000000444e-01
6.281767000000000600e-02 0.000000000000000000e+00 1.391825000000000090e+00 6.763544000000000223e-01
6.306738000000000621e-02 0.000000000000000000e+00 1.391801999999999984e+00 6.763512999999999886e-01
6.331709000000000642e-02 0.000000000000000000e+00 1.391777999999999960e+00 6.763479999999999492e-01
6.356681000000000137e-02 0.000000000000000000e+00 1.391755000000000075e+00 6.763441999999999510e-01
6.381652000000000158e-02 0.000000000000000000e+00 1.391731000000000051e+00 6.763400999999999996e-01
6.406623000000000179e-02 0.000000000000000000e+00 1.391708000000000167e+00 6.763356999999999841e-01
6.431594999999999673e-02 0.000000000000000000e+00 1.391683999999999921e+00 6.763308999999999571e-01
6.456565999999999694e-02 0.000000000000000000e+00 1.391659000000000201e+00 6.763257999999999770e-01
6.481536999999999715e-02 0.000000000000000000e+00 1.391634999999999955e+00 6.763202000000000380e-01
6.506509000000000598e-02 0.000000000000000000e+00 1.391611000000000153e+00 6.763143999999999822e-01
6.531480000000000619e-02 0.000000000000000000e+00 1.391585999999999990e+00 6.763080999999999676e-01
6.556451000000000640e-02 0.000000000000000000e+00 1.391560999999999826e+00 6.763014999999999999e-01
6.581423000000000134e-02 0.000000000000000000e+00 1.391536000000000106e+00 6.762945000000000206e-01
6.606394000000000155e-02 0.000000000000000000e+00 1.391510000000000025e+00 6.762871999999999773e-01
6.631365000000000176e-02 0.000000000000000000e+00 1.391484999999999861e+00 6.762793999999999750e-01
6.656336999999999671e-02 0.000000000000000000e+00 1.391459000000000001e+00 6.762713000000000196e-01
6.681307999999999692e-02 0.000000000000000000e+00 1.391432999999999920e+00 6.762629000000000001e-01
6.706278999999999713e-02 0.000000000000000000e+00 1.391406999999999838e+00 6.762540000000000218e-01
6.731251000000000595e-02 0.000000000000000000e+00 1.391380999999999979e+00 6.762447000000000319e-01
6.756222000000000616e-02 0.000000000000000000e+00 1.391353999999999980e+00 6.762350999999999779e-01
6.781193000000000637e-02 0.000000000000000000e+00 1.391326999999999980e+00 6.762251000000000234e-01
6.806165000000000131e-02 0.000000000000000000e+00 1.391299999999999981e+00 6.762146999999999464e-01
6.831136000000000152e-02 0.000000000000000000e+00 1.391272999999999982e+00 6.762038999999999689e-01
6.856107999999999647e-02 0.000000000000000000e+00 1.391244999999999843e+00 6.761926999999999799e-01
6.881078999999999668e-02 0.000000000000000000e+00 1.391218000000000066e+00 6.761810999999999794e-01
6.906049999999999689e-02 0.000000000000000000e+00 1.391190000000000149e+00 6.761692000000000258e-01
6.931022000000000571e-02 0.000000000000000000e+00 1.391162000000000010e+00 6.761568000000000023e-01
6.955993000000000592e-02 0.000000000000000000e+00 1.391132999999999953e+00 6.761441000000000257e-01
6.980964000000000613e-02 0.000000000000000000e+00 1.391105000000000036e+00 6.761308999999999791e-01
7.005936000000000108e-02 0.000000000000000000e+00 1.391075999999999979e+00 6.761173000000000322e-01
7.030907000000000129e-02 0.000000000000000000e+00 1.391046999999999922e+00 6.761034000000000210e-01
7.055878000000000150e-02 0.000000000000000000e+00 1.391018000000000088e+00 6.760890000000000510e-01
7.080849999999999644e-02 0.000000000000000000e+00 1.390988000000000113e+00 6.760741999999999585e-01
7.105820999999999665e-02 0.000000000000000000e+00 1.390958000000000139e+00 6.760589999999999655e-01
7.130791999999999686e-02 0.000000000000000000e+00 1.390928000000000164e+00 6.760433999999999610e-01
7.155764000000000569e-02 0.000000000000000000e+00 1.390897999999999968e+00 6.760273999999999450e-01
7.180735000000000590e-02 0.000000000000000000e+00 1.390867999999999993e+00 6.760110000000000285e-01
7.205706000000000611e-02 0.000000000000000000e+00 1.390836999999999879e+00 6.759941999999999895e-01
7.230678000000000105e-02 0.000000000000000000e+00 1.390805999999999987e+00 6.759768999999999917e-01
7.255649000000000126e-02 0.000000000000000000e+00 1.390775000000000095e+00 6.759593000000000407e-01
7.280620000000000147e-02 0.000000000000000000e+00 1.390742999999999840e+00 6.759412000000000198e-01
7.305591999999999642e-02 0.000000000000000000e+00 1.390711999999999948e+00 6.759226999999999874e-01
7.330562999999999663e-02 0.000000000000000000e+00 1.390680000000000138e+00 6.759036999999999962e-01
7.355533999999999684e-02 0.000000000000000000e+00 1.390646999999999966e+00 6.758844000000000518e-01
7.380506000000000566e-02 0.000000000000000000e+00 1.390614999999999934e+00 6.758646000000000376e-01
7.405477000000000587e-02 0.000000000000000000e+00 1.390582000000000207e+00 6.758444000000000118e-01
7.430448000000000608e-02 0.000000000000000000e+00 1.390549000000000035e+00 6.758237000000000272e-01
7.455420000000000103e-02 0.000000000000000000e+00 1.390516000000000085e+00 6.758026999999999784e-01
7.480391000000000123e-02 0.000000000000000000e+00 1.390481999999999996e+00 6.757811999999999708e-01
7.505362000000000144e-02 0.000000000000000000e+00 1.390449000000000046e+00 6.757592999999999517e-01
7.530333999999999639e-02 0.000000000000000000e+00 1.390414999999999957e+00 6.757370999999999794e-01
7.555304999999999660e-02 0.000000000000000000e+00 1.390380000000000171e+00 6.757144000000000483e-01
7.580275999999999681e-02 0.000000000000000000e+00 1.390346000000000082e+00 6.756915000000000004e-01
7.605248000000000563e-02 0.000000000000000000e+00 1.390310999999999853e+00 6.756680999999999937e-01
7.630219000000000584e-02 0.000000000000000000e+00 1.390276000000000067e+00 6.756444999999999812e-01
7.655190000000000605e-02 0.000000000000000000e+00 1.390241000000000060e+00 6.756204999999999572e-01
7.680162000000000100e-02 0.000000000000000000e+00 1.390205999999999831e+00 6.755961999999999801e-01
7.705133000000000121e-02 0.000000000000000000e+00 1.390171000000000046e+00 6.755716000000000498e-01
7.730104999999999615e-02 0.000000000000000000e+00 1.390134999999999899e+00 6.755467000000000555e-01
7.755075999999999636e-02 0.000000000000000000e+00 1.390099999999999891e+00 6.755216000000000554e-01
7.780046999999999657e-02 0.000000000000000000e+00 1.390064000000000188e+00 6.754961999999999911e-01
7.805019000000000540e-02 0.000000000000000000e+00 1.390028000000000041e+00 6.754706000000000321e-01
7.829990000000000561e-02 0.000000000000000000e+00 1.389991999999999894e+00 6.754447000000000090e-01
7.854961000000000582e-02 0.000000000000000000e+00 1.389954999999999830e+00 6.754185999999999801e-01
7.879933000000000076e-02 0.000000000000000000e+00 1.389919000000000127e+00 6.753922999999999455e-01
7.904904000000000097e-02 0.000000000000000000e+00 1.389882999999999980e+00 6.753658000000000161e-01
7.929875000000000118e-02 0.000000000000000000e+00 1.389845999999999915e+00 6.753392000000000284e-01
7.954846999999999613e-02 0.000000000000000000e+00 1.389809000000000072e+00 6.753124000000000349e-01
7.979817999999999634e-02 0.000000000000000000e+00 1.389772999999999925e+00 6.752854000000000356e-01
8.004788999999999655e-02 0.000000000000000000e+00 1.389736000000000082e+00 6.752582999999999780e-01
8.029761000000000537e-02 0.000000000000000000e+00 1.389699000000000018e+00 6.752310000000000256e-01
8.054732000000000558e-02 0.000000000000000000e+00 1.389661999999999953e+00 6.752036000000000149e-01
8.079703000000000579e-02 0.000000000000000000e+00 1.389625000000000110e+00 6.751762000000000041e-01
8.104675000000000074e-02 0.000000000000000000e+00 1.389588000000000045e+00 6.751485999999999876e-01
8.129646000000000094e-02 0.000000000000000000e+00 1.389550999999999981e+00 6.751209999999999711e-01
8.154617000000000115e-02 0.000000000000000000e+00 1.389513999999999916e+00 6.750933000000000073e-01
8.179588999999999610e-02 0.000000000000000000e+00 1.389477000000000073e+00 6.750654999999999850e-01
8.204559999999999631e-02 0.000000000000000000e+00 1.389439000000000091e+00 6.750376999999999628e-01
8.229530999999999652e-02 0.000000000000000000e+00 1.389402000000000026e+00 6.750099000000000515e-01
8.254503000000000534e-02 0.000000000000000000e+00 1.389364999999999961e+00 6.749819999999999709e-01
8.279474000000000555e-02 0.000000000000000000e+00 1.389327999999999896e+00 6.749541000000000013e-01
8.304445000000000576e-02 0.000000000000000000e+00 1.389289999999999914e+00 6.749262999999999790e-01
8.329417000000000071e-02 0.000000000000000000e+00 1.389252999999999849e+00 6.748984000000000094e-01
8.354388000000000092e-02 0.000000000000000000e+00 1.389214999999999867e+00 6.748705999999999872e-01
8.379359000000000113e-02 0.000000000000000000e+00 1.389178000000000024e+00 6.748427999999999649e-01
8.404330999999999607e-02 0.000000000000000000e+00 1.389140000000000041e+00 6.748150000000000537e-01
8.429301999999999628e-02 0.000000000000000000e+00 1.389102999999999977e+00 6.747872999999999788e-01
8.454272999999999649e-02 0.000000000000000000e+00 1.389064999999999994e+00 6.747596999999999623e-01
8.479245000000000532e-02 0.000000000000000000e+00 1.389027999999999929e+00 6.747322000000000042e-01
8.504216000000000553e-02 0.000000000000000000e+00 1.388989999999999947e+00 6.747047000000000461e-01
8.529188000000000047e-02 0.000000000000000000e+00 1.388951999999999964e+00 6.746773999999999827e-01
8.554159000000000068e-02 0.000000000000000000e+00 1.388914999999999900e+00 6.746501999999999777e-01
8.579130000000000089e-02 0.000000000000000000e+00 1.388876999999999917e+00 6.746231000000000311e-01
8.604101999999999584e-02 0.000000000000000000e+00 1.388838999999999935e+00 6.745961000000000318e-01
8.629072999999999605e-02 0.000000000000000000e+00 1.388800999999999952e+00 6.745693000000000383e-01
8.654043999999999626e-02 0.000000000000000000e+00 1.388762999999999970e+00 6.745427000000000506e-01
8.679016000000000508e-02 0.000000000000000000e+00 1.388726000000000127e+00 6.745162000000000102e-01
8.703987000000000529e-02 0.000000000000000000e+00 1.388688000000000144e+00 6.744900000000000340e-01
8.728958000000000550e-02 0.000000000000000000e+00 1.388650000000000162e+00 6.744639000000000051e-01
8.753930000000000045e-02 0.000000000000000000e+00 1.388612000000000180e+00 6.744379000000000346e-01
8.778901000000000066e-02 0.000000000000000000e+00 1.388573999999999975e+00 6.744122000000000172e-01
8.803872000000000086e-02 0.000000000000000000e+00 1.388535999999999992e+00 6.743867000000000056e-01
8.828843999999999581e-02 0.000000000000000000e+00 1.388498000000000010e+00 6.743613999999999997e-01
8.853814999999999602e-02 0.000000000000000000e+00 1.388460000000000027e+00 6.743362999999999996e-01
8.878785999999999623e-02 0.000000000000000000e+00 1.388422000000000045e+00 6.743114000000000052e-01
8.903758000000000505e-02 0.000000000000000000e+00 1.388384000000000063e+00 6.742867000000000166e-01
8.928729000000000526e-02 0.000000000000000000e+00 1.388344999999999940e+00 6.742622999999999811e-01
8.953700000000000547e-02 0.000000000000000000e+00 1.388306999999999958e+00 6.742380000000000040e-01
8.978672000000000042e-02 0.000000000000000000e+00 1.388268999999999975e+00 6.742139999999999800e-01
9.003643000000000063e-02 0.000000000000000000e+00 1.388230000000000075e+00 6.741901999999999617e-01
9.028614000000000084e-02 0.000000000000000000e+00 1.388192000000000093e+00 6.741667000000000076e-01
9.053585999999999578e-02 0.000000000000000000e+00 1.388152999999999970e+00 6.741433999999999482e-01
9.078556999999999599e-02 0.000000000000000000e+00 1.388114999999999988e+00 6.741203999999999530e-01
9.103527999999999620e-02 0.000000000000000000e+00 1.388076000000000088e+00 6.740975000000000161e-01
9.128500000000000503e-02 0.000000000000000000e+00 1.388036999999999965e+00 6.740749999999999797e-01
9.153471000000000524e-02 0.000000000000000000e+00 1.387998000000000065e+00 6.740526999999999491e-01
9.178442000000000545e-02 0.000000000000000000e+00 1.387959000000000165e+00 6.740306999999999826e-01
9.203414000000000039e-02 0.000000000000000000e+00 1.387920000000000043e+00 6.740089000000000219e-01
9.228385000000000060e-02 0.000000000000000000e+00 1.387881000000000142e+00 6.739874000000000143e-01
9.253356000000000081e-02 0.000000000000000000e+00 1.387842000000000020e+00 6.739661999999999598e-01
9.278327999999999576e-02 0.000000000000000000e+00 1.387803000000000120e+00 6.739452000000000220e-01
9.303298999999999597e-02 0.000000000000000000e+00 1.387763999999999998e+00 6.739245999999999848e-01
9.328271000000000479e-02 0.000000000000000000e+00 1.387723999999999958e+00 6.739041999999999533e-01
9.353242000000000500e-02 0.000000000000000000e+00 1.387683999999999918e+00 6.738840000000000385e-01
9.378213000000000521e-02 0.000000000000000000e+00 1.387645000000000017e+00 6.738642000000000243e-01
9.403185000000000016e-02 0.000000000000000000e+00 1.387604999999999977e+00 6.738446000000000158e-01
9.428156000000000037e-02 0.000000000000000000e+00 1.387565000000000159e+00 6.738252999999999604e-01
9.453127000000000058e-02 0.000000000000000000e+00 1.387525000000000119e+00 6.738062999999999692e-01
9.478098999999999552e-02 0.000000000000000000e+00 1.387484999999999857e+00 6.737874999999999837e-01
9.503069999999999573e-02 0.000000000000000000e+00 1.387445000000000039e+00 6.737689999999999513e-01
9.528040999999999594e-02 0.000000000000000000e+00 1.387404000000000082e+00 6.737507999999999830e-01
9.553013000000000476e-02 0.000000000000000000e+00 1.387364000000000042e+00 6.737328000000000205e-01
9.577984000000000497e-02 0.000000000000000000e+00 1.387323000000000084e+00 6.737149999999999528e-01
9.602955000000000518e-02 0.000000000000000000e+00 1.387281999999999904e+00 6.736974999999999492e-01
9.627927000000000013e-02 0.000000000000000000e+00 1.387240999999999946e+00 6.736803000000000097e-01
9.652898000000000034e-02 0.000000000000000000e+00 1.387199999999999989e+00 6.736632999999999649e-01
9.677869000000000055e-02 0.000000000000000000e+00 1.387159000000000031e+00 6.736465000000000369e-01
9.702840999999999549e-02 0.000000000000000000e+00 1.387116999999999933e+00 6.736299999999999510e-01
9.727811999999999570e-02 0.000000000000000000e+00 1.387075999999999976e+00 6.736136999999999819e-01
9.752782999999999591e-02 0.000000000000000000e+00 1.387034000000000100e+00 6.735976000000000186e-01
9.777755000000000474e-02 0.000000000000000000e+00 1.386992000000000003e+00 6.735818000000000083e-01
9.802726000000000495e-02 0.000000000000000000e+00 1.386950000000000127e+00 6.735662000000000038e-01
9.827697000000000516e-02 0.000000000000000000e+00 1.386907999999999808e+00 6.735508999999999524e-01
9.852669000000000010e-02 0.000000000000000000e+00 1.386865000000000014e+00 6.735358000000000178e-01
9.877640000000000031e-02 0.000000000000000000e+00 1.386823000000000139e+00 6.735208000000000306e-01
9.902611000000000052e-02 0.000000000000000000e+00 1.386779999999999902e+00 6.735060999999999964e-01
9.927582999999999547e-02 0.000000000000000000e+00 1.386737000000000108e+00 6.734917000000000264e-01
9.952553999999999568e-02 0.000000000000000000e+00 1.386693999999999871e+00 6.734774000000000038e-01
9.977524999999999589e-02 0.000000000000000000e+00 1.386650000000000160e+00 6.734632999999999869e-01
1.000250000000000028e-01 0.000000000000000000e+00 1.386606999999999923e+00 6.734495000000000342e-01
1.002746999999999944e-01 0.000000000000000000e+00 1.386563000000000212e+00 6.734358000000000288e-01
1.005243999999999999e-01 0.000000000000000000e+00 1.386519000000000057e+00 6.734223000000000292e-01
1.007741000000000053e-01 0.000000000000000000e+00 1.386474999999999902e+00 6.734090999999999827e-01
1.010237999999999969e-01 0.000000000000000000e+00 1.386430999999999969e+00 6.733959999999999946e-01
1.012735000000000024e-01 0.000000000000000000e+00 1.386385999999999896e+00 6.733831000000000122e-01
1.015231999999999940e-01 0.000000000000000000e+00 1.386340999999999823e+00 6.733702999999999772e-01
1.017730000000000024e-01 0.000000000000000000e+00 1.386295999999999973e+00 6.733578000000000063e-01
1.020226999999999939e-01 0.000000000000000000e+00 1.386250999999999900e+00 6.733453999999999828e-01
1.022723999999999994e-01 0.000000000000000000e+00 1.386205999999999827e+00 6.733331000000000177e-01
1.025221000000000049e-01 0.000000000000000000e+00 1.386160000000000059e+00 6.733211000000000057e-01
1.027717999999999965e-01 0.000000000000000000e+00 1.386114000000000068e+00 6.733092000000000521e-01
1.030215000000000020e-01 0.000000000000000000e+00 1.386068000000000078e+00 6.732974000000000458e-01
1.032711999999999936e-01 0.000000000000000000e+00 1.386021999999999865e+00 6.732858000000000454e-01
1.035210000000000019e-01 0.000000000000000000e+00 1.385976000000000097e+00 6.732742999999999922e-01
1.037706999999999935e-01 0.000000000000000000e+00 1.385929000000000189e+00 6.732629999999999448e-01
1.040203999999999990e-01 0.000000000000000000e+00 1.385882000000000058e+00 6.732517999999999558e-01
1.042701000000000044e-01 0.000000000000000000e+00 1.385834999999999928e+00 6.732407000000000252e-01
1.045197999999999960e-01 0.000000000000000000e+00 1.385787000000000102e+00 6.732297999999999893e-01
1.047695000000000015e-01 0.000000000000000000e+00 1.385739000000000054e+00 6.732190000000000119e-01
1.050191999999999931e-01 0.000000000000000000e+00 1.385691000000000006e+00 6.732082999999999817e-01
1.052688999999999986e-01 0.000000000000000000e+00 1.385642999999999958e+00 6.731977999999999573e-01
1.055187000000000069e-01 0.000000000000000000e+00 1.385595000000000132e+00 6.731873000000000440e-01
1.057683999999999985e-01 0.000000000000000000e+00 1.385545999999999944e+00 6.731770000000000254e-01
1.060181000000000040e-01 0.000000000000000000e+00 1.385496999999999979e+00 6.731667999999999541e-01
1.062677999999999956e-01 0.000000000000000000e+00 1.385448000000000013e+00 6.731567000000000522e-01
1.065175000000000011e-01 0.000000000000000000e+00 1.385398999999999825e+00 6.731466999999999867e-01
1.067672000000000065e-01 0.000000000000000000e+00 1.385348999999999942e+00 6.731369000000000380e-01
1.070168999999999981e-01 0.000000000000000000e+00 1.385299000000000058e+00 6.731270999999999782e-01
1.072667000000000065e-01 0.000000000000000000e+00 1.385248999999999953e+00 6.731175000000000352e-01
1.075163999999999981e-01 0.000000000000000000e+00 1.385199000000000069e+00 6.731080000000000396e-01
1.077661000000000036e-01 0.000000000000000000e+00 1.385147999999999824e+00 6.730985000000000440e-01
1.080157999999999952e-01 0.000000000000000000e+00 1.385097999999999940e+00 6.730892000000000541e-01
1.082655000000000006e-01 0.000000000000000000e+00 1.385046999999999917e+00 6.730800000000000116e-01
1.085152000000000061e-01 0.000000000000000000e+00 1.384994999999999976e+00 6.730709000000000275e-01
1.087648999999999977e-01 0.000000000000000000e+00 1.384943999999999953e+00 6.730618999999999907e-01
1.090147000000000060e-01 0.000000000000000000e+00 1.384892000000000012e+00 6.730528999999999540e-01
1.092643999999999976e-01 0.000000000000000000e+00 1.384839999999999849e+00 6.730441000000000340e-01
1.095141000000000031e-01 0.000000000000000000e+00 1.384787999999999908e+00 6.730353000000000030e-01
1.097637999999999947e-01 0.000000000000000000e+00 1.384736000000000189e+00 6.730266999999999777e-01
1.100135000000000002e-01 0.000000000000000000e+00 1.384682999999999886e+00 6.730180999999999525e-01
1.102632000000000057e-01 0.000000000000000000e+00 1.384630000000000027e+00 6.730095999999999856e-01
1.105128999999999972e-01 0.000000000000000000e+00 1.384576999999999947e+00 6.730011999999999661e-01
1.107626000000000027e-01 0.000000000000000000e+00 1.384523999999999866e+00 6.729927999999999466e-01
1.110123999999999972e-01 0.000000000000000000e+00 1.384470000000000089e+00 6.729844999999999855e-01
1.112621000000000027e-01 0.000000000000000000e+00 1.384415999999999869e+00 6.729762999999999717e-01
1.115117999999999943e-01 0.000000000000000000e+00 1.384362000000000092e+00 6.729680999999999580e-01
1.117614999999999997e-01 0.000000000000000000e+00 1.384308000000000094e+00 6.729599000000000553e-01
1.120112000000000052e-01 0.000000000000000000e+00 1.384253999999999873e+00 6.729517999999999889e-01
1.122608999999999968e-01 0.000000000000000000e+00 1.384199000000000179e+00 6.729437999999999809e-01
1.125106000000000023e-01 0.000000000000000000e+00 1.384144000000000041e+00 6.729357000000000255e-01
1.127603999999999967e-01 0.000000000000000000e+00 1.384088999999999903e+00 6.729277000000000175e-01
1.130101000000000022e-01 0.000000000000000000e+00 1.384034000000000209e+00 6.729197000000000095e-01
1.132597999999999938e-01 0.000000000000000000e+00 1.383979000000000070e+00 6.729117000000000015e-01
1.135094999999999993e-01 0.000000000000000000e+00 1.383923000000000014e+00 6.729036999999999935e-01
1.137592000000000048e-01 0.000000000000000000e+00 1.383866999999999958e+00 6.728956999999999855e-01
1.140088999999999964e-01 0.000000000000000000e+00 1.383810999999999902e+00 6.728876999999999775e-01
1.142586000000000018e-01 0.000000000000000000e+00 1.383755000000000068e+00 6.728796999999999695e-01
1.145082999999999934e-01 0.000000000000000000e+00 1.383698000000000095e+00 6.728716999999999615e-01
1.147581000000000018e-01 0.000000000000000000e+00 1.383642000000000039e+00 6.728636000000000061e-01
1.150077999999999934e-01 0.000000000000000000e+00 1.383585000000000065e+00 6.728555000000000508e-01
1.152574999999999988e-01 0.000000000000000000e+00 1.383528000000000091e+00 6.728473999999999844e-01
1.155072000000000043e-01 0.000000000000000000e+00 1.383470999999999895e+00 6.728393000000000290e-01
1.157568999999999959e-01 0.000000000000000000e+00 1.383413000000000004e+00 6.728311000000000153e-01
1.160066000000000014e-01 0.000000000000000000e+00 1.383356000000000030e+00 6.728229000000000015e-01
1.162563000000000069e-01 0.000000000000000000e+00 1.383297999999999917e+00 6.728146000000000404e-01
1.165061000000000013e-01 0.000000000000000000e+00 1.383240000000000025e+00 6.728062000000000209e-01
1.167558000000000068e-01 0.000000000000000000e+00 1.383181999999999912e+00 6.727978000000000014e-01
1.170054999999999984e-01 0.000000000000000000e+00 1.383124000000000020e+00 6.727893000000000345e-01
1.172552000000000039e-01 0.000000000000000000e+00 1.383064999999999989e+00 6.727807999999999566e-01
1.175048999999999955e-01 0.000000000000000000e+00 1.383007000000000097e+00 6.727720999999999840e-01
1.177546000000000009e-01 0.000000000000000000e+00 1.382948000000000066e+00 6.727634000000000114e-01
1.180043000000000064e-01 0.000000000000000000e+00 1.382888999999999813e+00 6.727545999999999804e-01
1.182539999999999980e-01 0.000000000000000000e+00 1.382830000000000004e+00 6.727457000000000020e-01
1.185038000000000064e-01 0.000000000000000000e+00 1.382770000000000055e+00 6.727366000000000179e-01
1.187534999999999979e-01 0.000000000000000000e+00 1.382711000000000023e+00 6.727275000000000338e-01
1.190032000000000034e-01 0.000000000000000000e+00 1.382651000000000074e+00 6.727182999999999913e-01
1.192528999999999950e-01 0.000000000000000000e+00 1.382590999999999903e+00 6.727089000000000540e-01
1.195026000000000005e-01 0.000000000000000000e+00 1.382530999999999954e+00 6.726993999999999474e-01
1.197523000000000060e-01 0.000000000000000000e+00 1.382471000000000005e+00 6.726898000000000044e-01
1.200019999999999976e-01 0.000000000000000000e+00 1.382411000000000056e+00 6.726799999999999446e-01
1.202518000000000059e-01 0.000000000000000000e+00 1.382349999999999968e+00 6.726701000000000485e-01
1.205014999999999975e-01 0.000000000000000000e+00 1.382288999999999879e+00 6.726600000000000357e-01
1.207512000000000030e-01 0.000000000000000000e+00 1.382228000000000012e+00 6.726497999999999644e-01
1.210008999999999946e-01 0.000000000000000000e+00 1.382166999999999923e+00 6.726393999999999984e-01
1.212506000000000000e-01 0.000000000000000000e+00 1.382106000000000057e+00 6.726288999999999740e-01
1.215003000000000055e-01 0.000000000000000000e+00 1.382044000000000050e+00 6.726180999999999965e-01
1.217499999999999971e-01 0.000000000000000000e+00 1.381982999999999961e+00 6.726071999999999607e-01
1.219998000000000055e-01 0.000000000000000000e+00 1.381920999999999955e+00 6.725961000000000301e-01
1.222494999999999971e-01 0.000000000000000000e+00 1.381858999999999948e+00 6.725849000000000411e-01
1.224992000000000025e-01 0.000000000000000000e+00 1.381796999999999942e+00 6.725733999999999879e-01
1.227488999999999941e-01 0.000000000000000000e+00 1.381734000000000018e+00 6.725617000000000401e-01
1.229985999999999996e-01 0.000000000000000000e+00 1.381672000000000011e+00 6.725497999999999754e-01
1.232483000000000051e-01 0.000000000000000000e+00 1.381608999999999865e+00 6.725375999999999577e-01
1.234979999999999967e-01 0.000000000000000000e+00 1.381545999999999941e+00 6.725252999999999926e-01
1.237477000000000021e-01 0.000000000000000000e+00 1.381483000000000017e+00 6.725126999999999633e-01
1.239974999999999966e-01 0.000000000000000000e+00 1.381419000000000175e+00 6.724999000000000393e-01
1.242472000000000021e-01 0.000000000000000000e+00 1.381356000000000028e+00 6.724868000000000512e-01
1.244968999999999937e-01 0.000000000000000000e+00 1.381291999999999964e+00 6.724734999999999463e-01
1.247465999999999992e-01 0.000000000000000000e+00 1.381228000000000122e+00 6.724598999999999993e-01
1.249963000000000046e-01 0.000000000000000000e+00 1.381164000000000058e+00 6.724461000000000466e-01
1.252459999999999962e-01 0.000000000000000000e+00 1.381099999999999994e+00 6.724320000000000297e-01
1.254956999999999878e-01 0.000000000000000000e+00 1.381035000000000013e+00 6.724175999999999487e-01
1.257455000000000100e-01 0.000000000000000000e+00 1.380970000000000031e+00 6.724029000000000256e-01
1.259952000000000016e-01 0.000000000000000000e+00 1.380905000000000049e+00 6.723879000000000383e-01
1.262448999999999932e-01 0.000000000000000000e+00 1.380839999999999845e+00 6.723727000000000453e-01
1.264946000000000126e-01 0.000000000000000000e+00 1.380775000000000086e+00 6.723571000000000408e-01
1.267443000000000042e-01 0.000000000000000000e+00 1.380710000000000104e+00 6.723411999999999722e-01
1.269939999999999958e-01 0.000000000000000000e+00 1.380643999999999982e+00 6.723249999999999504e-01
1.272436999999999874e-01 0.000000000000000000e+00 1.380578000000000083e+00 6.723084999999999756e-01
1.274934000000000067e-01 0.000000000000000000e+00 1.380511999999999961e+00 6.722915999999999892e-01
1.277432000000000012e-01 0.000000000000000000e+00 1.380444999999999922e+00 6.722744000000000497e-01
1.279928999999999928e-01 0.000000000000000000e+00 1.380378999999999801e+00 6.722567999999999877e-01
1.282426000000000121e-01 0.000000000000000000e+00 1.380311999999999983e+00 6.722388999999999726e-01
1.284923000000000037e-01 0.000000000000000000e+00 1.380244999999999944e+00 6.722205999999999460e-01
1.287419999999999953e-01 0.000000000000000000e+00 1.380178000000000127e+00 6.722019999999999662e-01
1.289916999999999869e-01 0.000000000000000000e+00 1.380111000000000088e+00 6.721829000000000276e-01
1.292414000000000063e-01 0.000000000000000000e+00 1.380042999999999909e+00 6.721635999999999722e-01
1.294912000000000007e-01 0.000000000000000000e+00 1.379974999999999952e+00 6.721439000000000163e-01
1.297408999999999923e-01 0.000000000000000000e+00 1.379906999999999995e+00 6.721238000000000490e-01
1.299906000000000117e-01 0.000000000000000000e+00 1.379839000000000038e+00 6.721032999999999591e-01
1.302403000000000033e-01 0.000000000000000000e+00 1.379770999999999859e+00 6.720825000000000271e-01
1.304899999999999949e-01 0.000000000000000000e+00 1.379701999999999984e+00 6.720612999999999726e-01
1.307396999999999865e-01 0.000000000000000000e+00 1.379633000000000109e+00 6.720397000000000176e-01
1.309894000000000058e-01 0.000000000000000000e+00 1.379564000000000012e+00 6.720177999999999985e-01
1.312390999999999974e-01 0.000000000000000000e+00 1.379494999999999916e+00 6.719954999999999679e-01
1.314888999999999919e-01 0.000000000000000000e+00 1.379424999999999901e+00 6.719728000000000367e-01
1.317386000000000112e-01 0.000000000000000000e+00 1.379356000000000027e+00 6.719498000000000415e-01
1.319883000000000028e-01 0.000000000000000000e+00 1.379286000000000012e+00 6.719264000000000348e-01
1.322379999999999944e-01 0.000000000000000000e+00 1.379214999999999858e+00 6.719026000000000165e-01
1.324877000000000138e-01 0.000000000000000000e+00 1.379145000000000065e+00 6.718783999999999867e-01
1.327374000000000054e-01 0.000000000000000000e+00 1.379074000000000133e+00 6.718537999999999455e-01
1.329870999999999970e-01 0.000000000000000000e+00 1.379002999999999979e+00 6.718288999999999511e-01
1.332368999999999915e-01 0.000000000000000000e+00 1.378932000000000047e+00 6.718035999999999452e-01
1.334866000000000108e-01 0.000000000000000000e+00 1.378861000000000114e+00 6.717779999999999863e-01
1.337363000000000024e-01 0.000000000000000000e+00 1.378789000000000042e+00 6.717520000000000158e-01
1.339859999999999940e-01 0.000000000000000000e+00 1.378718000000000110e+00 6.717256000000000338e-01
1.342357000000000133e-01 0.000000000000000000e+00 1.378646000000000038e+00 6.716988000000000403e-01
1.344854000000000049e-01 0.000000000000000000e+00 1.378573000000000048e+00 6.716716999999999826e-01
1.347350999999999965e-01 0.000000000000000000e+00 1.378500999999999976e+00 6.716442999999999719e-01
1.349847999999999881e-01 0.000000000000000000e+00 1.378428000000000209e+00 6.716164999999999496e-01
1.352346000000000104e-01 0.000000000000000000e+00 1.378354999999999997e+00 6.715883000000000269e-01
1.354843000000000020e-01 0.000000000000000000e+00 1.378282000000000007e+00 6.715598999999999874e-01
1.357339999999999935e-01 0.000000000000000000e+00 1.378209000000000017e+00 6.715309999999999890e-01
1.359837000000000129e-01 0.000000000000000000e+00 1.378134999999999888e+00 6.715018999999999849e-01
1.362334000000000045e-01 0.000000000000000000e+00 1.378060999999999980e+00 6.714723999999999693e-01
1.364830999999999961e-01 0.000000000000000000e+00 1.377987000000000073e+00 6.714425000000000532e-01
1.367327999999999877e-01 0.000000000000000000e+00 1.377912999999999943e+00 6.714124000000000203e-01
1.369826000000000099e-01 0.000000000000000000e+00 1.377837999999999896e+00 6.713818999999999759e-01
1.372323000000000015e-01 0.000000000000000000e+00 1.377762999999999849e+00 6.713510999999999784e-01
1.374819999999999931e-01 0.000000000000000000e+00 1.377688000000000024e+00 6.713198999999999694e-01
1.377317000000000125e-01 0.000000000000000000e+00 1.377612999999999976e+00 6.712884999999999547e-01
1.379814000000000040e-01 0.000000000000000000e+00 1.377537999999999929e+00 6.712567000000000395e-01
1.382310999999999956e-01 0.000000000000000000e+00 1.377461999999999964e+00 6.712247000000000074e-01
1.384807999999999872e-01 0.000000000000000000e+00 1.377385999999999999e+00 6.711922999999999639e-01
1.387306000000000095e-01 0.000000000000000000e+00 1.377310000000000034e+00 6.711595999999999673e-01
1.389803000000000011e-01 0.000000000000000000e+00 1.377232999999999929e+00 6.711266000000000176e-01
1.392299999999999927e-01 0.000000000000000000e+00 1.377156000000000047e+00 6.710933000000000037e-01
1.394797000000000120e-01 0.000000000000000000e+00 1.377079999999999860e+00 6.710597999999999841e-01
1.397294000000000036e-01 0.000000000000000000e+00 1.377002000000000059e+00 6.710258999999999530e-01
1.399790999999999952e-01 0.000000000000000000e+00 1.376924999999999955e+00 6.709916999999999687e-01
1.402287999999999868e-01 0.000000000000000000e+00 1.376846999999999932e+00 6.709572999999999787e-01
1.404785000000000061e-01 0.000000000000000000e+00 1.376768999999999910e+00 6.709224999999999772e-01
1.407283000000000006e-01 0.000000000000000000e+00 1.376691000000000109e+00 6.708874999999999700e-01
1.409779999999999922e-01 0.000000000000000000e+00 1.376613000000000087e+00 6.708522000000000096e-01
1.412277000000000116e-01 0.000000000000000000e+00 1.376534000000000146e+00 6.708167000000000435e-01
1.414774000000000032e-01 0.000000000000000000e+00 1.376454999999999984e+00 6.707807999999999549e-01
1.417270999999999948e-01 0.000000000000000000e+00 1.376376000000000044e+00 6.707446999999999715e-01
1.419767999999999863e-01 0.000000000000000000e+00 1.376297000000000104e+00 6.707083000000000350e-01
1.422265000000000057e-01 0.000000000000000000e+00 1.376218000000000163e+00 6.706716000000000344e-01
1.424763000000000002e-01 0.000000000000000000e+00 1.376137999999999861e+00 6.706345999999999696e-01
1.427259999999999918e-01 0.000000000000000000e+00 1.376058000000000003e+00 6.705974000000000101e-01
1.429757000000000111e-01 0.000000000000000000e+00 1.375977000000000006e+00 6.705598999999999865e-01
1.432254000000000027e-01 0.000000000000000000e+00 1.375896999999999926e+00 6.705221000000000098e-01
1.434750999999999943e-01 0.000000000000000000e+00 1.375815999999999928e+00 6.704841000000000273e-01
1.437248000000000137e-01 0.000000000000000000e+00 1.375734999999999930e+00 6.704457999999999807e-01
1.439745000000000053e-01 0.000000000000000000e+00 1.375653999999999932e+00 6.704071999999999809e-01
1.442241999999999968e-01 0.000000000000000000e+00 1.375571999999999795e+00 6.703683999999999754e-01
1.444739999999999913e-01 0.000000000000000000e+00 1.375490000000000101e+00 6.703291999999999584e-01
1.447237000000000107e-01 0.000000000000000000e+00 1.375407999999999964e+00 6.702898999999999941e-01
1.449734000000000023e-01 0.000000000000000000e+00 1.375326000000000048e+00 6.702502000000000182e-01
1.452230999999999939e-01 0.000000000000000000e+00 1.375243999999999911e+00 6.702103000000000366e-01
1.454728000000000132e-01 0.000000000000000000e+00 1.375161000000000078e+00 6.701700999999999908e-01
1.457225000000000048e-01 0.000000000000000000e+00 1.375078000000000022e+00 6.701297000000000503e-01
1.459721999999999964e-01 0.000000000000000000e+00 1.374994999999999967e+00 6.700890000000000457e-01
1.462219999999999909e-01 0.000000000000000000e+00 1.374910999999999994e+00 6.700481000000000353e-01
1.464717000000000102e-01 0.000000000000000000e+00 1.374827999999999939e+00 6.700070000000000192e-01
1.467214000000000018e-01 0.000000000000000000e+00 1.374743999999999966e+00 6.699656000000000500e-01
1.469710999999999934e-01 0.000000000000000000e+00 1.374659000000000075e+00 6.699239000000000166e-01
1.472208000000000128e-01 0.000000000000000000e+00 1.374575000000000102e+00 6.698819999999999775e-01
1.474705000000000044e-01 0.000000000000000000e+00 1.374489999999999990e+00 6.698399000000000436e-01
1.477201999999999960e-01 0.000000000000000000e+00 1.374404999999999877e+00 6.697975999999999930e-01
1.479698999999999875e-01 0.000000000000000000e+00 1.374319999999999986e+00 6.697551000000000476e-01
1.482197000000000098e-01 0.000000000000000000e+00 1.374233999999999956e+00 6.697123000000000381e-01
1.484694000000000014e-01 0.000000000000000000e+00 1.374148999999999843e+00 6.696693999999999702e-01
1.487190999999999930e-01 0.000000000000000000e+00 1.374063000000000034e+00 6.696261999999999492e-01
1.489688000000000123e-01 0.000000000000000000e+00 1.373977000000000004e+00 6.695828000000000335e-01
1.492185000000000039e-01 0.000000000000000000e+00 1.373890000000000056e+00 6.695392000000000010e-01
1.494681999999999955e-01 0.000000000000000000e+00 1.373803000000000107e+00 6.694955000000000211e-01
1.497178999999999871e-01 0.000000000000000000e+00 1.373715999999999937e+00 6.694514999999999771e-01
1.499677000000000093e-01 0.000000000000000000e+00 1.373628999999999989e+00 6.694073000000000384e-01
1.502174000000000009e-01 0.000000000000000000e+00 1.373541999999999819e+00 6.693630000000000413e-01
1.504670999999999925e-01 0.000000000000000000e+00 1.373453999999999953e+00 6.693185000000000384e-01
1.507168000000000119e-01 0.000000000000000000e+00 1.373366000000000087e+00 6.692738000000000298e-01
1.509665000000000035e-01 0.000000000000000000e+00 1.373277999999999999e+00 6.692289000000000154e-01
1.512161999999999951e-01 0.000000000000000000e+00 1.373188999999999993e+00 6.691839000000000537e-01
1.514658999999999867e-01 0.000000000000000000e+00 1.373099999999999987e+00 6.691386999999999752e-01
1.517156000000000060e-01 0.000000000000000000e+00 1.373010999999999981e+00 6.690933999999999493e-01
1.519654000000000005e-01 0.000000000000000000e+00 1.372921999999999976e+00 6.690479000000000287e-01
1.522150999999999921e-01 0.000000000000000000e+00 1.372833000000000192e+00 6.690023000000000497e-01
1.524648000000000114e-01 0.000000000000000000e+00 1.372743000000000047e+00 6.689564999999999539e-01
1.527145000000000030e-01 0.000000000000000000e+00 1.372653000000000123e+00 6.689106000000000218e-01
1.529641999999999946e-01 0.000000000000000000e+00 1.372563000000000200e+00 6.688644999999999730e-01
1.532138999999999862e-01 0.000000000000000000e+00 1.372471999999999914e+00 6.688182999999999767e-01
1.534636000000000056e-01 0.000000000000000000e+00 1.372381000000000073e+00 6.687720000000000331e-01
1.537134000000000000e-01 0.000000000000000000e+00 1.372290000000000010e+00 6.687254999999999727e-01
1.539630999999999916e-01 0.000000000000000000e+00 1.372199000000000169e+00 6.686788999999999650e-01
1.542128000000000110e-01 0.000000000000000000e+00 1.372107999999999883e+00 6.686322000000000099e-01
1.544625000000000026e-01 0.000000000000000000e+00 1.372016000000000124e+00 6.685853000000000490e-01
1.547121999999999942e-01 0.000000000000000000e+00 1.371923999999999921e+00 6.685383999999999771e-01
1.549619000000000135e-01 0.000000000000000000e+00 1.371830999999999801e+00 6.684913000000000105e-01
1.552116000000000051e-01 0.000000000000000000e+00 1.371739000000000042e+00 6.684440999999999855e-01
1.554613999999999996e-01 0.000000000000000000e+00 1.371645999999999921e+00 6.683968000000000131e-01
1.557110999999999912e-01 0.000000000000000000e+00 1.371553000000000022e+00 6.683493000000000350e-01
1.559608000000000105e-01 0.000000000000000000e+00 1.371460000000000123e+00 6.683017999999999459e-01
1.562105000000000021e-01 0.000000000000000000e+00 1.371366000000000085e+00 6.682540999999999620e-01
1.564601999999999937e-01 0.000000000000000000e+00 1.371271999999999824e+00 6.682063000000000308e-01
1.567099000000000131e-01 0.000000000000000000e+00 1.371178000000000008e+00 6.681584000000000412e-01
1.569596000000000047e-01 0.000000000000000000e+00 1.371083999999999969e+00 6.681105000000000516e-01
1.572092999999999963e-01 0.000000000000000000e+00 1.370989000000000013e+00 6.680623999999999452e-01
1.574590999999999907e-01 0.000000000000000000e+00 1.370894000000000057e+00 6.680142000000000024e-01
1.577088000000000101e-01 0.000000000000000000e+00 1.370798999999999879e+00 6.679659999999999487e-01
1.579585000000000017e-01 0.000000000000000000e+00 1.370703999999999922e+00 6.679176999999999476e-01
1.582081999999999933e-01 0.000000000000000000e+00 1.370608000000000049e+00 6.678692999999999991e-01
1.584579000000000126e-01 0.000000000000000000e+00 1.370511999999999952e+00 6.678207999999999922e-01
1.587076000000000042e-01 0.000000000000000000e+00 1.370415999999999856e+00 6.677722999999999853e-01
1.589572999999999958e-01 0.000000000000000000e+00 1.370319999999999983e+00 6.677237999999999785e-01
1.592070999999999903e-01 0.000000000000000000e+00 1.370222999999999969e+00 6.676750999999999658e-01
1.594568000000000096e-01 0.000000000000000000e+00 1.370125999999999955e+00 6.676265000000000116e-01
1.597065000000000012e-01 0.000000000000000000e+00 1.370028999999999941e+00 6.675777999999999990e-01
1.599561999999999928e-01 0.000000000000000000e+00 1.369931999999999928e+00 6.675290999999999864e-01
1.602059000000000122e-01 0.000000000000000000e+00 1.369833999999999996e+00 6.674803000000000264e-01
1.604556000000000038e-01 0.000000000000000000e+00 1.369736000000000065e+00 6.674314999999999554e-01
1.607052999999999954e-01 0.000000000000000000e+00 1.369637999999999911e+00 6.673826999999999954e-01
1.609549999999999870e-01 0.000000000000000000e+00 1.369539999999999980e+00 6.673339000000000354e-01
1.612048000000000092e-01 0.000000000000000000e+00 1.369441000000000130e+00 6.672850999999999644e-01
1.614545000000000008e-01 0.000000000000000000e+00 1.369342000000000059e+00 6.672363000000000044e-01
1.617041999999999924e-01 0.000000000000000000e+00 1.369242999999999988e+00 6.671875000000000444e-01
1.619539000000000117e-01 0.000000000000000000e+00 1.369143999999999917e+00 6.671386000000000260e-01
1.622036000000000033e-01 0.000000000000000000e+00 1.369044000000000150e+00 6.670899000000000134e-01
1.624532999999999949e-01 0.000000000000000000e+00 1.368943999999999939e+00 6.670411000000000534e-01
1.627029999999999865e-01 0.000000000000000000e+00 1.368843999999999950e+00 6.669922999999999824e-01
1.629528000000000088e-01 0.000000000000000000e+00 1.368743999999999961e+00 6.669435999999999698e-01
1.632025000000000003e-01 0.000000000000000000e+00 1.368643000000000054e+00 6.668950000000000156e-01
1.634521999999999919e-01 0.000000000000000000e+00 1.368541999999999925e+00 6.668463000000000029e-01
1.637019000000000113e-01 0.000000000000000000e+00 1.368441000000000018e+00 6.667977000000000487e-01
1.639516000000000029e-01 0.000000000000000000e+00 1.368339999999999890e+00 6.667492000000000418e-01
1.642012999999999945e-01 0.000000000000000000e+00 1.368238000000000065e+00 6.667007000000000350e-01
1.644510000000000138e-01 0.000000000000000000e+00 1.368136000000000019e+00 6.666522999999999755e-01
1.647007000000000054e-01 0.000000000000000000e+00 1.368034000000000194e+00 6.666039000000000270e-01
1.649504999999999999e-01 0.000000000000000000e+00 1.367931999999999926e+00 6.665556000000000259e-01
1.652001999999999915e-01 0.000000000000000000e+00 1.367828999999999962e+00 6.665073000000000247e-01
1.654499000000000108e-01 0.000000000000000000e+00 1.367726000000000219e+00 6.664590999999999710e-01
1.656996000000000024e-01 0.000000000000000000e+00 1.367623000000000033e+00 6.664109999999999756e-01
1.659492999999999940e-01 0.000000000000000000e+00 1.367520000000000069e+00 6.663628999999999802e-01
1.661990000000000134e-01 0.000000000000000000e+00 1.367415999999999965e+00 6.663149000000000433e-01
1.664487000000000050e-01 0.000000000000000000e+00 1.367313000000000001e+00 6.662668999999999953e-01
1.666984999999999995e-01 0.000000000000000000e+00 1.367207999999999979e+00 6.662190000000000056e-01
1.669481999999999911e-01 0.000000000000000000e+00 1.367104000000000097e+00 6.661711999999999634e-01
1.671979000000000104e-01 0.000000000000000000e+00 1.366999999999999993e+00 6.661234999999999795e-01
1.674476000000000020e-01 0.000000000000000000e+00 1.366894999999999971e+00 6.660757999999999956e-01
1.676972999999999936e-01 0.000000000000000000e+00 1.366789999999999949e+00 6.660281999999999591e-01
1.679470000000000129e-01 0.000000000000000000e+00 1.366684999999999928e+00 6.659806999999999810e-01
1.681967000000000045e-01 0.000000000000000000e+00 1.366578999999999988e+00 6.659332000000000029e-01
1.684463999999999961e-01 0.000000000000000000e+00 1.366473000000000049e+00 6.658857999999999722e-01
1.686961999999999906e-01 0.000000000000000000e+00 1.366368000000000027e+00 6.658384999999999998e-01
1.689459000000000100e-01 0.000000000000000000e+00 1.366260999999999948e+00 6.657912000000000274e-01
1.691956000000000016e-01 0.000000000000000000e+00 1.366155000000000008e+00 6.657440000000000024e-01
1.694452999999999931e-01 0.000000000000000000e+00 1.366047999999999929e+00 6.656967999999999774e-01
1.696950000000000125e-01 0.000000000000000000e+00 1.365941000000000072e+00 6.656497000000000108e-01
1.699447000000000041e-01 0.000000000000000000e+00 1.365833999999999993e+00 6.656026999999999916e-01
1.701943999999999957e-01 0.000000000000000000e+00 1.365727000000000135e+00 6.655556999999999723e-01
1.704441999999999902e-01 0.000000000000000000e+00 1.365618999999999916e+00 6.655086999999999531e-01
1.706939000000000095e-01 0.000000000000000000e+00 1.365510999999999919e+00 6.654617999999999922e-01
1.709436000000000011e-01 0.000000000000000000e+00 1.365402999999999922e+00 6.654149999999999787e-01
1.711932999999999927e-01 0.000000000000000000e+00 1.365295000000000147e+00 6.653681999999999652e-01
1.714430000000000121e-01 0.000000000000000000e+00 1.365186000000000011e+00 6.653215000000000101e-01
1.716927000000000036e-01 0.000000000000000000e+00 1.365077000000000096e+00 6.652748000000000550e-01
1.719423999999999952e-01 0.000000000000000000e+00 1.364968000000000181e+00 6.652280999999999889e-01
1.721921999999999897e-01 0.000000000000000000e+00 1.364858999999999822e+00 6.651814999999999811e-01
1.724419000000000091e-01 0.000000000000000000e+00 1.364748999999999990e+00 6.651350000000000318e-01
1.726916000000000007e-01 0.000000000000000000e+00 1.364638999999999935e+00 6.650884000000000240e-01
1.729412999999999923e-01 0.000000000000000000e+00 1.364529000000000103e+00 6.650418999999999636e-01
1.731910000000000116e-01 0.000000000000000000e+00 1.364419000000000048e+00 6.649954000000000143e-01
1.734407000000000032e-01 0.000000000000000000e+00 1.364308000000000076e+00 6.649490000000000123e-01
1.736903999999999948e-01 0.000000000000000000e+00 1.364196999999999882e+00 6.649026000000000103e-01
1.739400999999999864e-01 0.000000000000000000e+00 1.364085999999999910e+00 6.648562000000000083e-01
1.741899000000000086e-01 0.000000000000000000e+00 1.363974999999999937e+00 6.648098000000000063e-01
1.744396000000000002e-01 0.000000000000000000e+00 1.363863000000000048e+00 6.647634999999999517e-01
1.746892999999999918e-01 0.000000000000000000e+00 1.363750999999999935e+00 6.647172000000000081e-01
1.749390000000000112e-01 0.000000000000000000e+00 1.363638999999999823e+00 6.646708999999999534e-01
1.751887000000000028e-01 0.000000000000000000e+00 1.363526999999999934e+00 6.646246000000000098e-01
1.754383999999999943e-01 0.000000000000000000e+00 1.363413999999999904e+00 6.645782999999999552e-01
1.756881000000000137e-01 0.000000000000000000e+00 1.363300999999999874e+00 6.645320999999999589e-01
1.759379000000000082e-01 0.000000000000000000e+00 1.363188000000000066e+00 6.644858999999999627e-01
1.761875999999999998e-01 0.000000000000000000e+00 1.363075000000000037e+00 6.644396999999999665e-01
1.764372999999999914e-01 0.000000000000000000e+00 1.362961000000000089e+00 6.643936000000000286e-01
1.766870000000000107e-01 0.000000000000000000e+00 1.362846999999999920e+00 6.643474999999999797e-01
1.769367000000000023e-01 0.000000000000000000e+00 1.362732999999999972e+00 6.643014000000000419e-01
1.771863999999999939e-01 0.000000000000000000e+00 1.362619000000000025e+00 6.642552999999999930e-01
1.774361000000000133e-01 0.000000000000000000e+00 1.362503999999999937e+00 6.642092000000000551e-01
1.776858000000000049e-01 0.000000000000000000e+00 1.362388999999999850e+00 6.641631999999999536e-01
1.779355999999999993e-01 0.000000000000000000e+00 1.362273999999999985e+00 6.641171999999999631e-01
1.781852999999999909e-01 0.000000000000000000e+00 1.362159000000000120e+00 6.640711999999999726e-01
1.784350000000000103e-01 0.000000000000000000e+00 1.362042999999999893e+00 6.640253000000000405e-01
1.786847000000000019e-01 0.000000000000000000e+00 1.361926999999999888e+00 6.639793000000000500e-01
1.789343999999999935e-01 0.000000000000000000e+00 1.361810999999999883e+00 6.639334000000000069e-01
1.791841000000000128e-01 0.000000000000000000e+00 1.361694999999999878e+00 6.638874999999999638e-01
1.794338000000000044e-01 0.000000000000000000e+00 1.361577999999999955e+00 6.638416000000000317e-01
1.796835999999999989e-01 0.000000000000000000e+00 1.361461000000000032e+00 6.637958000000000469e-01
1.799332999999999905e-01 0.000000000000000000e+00 1.361344000000000110e+00 6.637499000000000038e-01
1.801830000000000098e-01 0.000000000000000000e+00 1.361227000000000187e+00 6.637041000000000190e-01
1.804327000000000014e-01 0.000000000000000000e+00 1.361108999999999902e+00 6.636581999999999759e-01
1.806823999999999930e-01 0.000000000000000000e+00 1.360991000000000062e+00 6.636123999999999912e-01
1.809321000000000124e-01 0.000000000000000000e+00 1.360872999999999999e+00 6.635666000000000064e-01
1.811818000000000040e-01 0.000000000000000000e+00 1.360753999999999797e+00 6.635208000000000217e-01
1.814314999999999956e-01 0.000000000000000000e+00 1.360635999999999957e+00 6.634750000000000369e-01
1.816812999999999900e-01 0.000000000000000000e+00 1.360516999999999976e+00 6.634292000000000522e-01
1.819310000000000094e-01 0.000000000000000000e+00 1.360396999999999856e+00 6.633833999999999564e-01
1.821807000000000010e-01 0.000000000000000000e+00 1.360278000000000098e+00 6.633377000000000301e-01
1.824303999999999926e-01 0.000000000000000000e+00 1.360157999999999978e+00 6.632919000000000453e-01
1.826801000000000119e-01 0.000000000000000000e+00 1.360038000000000080e+00 6.632460999999999496e-01
1.829298000000000035e-01 0.000000000000000000e+00 1.359917999999999960e+00 6.632002999999999648e-01
1.831794999999999951e-01 0.000000000000000000e+00 1.359796999999999922e+00 6.631544000000000327e-01
1.834292999999999896e-01 0.000000000000000000e+00 1.359676999999999802e+00 6.631086000000000480e-01
1.836790000000000089e-01 0.000000000000000000e+00 1.359555000000000069e+00 6.630627999999999522e-01
1.839287000000000005e-01 0.000000000000000000e+00 1.359434000000000031e+00 6.630169000000000201e-01
1.841783999999999921e-01 0.000000000000000000e+00 1.359312999999999994e+00 6.629709999999999770e-01
1.844281000000000115e-01 0.000000000000000000e+00 1.359191000000000038e+00 6.629251000000000449e-01
1.846778000000000031e-01 0.000000000000000000e+00 1.359068999999999861e+00 6.628792000000000018e-01
1.849274999999999947e-01 0.000000000000000000e+00 1.358945999999999987e+00 6.628332999999999586e-01
1.851771999999999863e-01 0.000000000000000000e+00 1.358824000000000032e+00 6.627872999999999681e-01
1.854270000000000085e-01 0.000000000000000000e+00 1.358700999999999937e+00 6.627412999999999776e-01
1.856767000000000001e-01 0.000000000000000000e+00 1.358578000000000063e+00 6.626952999999999872e-01
1.859263999999999917e-01 0.000000000000000000e+00 1.358454000000000050e+00 6.626492999999999967e-01
1.861761000000000110e-01 0.000000000000000000e+00 1.358330999999999955e+00 6.626033000000000062e-01
1.864258000000000026e-01 0.000000000000000000e+00 1.358207000000000164e+00 6.625571999999999573e-01
1.866754999999999942e-01 0.000000000000000000e+00 1.358082000000000011e+00 6.625111000000000194e-01
1.869252000000000136e-01 0.000000000000000000e+00 1.357957999999999998e+00 6.624649000000000232e-01
1.871750000000000080e-01 0.000000000000000000e+00 1.357833000000000068e+00 6.624187999999999743e-01
1.874246999999999996e-01 0.000000000000000000e+00 1.357708000000000137e+00 6.623725999999999781e-01
1.876743999999999912e-01 0.000000000000000000e+00 1.357582999999999984e+00 6.623263000000000345e-01
1.879241000000000106e-01 0.000000000000000000e+00 1.357457000000000136e+00 6.622801000000000382e-01
1.881738000000000022e-01 0.000000000000000000e+00 1.357332000000000205e+00 6.622337999999999836e-01
1.884234999999999938e-01 0.000000000000000000e+00 1.357205999999999912e+00 6.621873999999999816e-01
1.886732000000000131e-01 0.000000000000000000e+00 1.357078999999999924e+00 6.621411000000000380e-01
1.889230000000000076e-01 0.000000000000000000e+00 1.356953000000000076e+00 6.620947000000000360e-01
1.891726999999999992e-01 0.000000000000000000e+00 1.356826000000000088e+00 6.620481999999999756e-01
1.894223999999999908e-01 0.000000000000000000e+00 1.356699000000000099e+00 6.620017000000000262e-01
1.896721000000000101e-01 0.000000000000000000e+00 1.356570999999999971e+00 6.619551999999999659e-01
1.899218000000000017e-01 0.000000000000000000e+00 1.356443999999999983e+00 6.619085999999999581e-01
1.901714999999999933e-01 0.000000000000000000e+00 1.356316000000000077e+00 6.618619999999999504e-01
1.904212000000000127e-01 0.000000000000000000e+00 1.356186999999999809e+00 6.618152999999999953e-01
1.906709000000000043e-01 0.000000000000000000e+00 1.356058999999999903e+00 6.617686000000000401e-01
1.909206999999999987e-01 0.000000000000000000e+00 1.355930000000000080e+00 6.617218000000000266e-01
1.911703999999999903e-01 0.000000000000000000e+00 1.355801000000000034e+00 6.616750000000000131e-01
1.914201000000000097e-01 0.000000000000000000e+00 1.355671999999999988e+00 6.616281000000000523e-01
1.916698000000000013e-01 0.000000000000000000e+00 1.355542000000000025e+00 6.615811999999999804e-01
1.919194999999999929e-01 0.000000000000000000e+00 1.355412000000000061e+00 6.615341999999999612e-01
1.921692000000000122e-01 0.000000000000000000e+00 1.355281999999999876e+00 6.614870999999999945e-01
1.924189000000000038e-01 0.000000000000000000e+00 1.355152000000000134e+00 6.614400000000000279e-01
1.926686999999999983e-01 0.000000000000000000e+00 1.355021000000000031e+00 6.613928999999999503e-01
1.929183999999999899e-01 0.000000000000000000e+00 1.354890000000000150e+00 6.613455999999999779e-01
1.931681000000000092e-01 0.000000000000000000e+00 1.354759000000000047e+00 6.612983999999999529e-01
1.934178000000000008e-01 0.000000000000000000e+00 1.354627999999999943e+00 6.612510000000000332e-01
1.936674999999999924e-01 0.000000000000000000e+00 1.354496000000000144e+00 6.612036000000000024e-01
1.939172000000000118e-01 0.000000000000000000e+00 1.354364000000000123e+00 6.611561000000000243e-01
1.941669000000000034e-01 0.000000000000000000e+00 1.354231999999999880e+00 6.611084999999999878e-01
1.944165999999999950e-01 0.000000000000000000e+00 1.354098999999999942e+00 6.610608000000000040e-01
1.946663999999999894e-01 0.000000000000000000e+00 1.353966000000000003e+00 6.610131000000000201e-01
1.949161000000000088e-01 0.000000000000000000e+00 1.353833000000000064e+00 6.609652999999999778e-01
1.951658000000000004e-01 0.000000000000000000e+00 1.353700000000000125e+00 6.609175000000000466e-01
1.954154999999999920e-01 0.000000000000000000e+00 1.353566000000000047e+00 6.608694999999999986e-01
1.956652000000000113e-01 0.000000000000000000e+00 1.353431999999999968e+00 6.608214999999999506e-01
1.959149000000000029e-01 0.000000000000000000e+00 1.353298000000000112e+00 6.607733999999999552e-01
1.961645999999999945e-01 0.000000000000000000e+00 1.353163000000000116e+00 6.607252000000000125e-01
1.964143999999999890e-01 0.000000000000000000e+00 1.353029000000000037e+00 6.606769999999999587e-01
1.966641000000000084e-01 0.000000000000000000e+00 1.352894000000000041e+00 6.606286000000000103e-01
1.969137999999999999e-01 0.000000000000000000e+00 1.352758000000000127e+00 6.605801999999999508e-01
1.971634999999999915e-01 0.000000000000000000e+00 1.352623000000000131e+00 6.605317000000000549e-01
1.974132000000000109e-01 0.000000000000000000e+00 1.352486999999999995e+00 6.604830000000000423e-01
1.976629000000000025e-01 0.000000000000000000e+00 1.352351000000000081e+00 6.604343000000000297e-01
1.979125999999999941e-01 0.000000000000000000e+00 1.352214000000000027e+00 6.603856000000000170e-01
1.981623000000000134e-01 0.000000000000000000e+00 1.352077999999999891e+00 6.603366999999999987e-01
1.984121000000000079e-01 0.000000000000000000e+00 1.351941000000000059e+00 6.602877000000000329e-01
1.986617999999999995e-01 0.000000000000000000e+00 1.351803000000000088e+00 6.602386000000000088e-01
1.989114999999999911e-01 0.000000000000000000e+00 1.351666000000000034e+00 6.601894999999999847e-01
1.991612000000000104e-01 0.000000000000000000e+00 1.351528000000000063e+00 6.601401999999999548e-01
1.994109000000000020e-01 0.000000000000000000e+00 1.351390000000000091e+00 6.600909000000000360e-01
1.996605999999999936e-01 0.000000000000000000e+00 1.351251999999999898e+00 6.600414000000000003e-01
1.999103000000000130e-01 0.000000000000000000e+00 1.351113000000000008e+00 6.599918000000000173e-01
2.001601000000000075e-01 0.000000000000000000e+00 1.350973999999999897e+00 6.599422000000000343e-01
2.004097999999999991e-01 0.000000000000000000e+00 1.350835000000000008e+00 6.598924000000000456e-01
2.006594999999999906e-01 0.000000000000000000e+00 1.350694999999999979e+00 6.598424999999999985e-01
2.009092000000000100e-01 0.000000000000000000e+00 1.350555000000000172e+00 6.597925000000000040e-01
2.011589000000000016e-01 0.000000000000000000e+00 1.350414999999999921e+00 6.597423999999999511e-01
2.014085999999999932e-01 0.000000000000000000e+00 1.350275000000000114e+00 6.596921999999999509e-01
2.016583000000000125e-01 0.000000000000000000e+00 1.350133999999999945e+00 6.596417999999999449e-01
2.019080000000000041e-01 0.000000000000000000e+00 1.349993999999999916e+00 6.595914000000000499e-01
2.021577999999999986e-01 0.000000000000000000e+00 1.349852000000000052e+00 6.595408000000000381e-01
2.024074999999999902e-01 0.000000000000000000e+00 1.349711000000000105e+00 6.594900000000000206e-01
2.026572000000000096e-01 0.000000000000000000e+00 1.349569000000000019e+00 6.594392000000000031e-01
2.029069000000000011e-01 0.000000000000000000e+00 1.349426999999999932e+00 6.593881999999999799e-01
2.031565999999999927e-01 0.000000000000000000e+00 1.349285000000000068e+00 6.593371000000000093e-01
2.034063000000000121e-01 0.000000000000000000e+00 1.349142000000000063e+00 6.592858999999999803e-01
2.036560000000000037e-01 0.000000000000000000e+00 1.348999000000000059e+00 6.592344999999999455e-01
2.039057999999999982e-01 0.000000000000000000e+00 1.348856000000000055e+00 6.591829999999999634e-01
2.041554999999999898e-01 0.000000000000000000e+00 1.348713000000000051e+00 6.591312999999999755e-01
2.044052000000000091e-01 0.000000000000000000e+00 1.348568999999999907e+00 6.590795000000000403e-01
2.046549000000000007e-01 0.000000000000000000e+00 1.348424999999999985e+00 6.590276000000000467e-01
2.049045999999999923e-01 0.000000000000000000e+00 1.348280999999999841e+00 6.589753999999999889e-01
2.051543000000000117e-01 0.000000000000000000e+00 1.348136000000000001e+00 6.589232000000000422e-01
2.054040000000000032e-01 0.000000000000000000e+00 1.347990999999999939e+00 6.588707999999999787e-01
2.056537999999999977e-01 0.000000000000000000e+00 1.347846000000000100e+00 6.588182000000000205e-01
2.059034999999999893e-01 0.000000000000000000e+00 1.347701000000000038e+00 6.587653999999999455e-01
2.061532000000000087e-01 0.000000000000000000e+00 1.347555000000000058e+00 6.587125000000000341e-01
2.064029000000000003e-01 0.000000000000000000e+00 1.347409000000000079e+00 6.586594000000000060e-01
2.066525999999999919e-01 0.000000000000000000e+00 1.347262999999999877e+00 6.586062000000000305e-01
2.069023000000000112e-01 0.000000000000000000e+00 1.347116999999999898e+00 6.585528000000000493e-01
2.071520000000000028e-01 0.000000000000000000e+00 1.346970000000000001e+00 6.584991999999999512e-01
2.074016999999999944e-01 0.000000000000000000e+00 1.346823000000000103e+00 6.584455000000000169e-01
2.076514999999999889e-01 0.000000000000000000e+00 1.346674999999999844e+00 6.583915999999999658e-01
2.079012000000000082e-01 0.000000000000000000e+00 1.346527999999999947e+00 6.583375000000000199e-01
2.081508999999999998e-01 0.000000000000000000e+00 1.346380000000000132e+00 6.582833000000000157e-01
2.084005999999999914e-01 0.000000000000000000e+00 1.346230999999999955e+00 6.582289000000000057e-01
2.086503000000000108e-01 0.000000000000000000e+00 1.346083000000000141e+00 6.581742999999999899e-01
2.089000000000000024e-01 0.000000000000000000e+00 1.345933999999999964e+00 6.581196000000000268e-01
2.091496999999999939e-01 0.000000000000000000e+00 1.345785000000000009e+00 6.580646999999999469e-01
2.093994999999999884e-01 0.000000000000000000e+00 1.345636000000000054e+00 6.580095999999999723e-01
2.096492000000000078e-01 0.000000000000000000e+00 1.345486000000000182e+00 6.579544000000000503e-01
2.098988999999999994e-01 0.000000000000000000e+00 1.345336000000000087e+00 6.578990000000000116e-01
2.101485999999999910e-01 0.000000000000000000e+00 1.345185999999999993e+00 6.578433999999999671e-01
2.103983000000000103e-01 0.000000000000000000e+00 1.345036000000000120e+00 6.577876999999999752e-01
2.106480000000000019e-01 0.000000000000000000e+00 1.344884999999999886e+00 6.577317999999999776e-01
2.108976999999999935e-01 0.000000000000000000e+00 1.344733999999999874e+00 6.576756999999999742e-01
2.111474000000000129e-01 0.000000000000000000e+00 1.344583000000000084e+00 6.576195000000000235e-01
2.113972000000000073e-01 0.000000000000000000e+00 1.344430999999999932e+00 6.575630999999999560e-01
2.116468999999999989e-01 0.000000000000000000e+00 1.344279000000000002e+00 6.575064999999999937e-01
2.118965999999999905e-01 0.000000000000000000e+00 1.344126999999999850e+00 6.574497999999999731e-01
2.121463000000000099e-01 0.000000000000000000e+00 1.343974000000000002e+00 6.573928999999999467e-01
2.123960000000000015e-01 0.000000000000000000e+00 1.343821999999999850e+00 6.573358999999999730e-01
2.126456999999999931e-01 0.000000000000000000e+00 1.343669000000000002e+00 6.572786000000000461e-01
2.128954000000000124e-01 0.000000000000000000e+00 1.343515000000000015e+00 6.572211999999999499e-01
2.131452000000000069e-01 0.000000000000000000e+00 1.343362000000000167e+00 6.571637000000000173e-01
2.133948999999999985e-01 0.000000000000000000e+00 1.343208000000000180e+00 6.571059000000000205e-01
2.136445999999999901e-01 0.000000000000000000e+00 1.343054000000000192e+00 6.570481000000000238e-01
2.138943000000000094e-01 0.000000000000000000e+00 1.342898999999999843e+00 6.569899999999999629e-01
2.141440000000000010e-01 0.000000000000000000e+00 1.342744999999999855e+00 6.569317999999999547e-01
2.143936999999999926e-01 0.000000000000000000e+00 1.342589999999999950e+00 6.568734000000000517e-01
2.146434000000000120e-01 0.000000000000000000e+00 1.342433999999999905e+00 6.568148000000000319e-01
2.148931000000000036e-01 0.000000000000000000e+00 1.342279000000000000e+00 6.567560999999999538e-01
2.151428999999999980e-01 0.000000000000000000e+00 1.342122999999999955e+00 6.566971999999999809e-01
2.153925999999999896e-01 0.000000000000000000e+00 1.341967000000000132e+00 6.566381999999999497e-01
2.156423000000000090e-01 0.000000000000000000e+00 1.341809999999999947e+00 6.565790000000000237e-01
2.158920000000000006e-01 0.000000000000000000e+00 1.341653999999999902e+00 6.565195999999999810e-01
2.161416999999999922e-01 0.000000000000000000e+00 1.341497000000000162e+00 6.564600999999999908e-01
2.163914000000000115e-01 0.000000000000000000e+00 1.341339999999999977e+00 6.564003000000000476e-01
2.166411000000000031e-01 0.000000000000000000e+00 1.341182000000000096e+00 6.563404999999999934e-01
2.168908999999999976e-01 0.000000000000000000e+00 1.341023999999999994e+00 6.562803999999999860e-01
2.171405999999999892e-01 0.000000000000000000e+00 1.340865999999999891e+00 6.562202000000000313e-01
2.173903000000000085e-01 0.000000000000000000e+00 1.340708000000000011e+00 6.561599000000000181e-01
2.176400000000000001e-01 0.000000000000000000e+00 1.340548999999999991e+00 6.560993000000000519e-01
2.178896999999999917e-01 0.000000000000000000e+00 1.340390000000000192e+00 6.560386000000000273e-01
2.181394000000000111e-01 0.000000000000000000e+00 1.340230999999999950e+00 6.559778000000000553e-01
2.183891000000000027e-01 0.000000000000000000e+00 1.340071000000000012e+00 6.559167000000000192e-01
2.186387999999999943e-01 0.000000000000000000e+00 1.339911000000000074e+00 6.558555000000000357e-01
2.188885999999999887e-01 0.000000000000000000e+00 1.339750999999999914e+00 6.557941999999999938e-01
2.191383000000000081e-01 0.000000000000000000e+00 1.339590999999999976e+00 6.557326999999999462e-01
2.193879999999999997e-01 0.000000000000000000e+00 1.339430000000000121e+00 6.556710000000000038e-01
2.196376999999999913e-01 0.000000000000000000e+00 1.339269000000000043e+00 6.556090999999999447e-01
2.198874000000000106e-01 0.000000000000000000e+00 1.339107999999999965e+00 6.555471000000000492e-01
2.201371000000000022e-01 0.000000000000000000e+00 1.338945999999999970e+00 6.554849000000000370e-01
2.203867999999999938e-01 0.000000000000000000e+00 1.338785000000000114e+00 6.554225999999999663e-01
2.206365999999999883e-01 0.000000000000000000e+00 1.338623000000000118e+00 6.553601000000000010e-01
2.208863000000000076e-01 0.000000000000000000e+00 1.338459999999999983e+00 6.552974000000000299e-01
2.211359999999999992e-01 0.000000000000000000e+00 1.338297999999999988e+00 6.552346000000000004e-01
2.213856999999999908e-01 0.000000000000000000e+00 1.338135000000000074e+00 6.551715999999999651e-01
2.216354000000000102e-01 0.000000000000000000e+00 1.337971000000000021e+00 6.551084000000000351e-01
2.218851000000000018e-01 0.000000000000000000e+00 1.337807999999999886e+00 6.550451000000000468e-01
2.221347999999999934e-01 0.000000000000000000e+00 1.337644000000000055e+00 6.549816000000000527e-01
2.223845999999999878e-01 0.000000000000000000e+00 1.337480000000000002e+00 6.549180000000000001e-01
2.226343000000000072e-01 0.000000000000000000e+00 1.337315999999999949e+00 6.548542000000000529e-01
2.228839999999999988e-01 0.000000000000000000e+00 1.337150999999999978e+00 6.547901999999999889e-01
2.231336999999999904e-01 0.000000000000000000e+00 1.336986000000000008e+00 6.547260999999999775e-01
2.233834000000000097e-01 0.000000000000000000e+00 1.336820999999999815e+00 6.546617999999999604e-01
2.236331000000000013e-01 0.000000000000000000e+00 1.336655999999999844e+00 6.545973000000000486e-01
2.238827999999999929e-01 0.000000000000000000e+00 1.336489999999999956e+00 6.545326999999999673e-01
2.241325000000000123e-01 0.000000000000000000e+00 1.336324000000000067e+00 6.544678999999999913e-01
2.243823000000000067e-01 0.000000000000000000e+00 1.336157999999999957e+00 6.544029999999999569e-01
2.246319999999999983e-01 0.000000000000000000e+00 1.335990999999999929e+00 6.543379000000000278e-01
2.248816999999999899e-01 0.000000000000000000e+00 1.335824000000000122e+00 6.542727000000000404e-01
2.251314000000000093e-01 0.000000000000000000e+00 1.335656999999999872e+00 6.542071999999999887e-01
2.253811000000000009e-01 0.000000000000000000e+00 1.335490000000000066e+00 6.541417000000000481e-01
2.256307999999999925e-01 0.000000000000000000e+00 1.335321999999999898e+00 6.540759000000000434e-01
2.258805000000000118e-01 0.000000000000000000e+00 1.335153999999999952e+00 6.540101000000000386e-01
2.261303000000000063e-01 0.000000000000000000e+00 1.334986000000000006e+00 6.539439999999999698e-01
2.263799999999999979e-01 0.000000000000000000e+00 1.334816999999999920e+00 6.538777999999999535e-01
2.266296999999999895e-01 0.000000000000000000e+00 1.334647999999999834e+00 6.538114999999999899e-01
2.268794000000000088e-01 0.000000000000000000e+00 1.334478999999999971e+00 6.537450000000000205e-01
2.271291000000000004e-01 0.000000000000000000e+00 1.334309999999999885e+00 6.536783000000000454e-01
2.273787999999999920e-01 0.000000000000000000e+00 1.334140000000000104e+00 6.536115000000000119e-01
2.276285000000000114e-01 0.000000000000000000e+00 1.333970000000000100e+00 6.535444999999999727e-01
2.278782000000000030e-01 0.000000000000000000e+00 1.333799999999999875e+00 6.534773999999999861e-01
2.281279999999999974e-01 0.000000000000000000e+00 1.333630000000000093e+00 6.534100999999999937e-01
2.283776999999999890e-01 0.000000000000000000e+00 1.333458999999999950e+00 6.533427000000000540e-01
2.286274000000000084e-01 0.000000000000000000e+00 1.333288000000000029e+00 6.532750999999999975e-01
2.288771000000000000e-01 0.000000000000000000e+00 1.333116999999999885e+00 6.532073999999999936e-01
2.291267999999999916e-01 0.000000000000000000e+00 1.332945000000000046e+00 6.531394999999999840e-01
2.293765000000000109e-01 0.000000000000000000e+00 1.332772999999999985e+00 6.530713999999999686e-01
2.296262000000000025e-01 0.000000000000000000e+00 1.332601000000000147e+00 6.530032000000000059e-01
2.298759999999999970e-01 0.000000000000000000e+00 1.332429000000000086e+00 6.529348999999999847e-01
2.301256999999999886e-01 0.000000000000000000e+00 1.332256000000000107e+00 6.528663999999999579e-01
2.303754000000000079e-01 0.000000000000000000e+00 1.332083000000000128e+00 6.527977999999999836e-01
2.306250999999999995e-01 0.000000000000000000e+00 1.331910000000000149e+00 6.527290000000000036e-01
2.308747999999999911e-01 0.000000000000000000e+00 1.331736000000000031e+00 6.526600999999999653e-01
2.311245000000000105e-01 0.000000000000000000e+00 1.331563000000000052e+00 6.525910000000000322e-01
2.313742000000000021e-01 0.000000000000000000e+00 1.331388999999999934e+00 6.525218000000000407e-01
2.316238999999999937e-01 0.000000000000000000e+00 1.331213999999999897e+00 6.524524000000000434e-01
2.318736999999999882e-01 0.000000000000000000e+00 1.331040000000000001e+00 6.523828999999999878e-01
2.321234000000000075e-01 0.000000000000000000e+00 1.330864999999999965e+00 6.523132000000000374e-01
2.323730999999999991e-01 0.000000000000000000e+00 1.330690000000000150e+00 6.522434000000000287e-01
2.326227999999999907e-01 0.000000000000000000e+00 1.330515000000000114e+00 6.521734999999999616e-01
2.328725000000000100e-01 0.000000000000000000e+00 1.330338999999999938e+00 6.521033999999999997e-01
2.331222000000000016e-01 0.000000000000000000e+00 1.330162999999999984e+00 6.520331000000000321e-01
2.333718999999999932e-01 0.000000000000000000e+00 1.329987000000000030e+00 6.519627999999999535e-01
2.336216999999999877e-01 0.000000000000000000e+00 1.329810999999999854e+00 6.518922000000000327e-01
2.338714000000000071e-01 0.000000000000000000e+00 1.329633999999999983e+00 6.518216000000000010e-01
2.341210999999999987e-01 0.000000000000000000e+00 1.329457000000000111e+00 6.517507999999999635e-01
2.343707999999999902e-01 0.000000000000000000e+00 1.329280000000000017e+00 6.516798000000000313e-01
2.346205000000000096e-01 0.000000000000000000e+00 1.329102000000000006e+00 6.516087000000000407e-01
2.348702000000000012e-01 0.000000000000000000e+00 1.328923999999999994e+00 6.515374999999999917e-01
2.351198999999999928e-01 0.000000000000000000e+00 1.328746000000000205e+00 6.514661000000000479e-01
2.353696000000000121e-01 0.000000000000000000e+00 1.328567999999999971e+00 6.513946000000000458e-01
2.356194000000000066e-01 0.000000000000000000e+00 1.328390000000000182e+00 6.513229999999999853e-01
2.358690999999999982e-01 0.000000000000000000e+00 1.328211000000000030e+00 6.512512000000000301e-01
2.361187999999999898e-01 0.000000000000000000e+00 1.328031999999999879e+00 6.511791999999999581e-01
2.363685000000000092e-01 0.000000000000000000e+00 1.327852000000000032e+00 6.511071999999999971e-01
2.366182000000000007e-01 0.000000000000000000e+00 1.327673000000000103e+00 6.510350000000000303e-01
2.368678999999999923e-01 0.000000000000000000e+00 1.327493000000000034e+00 6.509625999999999468e-01
2.371176000000000117e-01 0.000000000000000000e+00 1.327313000000000187e+00 6.508901999999999743e-01
2.373674000000000062e-01 0.000000000000000000e+00 1.327131999999999978e+00 6.508175000000000487e-01
2.376170999999999978e-01 0.000000000000000000e+00 1.326951999999999909e+00 6.507448000000000121e-01
2.378667999999999894e-01 0.000000000000000000e+00 1.326770999999999923e+00 6.506718999999999697e-01
2.381165000000000087e-01 0.000000000000000000e+00 1.326589999999999936e+00 6.505988999999999800e-01
2.383662000000000003e-01 0.000000000000000000e+00 1.326407999999999809e+00 6.505258000000000429e-01
2.386158999999999919e-01 0.000000000000000000e+00 1.326227000000000045e+00 6.504524999999999890e-01
2.388656000000000112e-01 0.000000000000000000e+00 1.326045000000000140e+00 6.503790999999999878e-01
2.391154000000000057e-01 0.000000000000000000e+00 1.325863000000000014e+00 6.503054999999999808e-01
2.393650999999999973e-01 0.000000000000000000e+00 1.325679999999999970e+00 6.502318999999999738e-01
2.396147999999999889e-01 0.000000000000000000e+00 1.325498000000000065e+00 6.501580999999999610e-01
2.398645000000000083e-01 0.000000000000000000e+00 1.325315000000000021e+00 6.500841000000000536e-01
2.401141999999999999e-01 0.000000000000000000e+00 1.325131000000000059e+00 6.500101000000000351e-01
2.403638999999999915e-01 0.000000000000000000e+00 1.324948000000000015e+00 6.499359000000000108e-01
2.406136000000000108e-01 0.000000000000000000e+00 1.324763999999999831e+00 6.498616000000000392e-01
2.408633000000000024e-01 0.000000000000000000e+00 1.324579999999999869e+00 6.497870999999999508e-01
2.411130999999999969e-01 0.000000000000000000e+00 1.324395999999999907e+00 6.497125000000000261e-01
2.413627999999999885e-01 0.000000000000000000e+00 1.324211999999999945e+00 6.496378000000000430e-01
2.416125000000000078e-01 0.000000000000000000e+00 1.324027000000000065e+00 6.495630000000000015e-01
2.418621999999999994e-01 0.000000000000000000e+00 1.323842000000000185e+00 6.494881000000000126e-01
2.421118999999999910e-01 0.000000000000000000e+00 1.323656999999999861e+00 6.494130000000000180e-01
2.423616000000000104e-01 0.000000000000000000e+00 1.323471999999999982e+00 6.493377999999999650e-01
2.426113000000000020e-01 0.000000000000000000e+00 1.323285999999999962e+00 6.492624999999999647e-01
2.428610999999999964e-01 0.000000000000000000e+00 1.323099999999999943e+00 6.491869999999999585e-01
2.431107999999999880e-01 0.000000000000000000e+00 1.322913999999999923e+00 6.491114999999999524e-01
2.433605000000000074e-01 0.000000000000000000e+00 1.322726999999999986e+00 6.490358000000000516e-01
2.436101999999999990e-01 0.000000000000000000e+00 1.322540999999999967e+00 6.489599999999999813e-01
2.438598999999999906e-01 0.000000000000000000e+00 1.322354000000000029e+00 6.488840999999999637e-01
2.441096000000000099e-01 0.000000000000000000e+00 1.322166999999999870e+00 6.488080000000000513e-01
2.443593000000000015e-01 0.000000000000000000e+00 1.321979000000000015e+00 6.487317999999999696e-01
2.446089999999999931e-01 0.000000000000000000e+00 1.321791999999999856e+00 6.486555999999999989e-01
2.448587999999999876e-01 0.000000000000000000e+00 1.321604000000000001e+00 6.485790999999999640e-01
2.451085000000000069e-01 0.000000000000000000e+00 1.321415000000000006e+00 6.485026000000000401e-01
2.453581999999999985e-01 0.000000000000000000e+00 1.321227000000000151e+00 6.484259999999999469e-01
2.456078999999999901e-01 0.000000000000000000e+00 1.321037999999999935e+00 6.483491999999999589e-01
2.458576000000000095e-01 0.000000000000000000e+00 1.320849999999999858e+00 6.482723000000000235e-01
2.461073000000000011e-01 0.000000000000000000e+00 1.320660000000000167e+00 6.481953000000000298e-01
2.463569999999999927e-01 0.000000000000000000e+00 1.320470999999999950e+00 6.481181999999999777e-01
2.466067999999999871e-01 0.000000000000000000e+00 1.320281000000000038e+00 6.480409999999999782e-01
2.468565000000000065e-01 0.000000000000000000e+00 1.320090999999999903e+00 6.479635999999999729e-01
2.471061999999999981e-01 0.000000000000000000e+00 1.319900999999999991e+00 6.478861000000000203e-01
2.473558999999999897e-01 0.000000000000000000e+00 1.319711000000000078e+00 6.478085000000000093e-01
2.476056000000000090e-01 0.000000000000000000e+00 1.319520000000000026e+00 6.477308000000000510e-01
2.478553000000000006e-01 0.000000000000000000e+00 1.319328999999999974e+00 6.476530000000000342e-01
2.481049999999999922e-01 0.000000000000000000e+00 1.319137999999999922e+00 6.475750999999999591e-01
2.483547000000000116e-01 0.000000000000000000e+00 1.318946999999999870e+00 6.474969999999999892e-01
2.486045000000000060e-01 0.000000000000000000e+00 1.318755000000000122e+00 6.474189000000000194e-01
2.488541999999999976e-01 0.000000000000000000e+00 1.318564000000000069e+00 6.473406000000000438e-01
2.491038999999999892e-01 0.000000000000000000e+00 1.318371000000000182e+00 6.472622000000000098e-01
2.493536000000000086e-01 0.000000000000000000e+00 1.318178999999999990e+00 6.471837000000000284e-01
2.496033000000000002e-01 0.000000000000000000e+00 1.317987000000000020e+00 6.471050999999999886e-01
2.498529999999999918e-01 0.000000000000000000e+00 1.317794000000000132e+00 6.470263000000000542e-01
2.501027000000000111e-01 0.000000000000000000e+00 1.317601000000000022e+00 6.469475000000000087e-01
2.503524999999999778e-01 0.000000000000000000e+00 1.317406999999999995e+00 6.468684999999999574e-01
2.506021999999999972e-01 0.000000000000000000e+00 1.317213999999999885e+00 6.467895000000000172e-01
2.508519000000000165e-01 0.000000000000000000e+00 1.317020000000000080e+00 6.467102999999999602e-01
2.511015999999999804e-01 0.000000000000000000e+00 1.316826000000000052e+00 6.466309999999999558e-01
2.513512999999999997e-01 0.000000000000000000e+00 1.316632000000000025e+00 6.465516000000000041e-01
2.516010000000000191e-01 0.000000000000000000e+00 1.316436999999999857e+00 6.464720999999999940e-01
2.518506999999999829e-01 0.000000000000000000e+00 1.316241999999999912e+00 6.463925000000000365e-01
2.521004000000000023e-01 0.000000000000000000e+00 1.316046999999999967e+00 6.463128000000000206e-01
2.523502000000000245e-01 0.000000000000000000e+00 1.315852000000000022e+00 6.462328999999999990e-01
2.525998999999999883e-01 0.000000000000000000e+00 1.315655999999999937e+00 6.461529999999999774e-01
2.528496000000000077e-01 0.000000000000000000e+00 1.315460999999999991e+00 6.460728999999999500e-01
2.530993000000000270e-01 0.000000000000000000e+00 1.315265000000000128e+00 6.459928000000000337e-01
2.533489999999999909e-01 0.000000000000000000e+00 1.315067999999999904e+00 6.459125000000000005e-01
2.535987000000000102e-01 0.000000000000000000e+00 1.314872000000000041e+00 6.458321000000000200e-01
2.538483999999999741e-01 0.000000000000000000e+00 1.314675000000000038e+00 6.457515999999999812e-01
2.540981999999999963e-01 0.000000000000000000e+00 1.314478000000000035e+00 6.456711000000000533e-01
2.543479000000000156e-01 0.000000000000000000e+00 1.314281000000000033e+00 6.455904000000000087e-01
2.545975999999999795e-01 0.000000000000000000e+00 1.314084000000000030e+00 6.455096000000000167e-01
2.548472999999999988e-01 0.000000000000000000e+00 1.313885999999999887e+00 6.454286999999999663e-01
2.550970000000000182e-01 0.000000000000000000e+00 1.313688000000000189e+00 6.453476999999999686e-01
2.553466999999999820e-01 0.000000000000000000e+00 1.313490000000000046e+00 6.452664999999999651e-01
2.555964000000000014e-01 0.000000000000000000e+00 1.313290999999999986e+00 6.451852999999999616e-01
2.558462000000000236e-01 0.000000000000000000e+00 1.313093000000000066e+00 6.451040000000000108e-01
2.560958999999999874e-01 0.000000000000000000e+00 1.312894000000000005e+00 6.450226000000000015e-01
2.563456000000000068e-01 0.000000000000000000e+00 1.312694999999999945e+00 6.449411000000000449e-01
2.565953000000000261e-01 0.000000000000000000e+00 1.312494999999999967e+00 6.448593999999999715e-01
2.568449999999999900e-01 0.000000000000000000e+00 1.312296000000000129e+00 6.447777000000000092e-01
2.570947000000000093e-01 0.000000000000000000e+00 1.312095999999999929e+00 6.446958999999999884e-01
2.573443999999999732e-01 0.000000000000000000e+00 1.311895999999999951e+00 6.446140000000000203e-01
2.575940999999999925e-01 0.000000000000000000e+00 1.311695999999999973e+00 6.445319000000000464e-01
2.578439000000000147e-01 0.000000000000000000e+00 1.311494999999999855e+00 6.444497999999999616e-01
2.580935999999999786e-01 0.000000000000000000e+00 1.311294000000000182e+00 6.443676000000000403e-01
2.583432999999999979e-01 0.000000000000000000e+00 1.311093000000000064e+00 6.442852000000000023e-01
2.585930000000000173e-01 0.000000000000000000e+00 1.310891999999999946e+00 6.442027999999999643e-01
2.588426999999999811e-01 0.000000000000000000e+00 1.310690000000000133e+00 6.441202999999999790e-01
2.590924000000000005e-01 0.000000000000000000e+00 1.310489000000000015e+00 6.440377000000000463e-01
2.593421000000000198e-01 0.000000000000000000e+00 1.310286999999999979e+00 6.439550000000000551e-01
2.595918999999999865e-01 0.000000000000000000e+00 1.310084000000000026e+00 6.438720999999999473e-01
2.598416000000000059e-01 0.000000000000000000e+00 1.309881999999999991e+00 6.437891999999999504e-01
2.600913000000000252e-01 0.000000000000000000e+00 1.309679000000000038e+00 6.437062000000000062e-01
2.603409999999999891e-01 0.000000000000000000e+00 1.309476000000000084e+00 6.436231000000000035e-01
2.605907000000000084e-01 0.000000000000000000e+00 1.309272999999999909e+00 6.435399000000000536e-01
2.608403999999999723e-01 0.000000000000000000e+00 1.309069999999999956e+00 6.434566000000000452e-01
2.610900999999999916e-01 0.000000000000000000e+00 1.308866000000000085e+00 6.433731999999999784e-01
2.613398000000000110e-01 0.000000000000000000e+00 1.308661999999999992e+00 6.432898000000000227e-01
2.615895999999999777e-01 0.000000000000000000e+00 1.308458000000000121e+00 6.432061999999999502e-01
2.618392999999999970e-01 0.000000000000000000e+00 1.308253999999999806e+00 6.431225000000000414e-01
2.620890000000000164e-01 0.000000000000000000e+00 1.308049000000000017e+00 6.430388000000000215e-01
2.623386999999999802e-01 0.000000000000000000e+00 1.307844000000000007e+00 6.429548999999999959e-01
2.625883999999999996e-01 0.000000000000000000e+00 1.307638999999999996e+00 6.428709999999999702e-01
2.628381000000000189e-01 0.000000000000000000e+00 1.307433999999999985e+00 6.427869000000000499e-01
2.630877999999999828e-01 0.000000000000000000e+00 1.307228000000000057e+00 6.427028000000000185e-01
2.633376000000000050e-01 0.000000000000000000e+00 1.307021999999999906e+00 6.426186000000000398e-01
2.635873000000000244e-01 0.000000000000000000e+00 1.306815999999999978e+00 6.425343000000000027e-01
2.638369999999999882e-01 0.000000000000000000e+00 1.306609999999999827e+00 6.424499000000000182e-01
2.640867000000000075e-01 0.000000000000000000e+00 1.306402999999999981e+00 6.423653999999999753e-01
2.643364000000000269e-01 0.000000000000000000e+00 1.306196999999999830e+00 6.422809000000000434e-01
2.645860999999999907e-01 0.000000000000000000e+00 1.305989999999999984e+00 6.421961999999999948e-01
2.648358000000000101e-01 0.000000000000000000e+00 1.305781999999999998e+00 6.421114999999999462e-01
2.650854999999999739e-01 0.000000000000000000e+00 1.305575000000000152e+00 6.420266000000000028e-01
2.653352999999999962e-01 0.000000000000000000e+00 1.305366999999999944e+00 6.419416999999999485e-01
2.655850000000000155e-01 0.000000000000000000e+00 1.305159000000000180e+00 6.418566999999999467e-01
2.658346999999999793e-01 0.000000000000000000e+00 1.304950999999999972e+00 6.417715999999999976e-01
2.660843999999999987e-01 0.000000000000000000e+00 1.304742000000000068e+00 6.416865000000000485e-01
2.663341000000000180e-01 0.000000000000000000e+00 1.304532999999999943e+00 6.416011999999999826e-01
2.665837999999999819e-01 0.000000000000000000e+00 1.304324000000000039e+00 6.415159000000000278e-01
2.668335000000000012e-01 0.000000000000000000e+00 1.304114999999999913e+00 6.414305000000000145e-01
2.670833000000000235e-01 0.000000000000000000e+00 1.303906000000000009e+00 6.413450000000000539e-01
2.673329999999999873e-01 0.000000000000000000e+00 1.303695999999999966e+00 6.412594000000000349e-01
2.675827000000000067e-01 0.000000000000000000e+00 1.303486000000000145e+00 6.411736999999999576e-01
2.678324000000000260e-01 0.000000000000000000e+00 1.303276000000000101e+00 6.410879999999999912e-01
2.680820999999999898e-01 0.000000000000000000e+00 1.303065000000000140e+00 6.410021999999999665e-01
2.683318000000000092e-01 0.000000000000000000e+00 1.302855000000000096e+00 6.409162999999999943e-01
2.685814999999999730e-01 0.000000000000000000e+00 1.302643999999999913e+00 6.408302999999999638e-01
2.688311999999999924e-01 0.000000000000000000e+00 1.302432999999999952e+00 6.407441999999999860e-01
2.690810000000000146e-01 0.000000000000000000e+00 1.302221000000000073e+00 6.406581000000000081e-01
2.693306999999999785e-01 0.000000000000000000e+00 1.302009999999999890e+00 6.405718999999999719e-01
2.695803999999999978e-01 0.000000000000000000e+00 1.301798000000000011e+00 6.404855999999999883e-01
2.698301000000000172e-01 0.000000000000000000e+00 1.301585999999999910e+00 6.403991999999999463e-01
2.700797999999999810e-01 0.000000000000000000e+00 1.301374000000000031e+00 6.403128000000000153e-01
2.703295000000000003e-01 0.000000000000000000e+00 1.301161000000000012e+00 6.402261999999999675e-01
2.705792000000000197e-01 0.000000000000000000e+00 1.300949000000000133e+00 6.401396000000000308e-01
2.708289999999999864e-01 0.000000000000000000e+00 1.300736000000000114e+00 6.400529999999999831e-01
2.710787000000000058e-01 0.000000000000000000e+00 1.300521999999999956e+00 6.399662000000000406e-01
2.713284000000000251e-01 0.000000000000000000e+00 1.300308999999999937e+00 6.398793999999999871e-01
2.715780999999999890e-01 0.000000000000000000e+00 1.300095000000000001e+00 6.397924999999999862e-01
2.718278000000000083e-01 0.000000000000000000e+00 1.299881000000000064e+00 6.397055999999999854e-01
2.720775000000000277e-01 0.000000000000000000e+00 1.299666999999999906e+00 6.396184999999999787e-01
2.723271999999999915e-01 0.000000000000000000e+00 1.299452999999999969e+00 6.395313999999999721e-01
2.725770000000000137e-01 0.000000000000000000e+00 1.299238000000000115e+00 6.394442000000000181e-01
2.728266999999999776e-01 0.000000000000000000e+00 1.299023999999999957e+00 6.393569999999999531e-01
2.730763999999999969e-01 0.000000000000000000e+00 1.298808999999999880e+00 6.392697000000000518e-01
2.733261000000000163e-01 0.000000000000000000e+00 1.298593000000000108e+00 6.391822999999999810e-01
2.735757999999999801e-01 0.000000000000000000e+00 1.298378000000000032e+00 6.390949000000000213e-01
2.738254999999999995e-01 0.000000000000000000e+00 1.298162000000000038e+00 6.390072999999999448e-01
2.740752000000000188e-01 0.000000000000000000e+00 1.297945999999999822e+00 6.389198000000000377e-01
2.743248999999999826e-01 0.000000000000000000e+00 1.297730000000000050e+00 6.388321000000000138e-01
2.745747000000000049e-01 0.000000000000000000e+00 1.297513999999999834e+00 6.387443999999999900e-01
2.748244000000000242e-01 0.000000000000000000e+00 1.297296999999999922e+00 6.386566000000000187e-01
2.750740999999999881e-01 0.000000000000000000e+00 1.297080000000000011e+00 6.385688000000000475e-01
2.753238000000000074e-01 0.000000000000000000e+00 1.296863000000000099e+00 6.384809000000000179e-01
2.755735000000000268e-01 0.000000000000000000e+00 1.296645999999999965e+00 6.383929000000000409e-01
2.758231999999999906e-01 0.000000000000000000e+00 1.296428000000000136e+00 6.383048999999999529e-01
2.760729000000000100e-01 0.000000000000000000e+00 1.296210000000000084e+00 6.382168000000000285e-01
2.763226999999999767e-01 0.000000000000000000e+00 1.295992000000000033e+00 6.381286000000000458e-01
2.765723999999999960e-01 0.000000000000000000e+00 1.295773999999999981e+00 6.380403999999999520e-01
2.768221000000000154e-01 0.000000000000000000e+00 1.295555999999999930e+00 6.379521999999999693e-01
2.770717999999999792e-01 0.000000000000000000e+00 1.295336999999999961e+00 6.378637999999999808e-01
2.773214999999999986e-01 0.000000000000000000e+00 1.295117999999999991e+00 6.377753999999999923e-01
2.775712000000000179e-01 0.000000000000000000e+00 1.294898999999999800e+00 6.376870000000000038e-01
2.778208999999999818e-01 0.000000000000000000e+00 1.294679000000000135e+00 6.375984999999999570e-01
2.780706000000000011e-01 0.000000000000000000e+00 1.294459999999999944e+00 6.375098999999999627e-01
2.783204000000000233e-01 0.000000000000000000e+00 1.294240000000000057e+00 6.374212999999999685e-01
2.785700999999999872e-01 0.000000000000000000e+00 1.294019999999999948e+00 6.373326999999999742e-01
2.788198000000000065e-01 0.000000000000000000e+00 1.293800000000000061e+00 6.372440000000000326e-01
2.790695000000000259e-01 0.000000000000000000e+00 1.293579000000000034e+00 6.371552000000000326e-01
2.793191999999999897e-01 0.000000000000000000e+00 1.293358000000000008e+00 6.370664000000000327e-01
2.795689000000000091e-01 0.000000000000000000e+00 1.293136999999999981e+00 6.369774999999999743e-01
2.798185999999999729e-01 0.000000000000000000e+00 1.292915999999999954e+00 6.368886000000000269e-01
2.800683999999999951e-01 0.000000000000000000e+00 1.292694999999999927e+00 6.367996000000000212e-01
2.803181000000000145e-01 0.000000000000000000e+00 1.292472999999999983e+00 6.367106000000000154e-01
2.805677999999999783e-01 0.000000000000000000e+00 1.292251000000000039e+00 6.366214999999999513e-01
2.808174999999999977e-01 0.000000000000000000e+00 1.292029000000000094e+00 6.365323999999999982e-01
2.810672000000000170e-01 0.000000000000000000e+00 1.291806999999999928e+00 6.364431999999999867e-01
2.813168999999999809e-01 0.000000000000000000e+00 1.291584000000000065e+00 6.363539999999999752e-01
2.815666000000000002e-01 0.000000000000000000e+00 1.291361000000000203e+00 6.362647000000000164e-01
2.818163000000000196e-01 0.000000000000000000e+00 1.291137999999999897e+00 6.361753999999999465e-01
2.820660999999999863e-01 0.000000000000000000e+00 1.290915000000000035e+00 6.360860999999999876e-01
2.823158000000000056e-01 0.000000000000000000e+00 1.290691999999999950e+00 6.359966999999999704e-01
2.825655000000000250e-01 0.000000000000000000e+00 1.290468000000000171e+00 6.359072999999999531e-01
2.828151999999999888e-01 0.000000000000000000e+00 1.290243999999999946e+00 6.358177999999999885e-01
2.830649000000000082e-01 0.000000000000000000e+00 1.290019999999999945e+00 6.357283000000000239e-01
2.833146000000000275e-01 0.000000000000000000e+00 1.289795999999999943e+00 6.356387000000000009e-01
2.835642999999999914e-01 0.000000000000000000e+00 1.289571000000000023e+00 6.355490999999999779e-01
2.838141000000000136e-01 0.000000000000000000e+00 1.289346000000000103e+00 6.354594999999999549e-01
2.840637999999999774e-01 0.000000000000000000e+00 1.289121000000000183e+00 6.353697999999999846e-01
2.843134999999999968e-01 0.000000000000000000e+00 1.288896000000000042e+00 6.352801000000000142e-01
2.845632000000000161e-01 0.000000000000000000e+00 1.288669999999999982e+00 6.351902999999999855e-01
2.848128999999999800e-01 0.000000000000000000e+00 1.288444999999999840e+00 6.351004999999999567e-01
2.850625999999999993e-01 0.000000000000000000e+00 1.288219000000000003e+00 6.350107000000000390e-01
2.853123000000000187e-01 0.000000000000000000e+00 1.287992999999999943e+00 6.349207999999999519e-01
2.855619999999999825e-01 0.000000000000000000e+00 1.287767000000000106e+00 6.348310000000000342e-01
2.858118000000000047e-01 0.000000000000000000e+00 1.287539999999999907e+00 6.347409999999999997e-01
2.860615000000000241e-01 0.000000000000000000e+00 1.287313000000000152e+00 6.346511000000000235e-01
2.863111999999999879e-01 0.000000000000000000e+00 1.287085999999999952e+00 6.345610999999999891e-01
2.865609000000000073e-01 0.000000000000000000e+00 1.286858999999999975e+00 6.344710999999999546e-01
2.868106000000000266e-01 0.000000000000000000e+00 1.286631999999999998e+00 6.343809999999999727e-01
2.870602999999999905e-01 0.000000000000000000e+00 1.286404000000000103e+00 6.342908999999999908e-01
2.873100000000000098e-01 0.000000000000000000e+00 1.286175999999999986e+00 6.342008000000000090e-01
2.875597999999999765e-01 0.000000000000000000e+00 1.285948000000000091e+00 6.341107000000000271e-01
2.878094999999999959e-01 0.000000000000000000e+00 1.285719999999999974e+00 6.340204999999999869e-01
2.880592000000000152e-01 0.000000000000000000e+00 1.285490999999999939e+00 6.339302999999999466e-01
2.883088999999999791e-01 0.000000000000000000e+00 1.285261999999999905e+00 6.338401000000000174e-01
2.885585999999999984e-01 0.000000000000000000e+00 1.285032999999999870e+00 6.337498999999999771e-01
2.888083000000000178e-01 0.000000000000000000e+00 1.284804000000000057e+00 6.336595999999999895e-01
2.890579999999999816e-01 0.000000000000000000e+00 1.284575000000000022e+00 6.335693000000000019e-01
2.893078000000000038e-01 0.000000000000000000e+00 1.284345000000000070e+00 6.334790000000000143e-01
2.895575000000000232e-01 0.000000000000000000e+00 1.284116000000000035e+00 6.333887000000000267e-01
2.898071999999999870e-01 0.000000000000000000e+00 1.283884999999999943e+00 6.332984000000000391e-01
2.900569000000000064e-01 0.000000000000000000e+00 1.283654999999999990e+00 6.332079999999999931e-01
2.903066000000000257e-01 0.000000000000000000e+00 1.283425000000000038e+00 6.331175999999999471e-01
2.905562999999999896e-01 0.000000000000000000e+00 1.283193999999999946e+00 6.330272000000000121e-01
2.908060000000000089e-01 0.000000000000000000e+00 1.282963000000000076e+00 6.329367999999999661e-01
2.910556999999999728e-01 0.000000000000000000e+00 1.282731999999999983e+00 6.328462999999999727e-01
2.913054999999999950e-01 0.000000000000000000e+00 1.282500999999999891e+00 6.327559000000000378e-01
2.915552000000000143e-01 0.000000000000000000e+00 1.282269000000000103e+00 6.326654000000000444e-01
2.918048999999999782e-01 0.000000000000000000e+00 1.282038000000000011e+00 6.325749000000000510e-01
2.920545999999999975e-01 0.000000000000000000e+00 1.281806000000000001e+00 6.324845000000000050e-01
2.923043000000000169e-01 0.000000000000000000e+00 1.281573000000000073e+00 6.323938999999999533e-01
2.925539999999999807e-01 0.000000000000000000e+00 1.281340999999999841e+00 6.323033999999999599e-01
2.928037000000000001e-01 0.000000000000000000e+00 1.281107999999999913e+00 6.322128999999999666e-01
2.930535000000000223e-01 0.000000000000000000e+00 1.280875999999999904e+00 6.321223999999999732e-01
2.933031999999999861e-01 0.000000000000000000e+00 1.280642999999999976e+00 6.320318000000000325e-01
2.935529000000000055e-01 0.000000000000000000e+00 1.280410000000000048e+00 6.319413000000000391e-01
2.938026000000000248e-01 0.000000000000000000e+00 1.280175999999999981e+00 6.318506999999999874e-01
2.940522999999999887e-01 0.000000000000000000e+00 1.279941999999999913e+00 6.317601999999999940e-01
2.943020000000000080e-01 0.000000000000000000e+00 1.279708999999999985e+00 6.316696000000000533e-01
2.945517000000000274e-01 0.000000000000000000e+00 1.279474999999999918e+00 6.315790000000000015e-01
2.948013999999999912e-01 0.000000000000000000e+00 1.279239999999999933e+00 6.314883999999999498e-01
2.950512000000000135e-01 0.000000000000000000e+00 1.279006000000000087e+00 6.313978999999999564e-01
2.953008999999999773e-01 0.000000000000000000e+00 1.278770999999999880e+00 6.313073000000000157e-01
2.955505999999999966e-01 0.000000000000000000e+00 1.278536000000000117e+00 6.312166999999999639e-01
2.958003000000000160e-01 0.000000000000000000e+00 1.278300999999999910e+00 6.311261000000000232e-01
2.960499999999999798e-01 0.000000000000000000e+00 1.278065999999999924e+00 6.310354999999999714e-01
2.962996999999999992e-01 0.000000000000000000e+00 1.277830999999999939e+00 6.309449999999999781e-01
2.965494000000000185e-01 0.000000000000000000e+00 1.277595000000000036e+00 6.308544000000000374e-01
2.967991999999999853e-01 0.000000000000000000e+00 1.277358999999999911e+00 6.307637999999999856e-01
2.970489000000000046e-01 0.000000000000000000e+00 1.277123000000000008e+00 6.306732999999999922e-01
2.972986000000000240e-01 0.000000000000000000e+00 1.276886999999999883e+00 6.305827000000000515e-01
2.975482999999999878e-01 0.000000000000000000e+00 1.276650000000000063e+00 6.304921999999999471e-01
2.977980000000000071e-01 0.000000000000000000e+00 1.276413000000000020e+00 6.304016000000000064e-01
2.980477000000000265e-01 0.000000000000000000e+00 1.276175999999999977e+00 6.303111000000000130e-01
2.982973999999999903e-01 0.000000000000000000e+00 1.275939000000000156e+00 6.302204999999999613e-01
2.985471000000000097e-01 0.000000000000000000e+00 1.275701999999999892e+00 6.301299999999999679e-01
2.987968999999999764e-01 0.000000000000000000e+00 1.275463999999999931e+00 6.300394999999999746e-01
2.990465999999999958e-01 0.000000000000000000e+00 1.275227000000000110e+00 6.299489999999999812e-01
2.992963000000000151e-01 0.000000000000000000e+00 1.274988999999999928e+00 6.298586000000000462e-01
2.995459999999999789e-01 0.000000000000000000e+00 1.274750999999999967e+00 6.297681000000000529e-01
2.997956999999999983e-01 0.000000000000000000e+00 1.274511999999999867e+00 6.296775999999999485e-01
3.000454000000000176e-01 0.000000000000000000e+00 1.274273999999999907e+00 6.295872000000000135e-01
3.002950999999999815e-01 0.000000000000000000e+00 1.274035000000000029e+00 6.294967999999999675e-01
3.005449000000000037e-01 0.000000000000000000e+00 1.273796000000000150e+00 6.294064000000000325e-01
3.007946000000000231e-01 0.000000000000000000e+00 1.273557000000000050e+00 6.293159999999999865e-01
3.010442999999999869e-01 0.000000000000000000e+00 1.273317999999999950e+00 6.292256999999999989e-01
3.012940000000000063e-01 0.000000000000000000e+00 1.273077999999999932e+00 6.291352999999999529e-01
3.015437000000000256e-01 0.000000000000000000e+00 1.272838999999999832e+00 6.290449999999999653e-01
3.017933999999999894e-01 0.000000000000000000e+00 1.272599000000000036e+00 6.289546999999999777e-01
3.020431000000000088e-01 0.000000000000000000e+00 1.272359000000000018e+00 6.288645000000000485e-01
3.022927999999999726e-01 0.000000000000000000e+00 1.272117999999999860e+00 6.287741999999999498e-01
3.025425999999999949e-01 0.000000000000000000e+00 1.271877999999999842e+00 6.286840000000000206e-01
3.027923000000000142e-01 0.000000000000000000e+00 1.271636999999999906e+00 6.285939000000000387e-01
3.030419999999999781e-01 0.000000000000000000e+00 1.271395999999999971e+00 6.285036999999999985e-01
3.032916999999999974e-01 0.000000000000000000e+00 1.271155000000000035e+00 6.284136000000000166e-01
3.035414000000000168e-01 0.000000000000000000e+00 1.270913999999999877e+00 6.283235000000000348e-01
3.037910999999999806e-01 0.000000000000000000e+00 1.270672999999999941e+00 6.282335000000000003e-01
3.040407999999999999e-01 0.000000000000000000e+00 1.270431000000000088e+00 6.281434000000000184e-01
3.042906000000000222e-01 0.000000000000000000e+00 1.270189000000000012e+00 6.280535000000000423e-01
3.045402999999999860e-01 0.000000000000000000e+00 1.269946999999999937e+00 6.279635000000000078e-01
3.047900000000000054e-01 0.000000000000000000e+00 1.269704999999999862e+00 6.278736000000000317e-01
3.050397000000000247e-01 0.000000000000000000e+00 1.269463000000000008e+00 6.277836999999999446e-01
3.052893999999999886e-01 0.000000000000000000e+00 1.269220000000000015e+00 6.276939000000000268e-01
3.055391000000000079e-01 0.000000000000000000e+00 1.268977000000000022e+00 6.276040000000000507e-01
3.057888000000000273e-01 0.000000000000000000e+00 1.268734999999999946e+00 6.275142999999999693e-01
3.060385999999999940e-01 0.000000000000000000e+00 1.268491000000000035e+00 6.274245000000000516e-01
3.062883000000000133e-01 0.000000000000000000e+00 1.268248000000000042e+00 6.273347999999999702e-01
3.065379999999999772e-01 0.000000000000000000e+00 1.268005000000000049e+00 6.272451999999999472e-01
3.067876999999999965e-01 0.000000000000000000e+00 1.267760999999999916e+00 6.271556000000000353e-01
3.070374000000000159e-01 0.000000000000000000e+00 1.267517000000000005e+00 6.270660000000000123e-01
3.072870999999999797e-01 0.000000000000000000e+00 1.267272999999999872e+00 6.269765000000000477e-01
3.075367999999999991e-01 0.000000000000000000e+00 1.267028999999999961e+00 6.268869999999999720e-01
3.077865000000000184e-01 0.000000000000000000e+00 1.266784000000000132e+00 6.267975000000000074e-01
3.080362999999999851e-01 0.000000000000000000e+00 1.266539999999999999e+00 6.267080999999999902e-01
3.082860000000000045e-01 0.000000000000000000e+00 1.266295000000000170e+00 6.266186999999999729e-01
3.085357000000000238e-01 0.000000000000000000e+00 1.266049999999999898e+00 6.265294000000000141e-01
3.087853999999999877e-01 0.000000000000000000e+00 1.265805000000000069e+00 6.264401000000000552e-01
3.090351000000000070e-01 0.000000000000000000e+00 1.265560000000000018e+00 6.263509000000000437e-01
3.092848000000000264e-01 0.000000000000000000e+00 1.265314000000000050e+00 6.262617000000000322e-01
3.095344999999999902e-01 0.000000000000000000e+00 1.265068000000000081e+00 6.261725000000000207e-01
3.097843000000000124e-01 0.000000000000000000e+00 1.264821999999999891e+00 6.260833999999999566e-01
3.100339999999999763e-01 0.000000000000000000e+00 1.264575999999999922e+00 6.259943999999999509e-01
3.102836999999999956e-01 0.000000000000000000e+00 1.264329999999999954e+00 6.259053999999999451e-01
3.105334000000000150e-01 0.000000000000000000e+00 1.264083999999999985e+00 6.258164000000000504e-01
3.107830999999999788e-01 0.000000000000000000e+00 1.263837000000000099e+00 6.257274999999999920e-01
3.110327999999999982e-01 0.000000000000000000e+00 1.263589999999999991e+00 6.256386000000000447e-01
3.112825000000000175e-01 0.000000000000000000e+00 1.263343000000000105e+00 6.255498000000000447e-01
3.115321999999999814e-01 0.000000000000000000e+00 1.263095999999999997e+00 6.254610000000000447e-01
3.117820000000000036e-01 0.000000000000000000e+00 1.262848999999999888e+00 6.253722999999999921e-01
3.120317000000000229e-01 0.000000000000000000e+00 1.262601000000000084e+00 6.252836000000000505e-01
3.122813999999999868e-01 0.000000000000000000e+00 1.262353999999999976e+00 6.251949999999999452e-01
3.125311000000000061e-01 0.000000000000000000e+00 1.262105999999999950e+00 6.251063999999999510e-01
3.127808000000000255e-01 0.000000000000000000e+00 1.261857999999999924e+00 6.250179000000000151e-01
3.130304999999999893e-01 0.000000000000000000e+00 1.261609999999999898e+00 6.249295000000000266e-01
3.132802000000000087e-01 0.000000000000000000e+00 1.261361000000000177e+00 6.248409999999999798e-01
3.135299999999999754e-01 0.000000000000000000e+00 1.261113000000000151e+00 6.247527000000000497e-01
3.137796999999999947e-01 0.000000000000000000e+00 1.260863999999999985e+00 6.246644000000000085e-01
3.140294000000000141e-01 0.000000000000000000e+00 1.260615000000000041e+00 6.245760999999999674e-01
3.142790999999999779e-01 0.000000000000000000e+00 1.260365999999999875e+00 6.244878999999999847e-01
3.145287999999999973e-01 0.000000000000000000e+00 1.260116999999999932e+00 6.243997999999999493e-01
3.147785000000000166e-01 0.000000000000000000e+00 1.259867000000000070e+00 6.243117000000000250e-01
3.150281999999999805e-01 0.000000000000000000e+00 1.259617999999999904e+00 6.242237000000000480e-01
3.152778999999999998e-01 0.000000000000000000e+00 1.259368000000000043e+00 6.241356999999999600e-01
3.155277000000000220e-01 0.000000000000000000e+00 1.259117999999999959e+00 6.240478000000000414e-01
3.157773999999999859e-01 0.000000000000000000e+00 1.258867999999999876e+00 6.239599000000000117e-01
3.160271000000000052e-01 0.000000000000000000e+00 1.258618000000000015e+00 6.238721000000000405e-01
3.162768000000000246e-01 0.000000000000000000e+00 1.258367000000000013e+00 6.237844000000000166e-01
3.165264999999999884e-01 0.000000000000000000e+00 1.258116999999999930e+00 6.236966999999999928e-01
3.167762000000000078e-01 0.000000000000000000e+00 1.257865999999999929e+00 6.236091000000000273e-01
3.170259000000000271e-01 0.000000000000000000e+00 1.257614999999999927e+00 6.235216000000000092e-01
3.172756999999999938e-01 0.000000000000000000e+00 1.257363999999999926e+00 6.234340999999999910e-01
3.175254000000000132e-01 0.000000000000000000e+00 1.257113000000000147e+00 6.233465999999999729e-01
3.177750999999999770e-01 0.000000000000000000e+00 1.256861000000000006e+00 6.232592999999999606e-01
3.180247999999999964e-01 0.000000000000000000e+00 1.256610000000000005e+00 6.231719999999999482e-01
3.182745000000000157e-01 0.000000000000000000e+00 1.256357999999999864e+00 6.230847000000000468e-01
3.185241999999999796e-01 0.000000000000000000e+00 1.256105999999999945e+00 6.229976000000000402e-01
3.187738999999999989e-01 0.000000000000000000e+00 1.255854000000000026e+00 6.229105000000000336e-01
3.190236000000000183e-01 0.000000000000000000e+00 1.255602000000000107e+00 6.228234000000000270e-01
3.192733999999999850e-01 0.000000000000000000e+00 1.255349999999999966e+00 6.227365000000000261e-01
3.195231000000000043e-01 0.000000000000000000e+00 1.255096999999999907e+00 6.226496000000000253e-01
3.197728000000000237e-01 0.000000000000000000e+00 1.254844000000000070e+00 6.225627000000000244e-01
3.200224999999999875e-01 0.000000000000000000e+00 1.254590999999999790e+00 6.224760000000000293e-01
3.202722000000000069e-01 0.000000000000000000e+00 1.254337999999999953e+00 6.223893000000000342e-01
3.205219000000000262e-01 0.000000000000000000e+00 1.254085000000000116e+00 6.223026999999999864e-01
3.207715999999999901e-01 0.000000000000000000e+00 1.253832000000000058e+00 6.222161000000000497e-01
3.210214000000000123e-01 0.000000000000000000e+00 1.253578000000000081e+00 6.221297000000000077e-01
3.212710999999999761e-01 0.000000000000000000e+00 1.253325000000000022e+00 6.220432999999999657e-01
3.215207999999999955e-01 0.000000000000000000e+00 1.253070999999999824e+00 6.219569999999999821e-01
3.217705000000000148e-01 0.000000000000000000e+00 1.252817000000000069e+00 6.218707999999999458e-01
3.220201999999999787e-01 0.000000000000000000e+00 1.252563000000000093e+00 6.217846000000000206e-01
3.222698999999999980e-01 0.000000000000000000e+00 1.252308999999999894e+00 6.216985000000000428e-01
3.225196000000000174e-01 0.000000000000000000e+00 1.252054000000000000e+00 6.216125999999999596e-01
3.227693999999999841e-01 0.000000000000000000e+00 1.251800000000000024e+00 6.215266000000000401e-01
3.230191000000000034e-01 0.000000000000000000e+00 1.251545000000000130e+00 6.214408000000000154e-01
3.232688000000000228e-01 0.000000000000000000e+00 1.251290000000000013e+00 6.213551000000000490e-01
3.235184999999999866e-01 0.000000000000000000e+00 1.251035000000000119e+00 6.212693999999999717e-01
3.237682000000000060e-01 0.000000000000000000e+00 1.250780000000000003e+00 6.211837999999999527e-01
3.240179000000000253e-01 0.000000000000000000e+00 1.250525000000000109e+00 6.210984000000000504e-01
3.242675999999999892e-01 0.000000000000000000e+00 1.250269999999999992e+00 6.210130000000000372e-01
3.245173000000000085e-01 0.000000000000000000e+00 1.250013999999999958e+00 6.209276000000000240e-01
3.247670999999999752e-01 0.000000000000000000e+00 1.249758000000000147e+00 6.208424000000000165e-01
3.250167999999999946e-01 0.000000000000000000e+00 1.249501999999999891e+00 6.207572999999999563e-01
3.252665000000000139e-01 0.000000000000000000e+00 1.249246000000000079e+00 6.206722000000000072e-01
3.255161999999999778e-01 0.000000000000000000e+00 1.248990000000000045e+00 6.205872999999999529e-01
3.257658999999999971e-01 0.000000000000000000e+00 1.248734000000000011e+00 6.205024000000000095e-01
3.260156000000000165e-01 0.000000000000000000e+00 1.248477999999999977e+00 6.204176999999999609e-01
3.262652999999999803e-01 0.000000000000000000e+00 1.248221000000000025e+00 6.203330000000000233e-01
3.265151000000000026e-01 0.000000000000000000e+00 1.247963999999999851e+00 6.202484000000000330e-01
3.267648000000000219e-01 0.000000000000000000e+00 1.247708000000000039e+00 6.201638999999999902e-01
3.270144999999999857e-01 0.000000000000000000e+00 1.247451000000000088e+00 6.200795999999999530e-01
3.272642000000000051e-01 0.000000000000000000e+00 1.247193999999999914e+00 6.199953000000000269e-01
3.275139000000000244e-01 0.000000000000000000e+00 1.246935999999999822e+00 6.199111000000000482e-01
3.277635999999999883e-01 0.000000000000000000e+00 1.246679000000000093e+00 6.198270000000000168e-01
3.280133000000000076e-01 0.000000000000000000e+00 1.246421000000000001e+00 6.197430000000000438e-01
3.282630000000000270e-01 0.000000000000000000e+00 1.246164000000000049e+00 6.196591000000000182e-01
3.285127999999999937e-01 0.000000000000000000e+00 1.245905999999999958e+00 6.195753999999999984e-01
3.287625000000000131e-01 0.000000000000000000e+00 1.245647999999999866e+00 6.194916999999999785e-01
3.290121999999999769e-01 0.000000000000000000e+00 1.245389999999999997e+00 6.194081000000000170e-01
3.292618999999999962e-01 0.000000000000000000e+00 1.245132000000000128e+00 6.193246999999999503e-01
3.295116000000000156e-01 0.000000000000000000e+00 1.244874000000000036e+00 6.192412999999999945e-01
3.297612999999999794e-01 0.000000000000000000e+00 1.244615000000000027e+00 6.191579999999999862e-01
3.300109999999999988e-01 0.000000000000000000e+00 1.244356000000000018e+00 6.190748999999999835e-01
3.302608000000000210e-01 0.000000000000000000e+00 1.244097999999999926e+00 6.189919000000000393e-01
3.305104999999999849e-01 0.000000000000000000e+00 1.243838999999999917e+00 6.189088999999999841e-01
3.307602000000000042e-01 0.000000000000000000e+00 1.243579999999999908e+00 6.188261000000000456e-01
3.310099000000000236e-01 0.000000000000000000e+00 1.243320999999999898e+00 6.187434000000000545e-01
3.312595999999999874e-01 0.000000000000000000e+00 1.243060999999999972e+00 6.186608000000000107e-01
3.315093000000000067e-01 0.000000000000000000e+00 1.242801999999999962e+00 6.185783000000000253e-01
3.317590000000000261e-01 0.000000000000000000e+00 1.242541999999999813e+00 6.184958999999999874e-01
3.320086999999999899e-01 0.000000000000000000e+00 1.242282999999999804e+00 6.184136000000000077e-01
3.322585000000000122e-01 0.000000000000000000e+00 1.242022999999999877e+00 6.183315000000000339e-01
3.325081999999999760e-01 0.000000000000000000e+00 1.241762999999999950e+00 6.182493999999999490e-01
3.327578999999999954e-01 0.000000000000000000e+00 1.241503000000000023e+00 6.181674999999999809e-01
3.330076000000000147e-01 0.000000000000000000e+00 1.241242999999999874e+00 6.180856999999999601e-01
3.332572999999999785e-01 0.000000000000000000e+00 1.240982999999999947e+00 6.180039999999999978e-01
3.335069999999999979e-01 0.000000000000000000e+00 1.240721999999999881e+00 6.179223999999999828e-01
3.337567000000000172e-01 0.000000000000000000e+00 1.240461999999999954e+00 6.178409000000000262e-01
3.340064999999999840e-01 0.000000000000000000e+00 1.240201000000000109e+00 6.177595000000000169e-01
3.342562000000000033e-01 0.000000000000000000e+00 1.239940000000000042e+00 6.176783000000000134e-01
3.345059000000000227e-01 0.000000000000000000e+00 1.239679000000000197e+00 6.175971999999999573e-01
3.347555999999999865e-01 0.000000000000000000e+00 1.239417999999999909e+00 6.175161999999999596e-01
3.350053000000000059e-01 0.000000000000000000e+00 1.239156999999999842e+00 6.174353000000000202e-01
3.352550000000000252e-01 0.000000000000000000e+00 1.238895999999999997e+00 6.173545000000000282e-01
3.355046999999999890e-01 0.000000000000000000e+00 1.238634999999999931e+00 6.172739000000000420e-01
3.357545000000000113e-01 0.000000000000000000e+00 1.238372999999999946e+00 6.171934000000000031e-01
3.360041999999999751e-01 0.000000000000000000e+00 1.238112000000000101e+00 6.171128999999999643e-01
3.362538999999999945e-01 0.000000000000000000e+00 1.237849999999999895e+00 6.170326999999999895e-01
3.365036000000000138e-01 0.000000000000000000e+00 1.237589000000000050e+00 6.169525000000000148e-01
3.367532999999999777e-01 0.000000000000000000e+00 1.237327000000000066e+00 6.168725000000000458e-01
3.370029999999999970e-01 0.000000000000000000e+00 1.237065000000000081e+00 6.167926000000000242e-01
3.372527000000000164e-01 0.000000000000000000e+00 1.236803000000000097e+00 6.167127999999999499e-01
3.375023999999999802e-01 0.000000000000000000e+00 1.236539999999999973e+00 6.166331000000000451e-01
3.377522000000000024e-01 0.000000000000000000e+00 1.236277999999999988e+00 6.165536000000000350e-01
3.380019000000000218e-01 0.000000000000000000e+00 1.236016000000000004e+00 6.164741999999999722e-01
3.382515999999999856e-01 0.000000000000000000e+00 1.235752999999999879e+00 6.163948999999999678e-01
3.385013000000000050e-01 0.000000000000000000e+00 1.235490999999999895e+00 6.163157999999999692e-01
3.387510000000000243e-01 0.000000000000000000e+00 1.235227999999999993e+00 6.162366999999999706e-01
3.390006999999999882e-01 0.000000000000000000e+00 1.234964999999999868e+00 6.161579000000000361e-01
3.392504000000000075e-01 0.000000000000000000e+00 1.234701999999999966e+00 6.160790999999999906e-01
3.395001999999999742e-01 0.000000000000000000e+00 1.234439000000000064e+00 6.160004999999999509e-01
3.397498999999999936e-01 0.000000000000000000e+00 1.234175999999999940e+00 6.159219999999999695e-01
3.399996000000000129e-01 0.000000000000000000e+00 1.233913000000000038e+00 6.158436000000000465e-01
3.402492999999999768e-01 0.000000000000000000e+00 1.233650000000000135e+00 6.157654000000000183e-01
3.404989999999999961e-01 0.000000000000000000e+00 1.233385999999999871e+00 6.156873000000000484e-01
3.407487000000000155e-01 0.000000000000000000e+00 1.233122999999999969e+00 6.156093999999999733e-01
3.409983999999999793e-01 0.000000000000000000e+00 1.232858999999999927e+00 6.155315999999999566e-01
3.412480999999999987e-01 0.000000000000000000e+00 1.232595000000000107e+00 6.154538999999999982e-01
3.414979000000000209e-01 0.000000000000000000e+00 1.232332000000000205e+00 6.153764000000000456e-01
3.417475999999999847e-01 0.000000000000000000e+00 1.232067999999999941e+00 6.152990999999999877e-01
3.419973000000000041e-01 0.000000000000000000e+00 1.231804000000000121e+00 6.152218000000000409e-01
3.422470000000000234e-01 0.000000000000000000e+00 1.231539999999999857e+00 6.151446999999999887e-01
3.424966999999999873e-01 0.000000000000000000e+00 1.231275000000000119e+00 6.150678000000000534e-01
3.427464000000000066e-01 0.000000000000000000e+00 1.231011000000000077e+00 6.149909999999999544e-01
3.429961000000000260e-01 0.000000000000000000e+00 1.230747000000000035e+00 6.149143999999999721e-01
3.432458999999999927e-01 0.000000000000000000e+00 1.230482000000000076e+00 6.148379000000000483e-01
3.434956000000000120e-01 0.000000000000000000e+00 1.230218000000000034e+00 6.147616000000000192e-01
3.437452999999999759e-01 0.000000000000000000e+00 1.229953000000000074e+00 6.146854000000000484e-01
3.439949999999999952e-01 0.000000000000000000e+00 1.229688000000000114e+00 6.146093999999999724e-01
3.442447000000000146e-01 0.000000000000000000e+00 1.229422999999999933e+00 6.145334999999999548e-01
3.444943999999999784e-01 0.000000000000000000e+00 1.229157999999999973e+00 6.144578000000000539e-01
3.447440999999999978e-01 0.000000000000000000e+00 1.228893000000000013e+00 6.143821999999999894e-01
3.449938000000000171e-01 0.000000000000000000e+00 1.228627999999999831e+00 6.143068000000000417e-01
3.452435999999999838e-01 0.000000000000000000e+00 1.228363000000000094e+00 6.142315999999999887e-01
3.454933000000000032e-01 0.000000000000000000e+00 1.228097999999999912e+00 6.141564999999999941e-01
3.457430000000000225e-01 0.000000000000000000e+00 1.227832000000000034e+00 6.140816000000000052e-01
3.459926999999999864e-01 0.000000000000000000e+00 1.227567000000000075e+00 6.140067999999999637e-01
3.462424000000000057e-01 0.000000000000000000e+00 1.227301999999999893e+00 6.139322000000000390e-01
3.464921000000000251e-01 0.000000000000000000e+00 1.227036000000000016e+00 6.138578000000000090e-01
3.467417999999999889e-01 0.000000000000000000e+00 1.226769999999999916e+00 6.137835999999999848e-01
3.469916000000000111e-01 0.000000000000000000e+00 1.226503999999999817e+00 6.137095000000000189e-01
3.472412999999999750e-01 0.000000000000000000e+00 1.226239000000000079e+00 6.136355999999999478e-01
3.474909999999999943e-01 0.000000000000000000e+00 1.225972999999999979e+00 6.135618000000000460e-01
3.477407000000000137e-01 0.000000000000000000e+00 1.225707000000000102e+00 6.134882000000000390e-01
3.479903999999999775e-01 0.000000000000000000e+00 1.225441000000000003e+00 6.134148000000000378e-01
3.482400999999999969e-01 0.000000000000000000e+00 1.225174999999999903e+00 6.133416000000000423e-01
3.484898000000000162e-01 0.000000000000000000e+00 1.224907999999999886e+00 6.132686000000000526e-01
3.487394999999999801e-01 0.000000000000000000e+00 1.224642000000000008e+00 6.131957000000000102e-01
3.489893000000000023e-01 0.000000000000000000e+00 1.224375999999999909e+00 6.131229999999999736e-01
3.492390000000000216e-01 0.000000000000000000e+00 1.224108999999999892e+00 6.130503999999999953e-01
3.494886999999999855e-01 0.000000000000000000e+00 1.223843000000000014e+00 6.129780999999999702e-01
3.497384000000000048e-01 0.000000000000000000e+00 1.223576999999999915e+00 6.129059000000000035e-01
3.499881000000000242e-01 0.000000000000000000e+00 1.223309999999999897e+00 6.128337999999999841e-01
3.502377999999999880e-01 0.000000000000000000e+00 1.223042999999999880e+00 6.127620000000000289e-01
3.504875000000000074e-01 0.000000000000000000e+00 1.222777000000000003e+00 6.126903000000000210e-01
3.507372999999999741e-01 0.000000000000000000e+00 1.222509999999999986e+00 6.126188000000000189e-01
3.509869999999999934e-01 0.000000000000000000e+00 1.222242999999999968e+00 6.125475000000000225e-01
3.512367000000000128e-01 0.000000000000000000e+00 1.221976000000000173e+00 6.124762999999999735e-01
3.514863999999999766e-01 0.000000000000000000e+00 1.221709000000000156e+00 6.124053000000000413e-01
3.517360999999999960e-01 0.000000000000000000e+00 1.221441999999999917e+00 6.123345000000000038e-01
3.519858000000000153e-01 0.000000000000000000e+00 1.221174999999999899e+00 6.122638999999999720e-01
3.522354999999999792e-01 0.000000000000000000e+00 1.220907999999999882e+00 6.121933999999999987e-01
3.524853000000000014e-01 0.000000000000000000e+00 1.220641000000000087e+00 6.121231000000000311e-01
3.527350000000000207e-01 0.000000000000000000e+00 1.220374000000000070e+00 6.120529999999999582e-01
3.529846999999999846e-01 0.000000000000000000e+00 1.220107000000000053e+00 6.119830000000000547e-01
3.532344000000000039e-01 0.000000000000000000e+00 1.219838999999999896e+00 6.119132000000000460e-01
3.534841000000000233e-01 0.000000000000000000e+00 1.219571999999999878e+00 6.118436000000000430e-01
3.537337999999999871e-01 0.000000000000000000e+00 1.219305000000000083e+00 6.117740999999999874e-01
3.539835000000000065e-01 0.000000000000000000e+00 1.219036999999999926e+00 6.117048000000000485e-01
3.542332000000000258e-01 0.000000000000000000e+00 1.218768999999999991e+00 6.116357000000000044e-01
3.544829999999999925e-01 0.000000000000000000e+00 1.218501999999999974e+00 6.115667000000000186e-01
3.547327000000000119e-01 0.000000000000000000e+00 1.218233999999999817e+00 6.114979999999999860e-01
3.549823999999999757e-01 0.000000000000000000e+00 1.217967000000000022e+00 6.114294000000000118e-01
3.552320999999999951e-01 0.000000000000000000e+00 1.217699000000000087e+00 6.113608999999999849e-01
3.554818000000000144e-01 0.000000000000000000e+00 1.217430999999999930e+00 6.112925999999999638e-01
3.557314999999999783e-01 0.000000000000000000e+00 1.217162999999999995e+00 6.112244999999999484e-01
3.559811999999999976e-01 0.000000000000000000e+00 1.216895000000000060e+00 6.111566000000000498e-01
3.562310000000000199e-01 0.000000000000000000e+00 1.216626999999999903e+00 6.110887999999999876e-01
3.564806999999999837e-01 0.000000000000000000e+00 1.216358999999999968e+00 6.110212000000000421e-01
3.567304000000000030e-01 0.000000000000000000e+00 1.216090999999999811e+00 6.109537999999999913e-01
3.569801000000000224e-01 0.000000000000000000e+00 1.215823000000000098e+00 6.108864999999999990e-01
3.572297999999999862e-01 0.000000000000000000e+00 1.215555000000000163e+00 6.108194000000000123e-01
3.574795000000000056e-01 0.000000000000000000e+00 1.215287000000000006e+00 6.107523999999999731e-01
3.577292000000000249e-01 0.000000000000000000e+00 1.215019000000000071e+00 6.106856999999999980e-01
3.579788999999999888e-01 0.000000000000000000e+00 1.214749999999999996e+00 6.106190000000000229e-01
3.582287000000000110e-01 0.000000000000000000e+00 1.214482000000000061e+00 6.105526000000000009e-01
3.584783999999999748e-01 0.000000000000000000e+00 1.214213999999999904e+00 6.104863000000000373e-01
3.587280999999999942e-01 0.000000000000000000e+00 1.213945999999999970e+00 6.104201999999999684e-01
3.589778000000000135e-01 0.000000000000000000e+00 1.213676999999999895e+00 6.103541999999999579e-01
3.592274999999999774e-01 0.000000000000000000e+00 1.213409000000000182e+00 6.102883999999999531e-01
3.594771999999999967e-01 0.000000000000000000e+00 1.213140000000000107e+00 6.102227999999999541e-01
3.597269000000000161e-01 0.000000000000000000e+00 1.212872000000000172e+00 6.101573000000000135e-01
3.599766999999999828e-01 0.000000000000000000e+00 1.212603000000000097e+00 6.100919999999999677e-01
3.602264000000000022e-01 0.000000000000000000e+00 1.212334999999999940e+00 6.100267999999999802e-01
3.604761000000000215e-01 0.000000000000000000e+00 1.212066000000000088e+00 6.099617999999999984e-01
3.607257999999999853e-01 0.000000000000000000e+00 1.211797999999999931e+00 6.098968999999999641e-01
3.609755000000000047e-01 0.000000000000000000e+00 1.211529000000000078e+00 6.098322000000000465e-01
3.612252000000000240e-01 0.000000000000000000e+00 1.211260000000000003e+00 6.097677000000000236e-01
3.614748999999999879e-01 0.000000000000000000e+00 1.210992000000000068e+00 6.097032999999999481e-01
3.617246000000000072e-01 0.000000000000000000e+00 1.210722999999999994e+00 6.096390000000000420e-01
3.619743999999999740e-01 0.000000000000000000e+00 1.210453999999999919e+00 6.095749000000000306e-01
3.622240999999999933e-01 0.000000000000000000e+00 1.210185999999999984e+00 6.095108999999999666e-01
3.624738000000000127e-01 0.000000000000000000e+00 1.209916999999999909e+00 6.094471000000000194e-01
3.627234999999999765e-01 0.000000000000000000e+00 1.209647999999999834e+00 6.093834000000000195e-01
3.629731999999999958e-01 0.000000000000000000e+00 1.209378999999999982e+00 6.093199000000000254e-01
3.632229000000000152e-01 0.000000000000000000e+00 1.209111000000000047e+00 6.092564999999999786e-01
3.634725999999999790e-01 0.000000000000000000e+00 1.208842000000000194e+00 6.091931999999999903e-01
3.637224000000000013e-01 0.000000000000000000e+00 1.208573000000000119e+00 6.091301000000000077e-01
3.639721000000000206e-01 0.000000000000000000e+00 1.208304000000000045e+00 6.090670999999999724e-01
3.642217999999999845e-01 0.000000000000000000e+00 1.208036000000000110e+00 6.090043000000000539e-01
3.644715000000000038e-01 0.000000000000000000e+00 1.207767000000000035e+00 6.089415999999999718e-01
3.647212000000000232e-01 0.000000000000000000e+00 1.207497999999999960e+00 6.088789999999999480e-01
3.649708999999999870e-01 0.000000000000000000e+00 1.207229000000000108e+00 6.088166000000000411e-01
3.652206000000000063e-01 0.000000000000000000e+00 1.206960000000000033e+00 6.087542000000000231e-01
3.654703000000000257e-01 0.000000000000000000e+00 1.206690999999999958e+00 6.086920999999999582e-01
3.657200999999999924e-01 0.000000000000000000e+00 1.206423000000000023e+00 6.086300000000000043e-01
3.659698000000000118e-01 0.000000000000000000e+00 1.206153999999999948e+00 6.085680999999999452e-01
3.662194999999999756e-01 0.000000000000000000e+00 1.205885000000000096e+00 6.085063000000000555e-01
3.664691999999999950e-01 0.000000000000000000e+00 1.205616000000000021e+00 6.084446999999999495e-01
3.667189000000000143e-01 0.000000000000000000e+00 1.205346999999999946e+00 6.083830999999999545e-01
3.669685999999999781e-01 0.000000000000000000e+00 1.205077999999999872e+00 6.083216999999999652e-01
3.672182999999999975e-01 0.000000000000000000e+00 1.204809000000000019e+00 6.082604000000000344e-01
3.674681000000000197e-01 0.000000000000000000e+00 1.204539999999999944e+00 6.081992999999999983e-01
3.677177999999999836e-01 0.000000000000000000e+00 1.204270999999999869e+00 6.081381999999999621e-01
3.679675000000000029e-01 0.000000000000000000e+00 1.204002000000000017e+00 6.080773000000000428e-01
3.682172000000000223e-01 0.000000000000000000e+00 1.203732999999999942e+00 6.080164999999999598e-01
3.684668999999999861e-01 0.000000000000000000e+00 1.203463999999999867e+00 6.079558000000000462e-01
3.687166000000000055e-01 0.000000000000000000e+00 1.203195000000000014e+00 6.078953000000000273e-01
3.689663000000000248e-01 0.000000000000000000e+00 1.202925999999999940e+00 6.078348000000000084e-01
3.692160999999999915e-01 0.000000000000000000e+00 1.202656999999999865e+00 6.077744999999999953e-01
3.694658000000000109e-01 0.000000000000000000e+00 1.202388000000000012e+00 6.077143000000000406e-01
3.697154999999999747e-01 0.000000000000000000e+00 1.202118999999999938e+00 6.076542000000000332e-01
3.699651999999999941e-01 0.000000000000000000e+00 1.201849999999999863e+00 6.075943000000000316e-01
3.702149000000000134e-01 0.000000000000000000e+00 1.201581000000000010e+00 6.075344000000000300e-01
3.704645999999999773e-01 0.000000000000000000e+00 1.201311999999999935e+00 6.074747000000000341e-01
3.707142999999999966e-01 0.000000000000000000e+00 1.201042999999999861e+00 6.074150999999999856e-01
3.709640000000000160e-01 0.000000000000000000e+00 1.200773999999999786e+00 6.073555999999999955e-01
3.712137999999999827e-01 0.000000000000000000e+00 1.200505000000000155e+00 6.072961999999999527e-01
3.714635000000000020e-01 0.000000000000000000e+00 1.200236000000000081e+00 6.072368999999999684e-01
3.717132000000000214e-01 0.000000000000000000e+00 1.199967000000000006e+00 6.071777999999999897e-01
3.719628999999999852e-01 0.000000000000000000e+00 1.199698000000000153e+00 6.071187999999999585e-01
3.722126000000000046e-01 0.000000000000000000e+00 1.199429999999999996e+00 6.070598000000000383e-01
3.724623000000000239e-01 0.000000000000000000e+00 1.199161000000000143e+00 6.070010000000000128e-01
3.727119999999999878e-01 0.000000000000000000e+00 1.198892000000000069e+00 6.069423000000000457e-01
3.729618000000000100e-01 0.000000000000000000e+00 1.198622999999999994e+00 6.068837000000000259e-01
3.732114999999999738e-01 0.000000000000000000e+00 1.198354000000000141e+00 6.068251999999999535e-01
3.734611999999999932e-01 0.000000000000000000e+00 1.198085000000000067e+00 6.067668999999999979e-01
3.737109000000000125e-01 0.000000000000000000e+00 1.197815999999999992e+00 6.067086000000000423e-01
3.739605999999999764e-01 0.000000000000000000e+00 1.197548000000000057e+00 6.066504000000000341e-01
3.742102999999999957e-01 0.000000000000000000e+00 1.197278999999999982e+00 6.065924000000000316e-01
3.744600000000000151e-01 0.000000000000000000e+00 1.197009999999999907e+00 6.065344000000000291e-01
3.747096999999999789e-01 0.000000000000000000e+00 1.196741000000000055e+00 6.064766000000000323e-01
3.749595000000000011e-01 0.000000000000000000e+00 1.196471999999999980e+00 6.064188999999999830e-01
3.752092000000000205e-01 0.000000000000000000e+00 1.196204000000000045e+00 6.063612999999999920e-01
3.754588999999999843e-01 0.000000000000000000e+00 1.195934999999999970e+00 6.063037000000000010e-01
3.757086000000000037e-01 0.000000000000000000e+00 1.195665999999999896e+00 6.062463000000000157e-01
3.759583000000000230e-01 0.000000000000000000e+00 1.195397000000000043e+00 6.061889999999999779e-01
3.762079999999999869e-01 0.000000000000000000e+00 1.195128999999999886e+00 6.061317999999999984e-01
3.764577000000000062e-01 0.000000000000000000e+00 1.194859999999999811e+00 6.060746999999999662e-01
3.767074999999999729e-01 0.000000000000000000e+00 1.194590999999999958e+00 6.060176999999999925e-01
3.769571999999999923e-01 0.000000000000000000e+00 1.194323000000000023e+00 6.059607999999999661e-01
3.772069000000000116e-01 0.000000000000000000e+00 1.194054000000000171e+00 6.059039999999999981e-01
3.774565999999999755e-01 0.000000000000000000e+00 1.193785000000000096e+00 6.058472999999999775e-01
3.777062999999999948e-01 0.000000000000000000e+00 1.193517000000000161e+00 6.057907000000000153e-01
3.779560000000000142e-01 0.000000000000000000e+00 1.193248000000000086e+00 6.057342000000000004e-01
3.782056999999999780e-01 0.000000000000000000e+00 1.192979999999999929e+00 6.056778000000000439e-01
3.784553999999999974e-01 0.000000000000000000e+00 1.192711000000000077e+00 6.056215000000000348e-01
3.787052000000000196e-01 0.000000000000000000e+00 1.192442999999999920e+00 6.055652000000000257e-01
3.789548999999999834e-01 0.000000000000000000e+00 1.192174000000000067e+00 6.055091000000000223e-01
3.792046000000000028e-01 0.000000000000000000e+00 1.191905999999999910e+00 6.054530999999999663e-01
3.794543000000000221e-01 0.000000000000000000e+00 1.191636999999999835e+00 6.053971999999999687e-01
3.797039999999999860e-01 0.000000000000000000e+00 1.191368999999999900e+00 6.053414000000000295e-01
3.799537000000000053e-01 0.000000000000000000e+00 1.191101000000000187e+00 6.052855999999999792e-01
3.802034000000000247e-01 0.000000000000000000e+00 1.190832000000000113e+00 6.052300000000000457e-01
3.804531999999999914e-01 0.000000000000000000e+00 1.190564000000000178e+00 6.051744000000000012e-01
3.807029000000000107e-01 0.000000000000000000e+00 1.190296000000000021e+00 6.051189999999999625e-01
3.809525999999999746e-01 0.000000000000000000e+00 1.190026999999999946e+00 6.050636000000000347e-01
3.812022999999999939e-01 0.000000000000000000e+00 1.189759000000000011e+00 6.050084000000000017e-01
3.814520000000000133e-01 0.000000000000000000e+00 1.189491000000000076e+00 6.049531999999999687e-01
3.817016999999999771e-01 0.000000000000000000e+00 1.189222999999999919e+00 6.048980999999999941e-01
3.819513999999999965e-01 0.000000000000000000e+00 1.188954999999999984e+00 6.048430999999999669e-01
3.822011000000000158e-01 0.000000000000000000e+00 1.188686999999999827e+00 6.047881999999999980e-01
3.824508999999999825e-01 0.000000000000000000e+00 1.188419000000000114e+00 6.047333999999999765e-01
3.827006000000000019e-01 0.000000000000000000e+00 1.188150999999999957e+00 6.046785999999999550e-01
3.829503000000000212e-01 0.000000000000000000e+00 1.187883000000000022e+00 6.046240000000000503e-01
3.831999999999999851e-01 0.000000000000000000e+00 1.187615000000000087e+00 6.045694000000000345e-01
3.834497000000000044e-01 0.000000000000000000e+00 1.187346999999999930e+00 6.045148999999999662e-01
3.836994000000000238e-01 0.000000000000000000e+00 1.187078999999999995e+00 6.044606000000000146e-01
3.839490999999999876e-01 0.000000000000000000e+00 1.186810999999999838e+00 6.044062999999999519e-01
3.841989000000000098e-01 0.000000000000000000e+00 1.186542999999999903e+00 6.043520000000000003e-01
3.844485999999999737e-01 0.000000000000000000e+00 1.186276000000000108e+00 6.042979000000000545e-01
3.846982999999999930e-01 0.000000000000000000e+00 1.186007999999999951e+00 6.042438999999999449e-01
3.849480000000000124e-01 0.000000000000000000e+00 1.185740000000000016e+00 6.041898999999999464e-01
3.851976999999999762e-01 0.000000000000000000e+00 1.185472000000000081e+00 6.041360000000000063e-01
3.854473999999999956e-01 0.000000000000000000e+00 1.185204999999999842e+00 6.040822000000000136e-01
3.856971000000000149e-01 0.000000000000000000e+00 1.184936999999999907e+00 6.040284999999999682e-01
3.859468999999999816e-01 0.000000000000000000e+00 1.184670000000000112e+00 6.039748999999999812e-01
3.861966000000000010e-01 0.000000000000000000e+00 1.184401999999999955e+00 6.039212999999999942e-01
3.864463000000000203e-01 0.000000000000000000e+00 1.184134999999999938e+00 6.038677999999999546e-01
3.866959999999999842e-01 0.000000000000000000e+00 1.183867999999999920e+00 6.038145000000000318e-01
3.869457000000000035e-01 0.000000000000000000e+00 1.183599999999999985e+00 6.037611999999999979e-01
3.871954000000000229e-01 0.000000000000000000e+00 1.183333000000000190e+00 6.037078999999999640e-01
3.874450999999999867e-01 0.000000000000000000e+00 1.183065999999999951e+00 6.036548000000000469e-01
3.876948000000000061e-01 0.000000000000000000e+00 1.182798999999999934e+00 6.036017999999999661e-01
3.879445999999999728e-01 0.000000000000000000e+00 1.182531999999999917e+00 6.035487999999999964e-01
3.881942999999999921e-01 0.000000000000000000e+00 1.182265000000000121e+00 6.034958999999999740e-01
3.884440000000000115e-01 0.000000000000000000e+00 1.181998000000000104e+00 6.034431000000000100e-01
3.886936999999999753e-01 0.000000000000000000e+00 1.181731000000000087e+00 6.033903999999999934e-01
3.889433999999999947e-01 0.000000000000000000e+00 1.181463999999999848e+00 6.033376999999999768e-01
3.891931000000000140e-01 0.000000000000000000e+00 1.181196999999999830e+00 6.032851999999999659e-01
3.894427999999999779e-01 0.000000000000000000e+00 1.180930999999999953e+00 6.032326999999999551e-01
3.896926000000000001e-01 0.000000000000000000e+00 1.180663999999999936e+00 6.031803000000000026e-01
3.899423000000000195e-01 0.000000000000000000e+00 1.180397999999999836e+00 6.031279999999999974e-01
3.901919999999999833e-01 0.000000000000000000e+00 1.180131000000000041e+00 6.030756999999999923e-01
3.904417000000000026e-01 0.000000000000000000e+00 1.179864999999999942e+00 6.030235999999999930e-01
3.906914000000000220e-01 0.000000000000000000e+00 1.179597999999999924e+00 6.029714999999999936e-01
3.909410999999999858e-01 0.000000000000000000e+00 1.179332000000000047e+00 6.029195000000000526e-01
3.911908000000000052e-01 0.000000000000000000e+00 1.179065999999999947e+00 6.028675999999999480e-01
3.914405000000000245e-01 0.000000000000000000e+00 1.178799999999999848e+00 6.028158000000000127e-01
3.916902999999999913e-01 0.000000000000000000e+00 1.178534000000000193e+00 6.027639999999999665e-01
3.919400000000000106e-01 0.000000000000000000e+00 1.178268000000000093e+00 6.027122999999999786e-01
3.921896999999999744e-01 0.000000000000000000e+00 1.178001999999999994e+00 6.026607000000000491e-01
3.924393999999999938e-01 0.000000000000000000e+00 1.177736000000000116e+00 6.026091999999999560e-01
3.926891000000000131e-01 0.000000000000000000e+00 1.177470000000000017e+00 6.025578000000000323e-01
3.929387999999999770e-01 0.000000000000000000e+00 1.177203999999999917e+00 6.025063999999999975e-01
3.931884999999999963e-01 0.000000000000000000e+00 1.176938000000000040e+00 6.024551000000000212e-01
3.934383000000000186e-01 0.000000000000000000e+00 1.176673000000000080e+00 6.024038999999999922e-01
3.936879999999999824e-01 0.000000000000000000e+00 1.176406999999999980e+00 6.023528000000000215e-01
3.939377000000000018e-01 0.000000000000000000e+00 1.176141000000000103e+00 6.023017000000000509e-01
3.941874000000000211e-01 0.000000000000000000e+00 1.175875999999999921e+00 6.022507999999999750e-01
3.944370999999999849e-01 0.000000000000000000e+00 1.175611000000000184e+00 6.021999000000000102e-01
3.946868000000000043e-01 0.000000000000000000e+00 1.175345000000000084e+00 6.021490000000000453e-01
3.949365000000000236e-01 0.000000000000000000e+00 1.175079999999999902e+00 6.020982999999999752e-01
3.951861999999999875e-01 0.000000000000000000e+00 1.174815000000000165e+00 6.020476000000000161e-01
3.954360000000000097e-01 0.000000000000000000e+00 1.174549999999999983e+00 6.019970000000000043e-01
3.956856999999999736e-01 0.000000000000000000e+00 1.174285000000000023e+00 6.019463999999999926e-01
3.959353999999999929e-01 0.000000000000000000e+00 1.174020000000000064e+00 6.018959000000000392e-01
3.961851000000000123e-01 0.000000000000000000e+00 1.173755000000000104e+00 6.018455000000000332e-01
3.964347999999999761e-01 0.000000000000000000e+00 1.173489999999999922e+00 6.017951999999999746e-01
3.966844999999999954e-01 0.000000000000000000e+00 1.173224999999999962e+00 6.017449000000000270e-01
3.969342000000000148e-01 0.000000000000000000e+00 1.172960999999999920e+00 6.016947000000000267e-01
3.971839999999999815e-01 0.000000000000000000e+00 1.172695999999999961e+00 6.016445000000000265e-01
3.974337000000000009e-01 0.000000000000000000e+00 1.172431999999999919e+00 6.015945000000000320e-01
3.976834000000000202e-01 0.000000000000000000e+00 1.172167999999999877e+00 6.015443999999999791e-01
3.979330999999999841e-01 0.000000000000000000e+00 1.171902999999999917e+00 6.014945000000000430e-01
3.981828000000000034e-01 0.000000000000000000e+00 1.171638999999999875e+00 6.014445999999999959e-01
3.984325000000000228e-01 0.000000000000000000e+00 1.171375000000000055e+00 6.013946999999999488e-01
3.986821999999999866e-01 0.000000000000000000e+00 1.171111000000000013e+00 6.013450000000000184e-01
3.989319000000000059e-01 0.000000000000000000e+00 1.170846999999999971e+00 6.012952000000000297e-01
3.991816999999999727e-01 0.000000000000000000e+00 1.170584000000000069e+00 6.012456000000000467e-01
3.994313999999999920e-01 0.000000000000000000e+00 1.170320000000000027e+00 6.011959999999999527e-01
3.996811000000000114e-01 0.000000000000000000e+00 1.170055999999999985e+00 6.011463999999999697e-01
3.999307999999999752e-01 0.000000000000000000e+00 1.169792999999999861e+00 6.010969999999999924e-01
4.001804999999999946e-01 0.000000000000000000e+00 1.169529000000000041e+00 6.010474999999999568e-01
4.004302000000000139e-01 0.000000000000000000e+00 1.169266000000000139e+00 6.009980999999999796e-01
4.006798999999999777e-01 0.000000000000000000e+00 1.169003000000000014e+00 6.009487999999999497e-01
4.009297000000000000e-01 0.000000000000000000e+00 1.168740000000000112e+00 6.008995000000000308e-01
4.011794000000000193e-01 0.000000000000000000e+00 1.168476999999999988e+00 6.008502999999999483e-01
4.014290999999999832e-01 0.000000000000000000e+00 1.168213999999999864e+00 6.008010999999999768e-01
4.016788000000000025e-01 0.000000000000000000e+00 1.167950999999999961e+00 6.007519999999999527e-01
4.019285000000000219e-01 0.000000000000000000e+00 1.167688000000000059e+00 6.007029000000000396e-01
4.021781999999999857e-01 0.000000000000000000e+00 1.167425999999999853e+00 6.006538999999999628e-01
4.024279000000000051e-01 0.000000000000000000e+00 1.167162999999999951e+00 6.006050000000000555e-01
4.026777000000000273e-01 0.000000000000000000e+00 1.166900999999999966e+00 6.005559999999999787e-01
4.029273999999999911e-01 0.000000000000000000e+00 1.166637999999999842e+00 6.005072000000000187e-01
4.031771000000000105e-01 0.000000000000000000e+00 1.166376000000000079e+00 6.004583000000000004e-01
4.034267999999999743e-01 0.000000000000000000e+00 1.166114000000000095e+00 6.004095000000000404e-01
4.036764999999999937e-01 0.000000000000000000e+00 1.165852000000000110e+00 6.003608000000000278e-01
4.039262000000000130e-01 0.000000000000000000e+00 1.165589999999999904e+00 6.003121000000000151e-01
4.041758999999999769e-01 0.000000000000000000e+00 1.165327999999999919e+00 6.002634999999999499e-01
4.044255999999999962e-01 0.000000000000000000e+00 1.165065999999999935e+00 6.002148999999999957e-01
4.046754000000000184e-01 0.000000000000000000e+00 1.164804000000000173e+00 6.001663000000000414e-01
4.049250999999999823e-01 0.000000000000000000e+00 1.164542999999999884e+00 6.001178000000000345e-01
4.051748000000000016e-01 0.000000000000000000e+00 1.164280999999999899e+00 6.000693000000000277e-01
4.054245000000000210e-01 0.000000000000000000e+00 1.164020000000000055e+00 6.000208999999999682e-01
4.056741999999999848e-01 0.000000000000000000e+00 1.163758999999999988e+00 5.999725000000000197e-01
4.059239000000000042e-01 0.000000000000000000e+00 1.163498000000000143e+00 5.999242000000000186e-01
4.061736000000000235e-01 0.000000000000000000e+00 1.163237000000000076e+00 5.998759000000000174e-01
4.064233999999999902e-01 0.000000000000000000e+00 1.162976000000000010e+00 5.998276000000000163e-01
4.066731000000000096e-01 0.000000000000000000e+00 1.162714999999999943e+00 5.997793999999999626e-01
4.069227999999999734e-01 0.000000000000000000e+00 1.162455000000000016e+00 5.997312000000000198e-01
4.071724999999999928e-01 0.000000000000000000e+00 1.162193999999999949e+00 5.996831000000000245e-01
4.074222000000000121e-01 0.000000000000000000e+00 1.161934000000000022e+00 5.996350000000000291e-01
4.076718999999999760e-01 0.000000000000000000e+00 1.161672999999999956e+00 5.995869000000000337e-01
4.079215999999999953e-01 0.000000000000000000e+00 1.161413000000000029e+00 5.995388999999999857e-01
4.081713000000000147e-01 0.000000000000000000e+00 1.161153000000000102e+00 5.994909000000000487e-01
4.084210999999999814e-01 0.000000000000000000e+00 1.160892999999999953e+00 5.994429999999999481e-01
4.086708000000000007e-01 0.000000000000000000e+00 1.160633000000000026e+00 5.993950000000000111e-01
4.089205000000000201e-01 0.000000000000000000e+00 1.160374000000000017e+00 5.993471999999999689e-01
4.091701999999999839e-01 0.000000000000000000e+00 1.160114000000000090e+00 5.992992999999999792e-01
4.094199000000000033e-01 0.000000000000000000e+00 1.159855000000000080e+00 5.992515000000000480e-01
4.096696000000000226e-01 0.000000000000000000e+00 1.159594999999999931e+00 5.992037000000000058e-01
4.099192999999999865e-01 0.000000000000000000e+00 1.159335999999999922e+00 5.991560000000000219e-01
4.101691000000000087e-01 0.000000000000000000e+00 1.159076999999999913e+00 5.991083000000000380e-01
4.104187999999999725e-01 0.000000000000000000e+00 1.158817999999999904e+00 5.990606000000000542e-01
4.106684999999999919e-01 0.000000000000000000e+00 1.158558999999999894e+00 5.990130000000000177e-01
4.109182000000000112e-01 0.000000000000000000e+00 1.158301000000000025e+00 5.989653000000000338e-01
4.111678999999999751e-01 0.000000000000000000e+00 1.158042000000000016e+00 5.989176999999999973e-01
4.114175999999999944e-01 0.000000000000000000e+00 1.157784000000000146e+00 5.988702000000000192e-01
4.116673000000000138e-01 0.000000000000000000e+00 1.157525000000000137e+00 5.988227000000000411e-01
4.119169999999999776e-01 0.000000000000000000e+00 1.157267000000000046e+00 5.987751999999999519e-01
4.121667999999999998e-01 0.000000000000000000e+00 1.157008999999999954e+00 5.987276999999999738e-01
4.124165000000000192e-01 0.000000000000000000e+00 1.156751000000000085e+00 5.986801999999999957e-01
4.126661999999999830e-01 0.000000000000000000e+00 1.156492999999999993e+00 5.986327999999999649e-01
4.129159000000000024e-01 0.000000000000000000e+00 1.156234999999999902e+00 5.985854000000000452e-01
4.131656000000000217e-01 0.000000000000000000e+00 1.155978000000000172e+00 5.985380000000000145e-01
4.134152999999999856e-01 0.000000000000000000e+00 1.155720000000000081e+00 5.984907000000000421e-01
4.136650000000000049e-01 0.000000000000000000e+00 1.155462999999999907e+00 5.984433999999999587e-01
4.139148000000000271e-01 0.000000000000000000e+00 1.155205999999999955e+00 5.983960999999999864e-01
4.141644999999999910e-01 0.000000000000000000e+00 1.154948000000000086e+00 5.983488000000000140e-01
4.144142000000000103e-01 0.000000000000000000e+00 1.154691000000000134e+00 5.983015000000000416e-01
4.146638999999999742e-01 0.000000000000000000e+00 1.154433999999999960e+00 5.982543000000000166e-01
4.149135999999999935e-01 0.000000000000000000e+00 1.154178000000000148e+00 5.982070000000000443e-01
4.151633000000000129e-01 0.000000000000000000e+00 1.153920999999999975e+00 5.981598000000000193e-01
4.154129999999999767e-01 0.000000000000000000e+00 1.153664000000000023e+00 5.981125999999999943e-01
4.156626999999999961e-01 0.000000000000000000e+00 1.153407999999999989e+00 5.980655000000000276e-01
4.159125000000000183e-01 0.000000000000000000e+00 1.153151999999999955e+00 5.980183000000000026e-01
4.161621999999999821e-01 0.000000000000000000e+00 1.152895000000000003e+00 5.979712000000000360e-01
4.164119000000000015e-01 0.000000000000000000e+00 1.152638999999999969e+00 5.979240000000000110e-01
4.166616000000000208e-01 0.000000000000000000e+00 1.152382999999999935e+00 5.978769000000000444e-01
4.169112999999999847e-01 0.000000000000000000e+00 1.152126999999999901e+00 5.978297999999999668e-01
4.171610000000000040e-01 0.000000000000000000e+00 1.151872000000000007e+00 5.977827000000000002e-01
4.174107000000000234e-01 0.000000000000000000e+00 1.151615999999999973e+00 5.977356999999999809e-01
4.176604999999999901e-01 0.000000000000000000e+00 1.151359999999999939e+00 5.976886000000000143e-01
4.179102000000000094e-01 0.000000000000000000e+00 1.151105000000000045e+00 5.976415999999999951e-01
4.181598999999999733e-01 0.000000000000000000e+00 1.150849000000000011e+00 5.975945000000000285e-01
4.184095999999999926e-01 0.000000000000000000e+00 1.150594000000000117e+00 5.975475000000000092e-01
4.186593000000000120e-01 0.000000000000000000e+00 1.150339000000000000e+00 5.975004999999999900e-01
4.189089999999999758e-01 0.000000000000000000e+00 1.150084000000000106e+00 5.974534000000000233e-01
4.191586999999999952e-01 0.000000000000000000e+00 1.149828999999999990e+00 5.974064000000000041e-01
4.194085000000000174e-01 0.000000000000000000e+00 1.149574000000000096e+00 5.973593999999999848e-01
4.196581999999999812e-01 0.000000000000000000e+00 1.149319999999999897e+00 5.973123999999999656e-01
4.199079000000000006e-01 0.000000000000000000e+00 1.149065000000000003e+00 5.972653999999999463e-01
4.201576000000000199e-01 0.000000000000000000e+00 1.148811000000000027e+00 5.972184000000000381e-01
4.204072999999999838e-01 0.000000000000000000e+00 1.148556000000000132e+00 5.971714000000000189e-01
4.206570000000000031e-01 0.000000000000000000e+00 1.148301999999999934e+00 5.971244999999999470e-01
4.209067000000000225e-01 0.000000000000000000e+00 1.148047999999999957e+00 5.970775000000000388e-01
4.211563999999999863e-01 0.000000000000000000e+00 1.147794000000000203e+00 5.970305000000000195e-01
4.214062000000000086e-01 0.000000000000000000e+00 1.147540000000000004e+00 5.969835000000000003e-01
4.216558999999999724e-01 0.000000000000000000e+00 1.147286000000000028e+00 5.969366000000000394e-01
4.219055999999999917e-01 0.000000000000000000e+00 1.147031999999999829e+00 5.968896000000000202e-01
4.221553000000000111e-01 0.000000000000000000e+00 1.146778999999999993e+00 5.968426000000000009e-01
4.224049999999999749e-01 0.000000000000000000e+00 1.146525000000000016e+00 5.967957000000000400e-01
4.226546999999999943e-01 0.000000000000000000e+00 1.146271999999999958e+00 5.967487000000000208e-01
4.229044000000000136e-01 0.000000000000000000e+00 1.146018999999999899e+00 5.967017000000000015e-01
4.231541999999999804e-01 0.000000000000000000e+00 1.145766000000000062e+00 5.966546999999999823e-01
4.234038999999999997e-01 0.000000000000000000e+00 1.145513000000000003e+00 5.966076999999999630e-01
4.236536000000000191e-01 0.000000000000000000e+00 1.145259999999999945e+00 5.965608000000000022e-01
4.239032999999999829e-01 0.000000000000000000e+00 1.145007000000000108e+00 5.965137999999999829e-01
4.241530000000000022e-01 0.000000000000000000e+00 1.144753999999999827e+00 5.964667999999999637e-01
4.244027000000000216e-01 0.000000000000000000e+00 1.144501999999999908e+00 5.964198000000000555e-01
4.246523999999999854e-01 0.000000000000000000e+00 1.144249000000000072e+00 5.963728000000000362e-01
4.249021000000000048e-01 0.000000000000000000e+00 1.143997000000000153e+00 5.963258000000000170e-01
4.251519000000000270e-01 0.000000000000000000e+00 1.143744999999999790e+00 5.962787999999999977e-01
4.254015999999999909e-01 0.000000000000000000e+00 1.143492999999999871e+00 5.962317999999999785e-01
4.256513000000000102e-01 0.000000000000000000e+00 1.143240999999999952e+00 5.961847000000000119e-01
4.259009999999999740e-01 0.000000000000000000e+00 1.142989000000000033e+00 5.961376999999999926e-01
4.261506999999999934e-01 0.000000000000000000e+00 1.142737000000000114e+00 5.960906999999999734e-01
4.264004000000000127e-01 0.000000000000000000e+00 1.142484999999999973e+00 5.960436000000000067e-01
4.266500999999999766e-01 0.000000000000000000e+00 1.142233999999999972e+00 5.959965000000000401e-01
4.268998999999999988e-01 0.000000000000000000e+00 1.141982000000000053e+00 5.959495000000000209e-01
4.271496000000000182e-01 0.000000000000000000e+00 1.141731000000000051e+00 5.959024000000000543e-01
4.273992999999999820e-01 0.000000000000000000e+00 1.141480000000000050e+00 5.958552999999999766e-01
4.276490000000000014e-01 0.000000000000000000e+00 1.141228000000000131e+00 5.958082000000000100e-01
4.278987000000000207e-01 0.000000000000000000e+00 1.140977000000000130e+00 5.957611000000000434e-01
4.281483999999999845e-01 0.000000000000000000e+00 1.140726000000000129e+00 5.957139000000000184e-01
4.283981000000000039e-01 0.000000000000000000e+00 1.140474999999999905e+00 5.956668000000000518e-01
4.286478000000000232e-01 0.000000000000000000e+00 1.140224999999999822e+00 5.956196000000000268e-01
4.288975999999999900e-01 0.000000000000000000e+00 1.139974000000000043e+00 5.955724000000000018e-01
4.291473000000000093e-01 0.000000000000000000e+00 1.139723999999999959e+00 5.955251999999999768e-01
4.293969999999999732e-01 0.000000000000000000e+00 1.139472999999999958e+00 5.954779999999999518e-01
4.296466999999999925e-01 0.000000000000000000e+00 1.139222999999999875e+00 5.954308000000000378e-01
4.298964000000000119e-01 0.000000000000000000e+00 1.138973000000000013e+00 5.953834999999999544e-01
4.301460999999999757e-01 0.000000000000000000e+00 1.138722999999999930e+00 5.953361999999999821e-01
4.303957999999999950e-01 0.000000000000000000e+00 1.138472999999999846e+00 5.952889000000000097e-01
4.306456000000000173e-01 0.000000000000000000e+00 1.138222999999999985e+00 5.952416000000000373e-01
4.308952999999999811e-01 0.000000000000000000e+00 1.137972999999999901e+00 5.951942000000000066e-01
4.311450000000000005e-01 0.000000000000000000e+00 1.137723000000000040e+00 5.951467999999999758e-01
4.313947000000000198e-01 0.000000000000000000e+00 1.137473999999999874e+00 5.950993999999999451e-01
4.316443999999999837e-01 0.000000000000000000e+00 1.137224000000000013e+00 5.950520000000000254e-01
4.318941000000000030e-01 0.000000000000000000e+00 1.136974999999999847e+00 5.950045000000000472e-01
4.321438000000000224e-01 0.000000000000000000e+00 1.136726000000000125e+00 5.949569999999999581e-01
4.323934999999999862e-01 0.000000000000000000e+00 1.136477000000000182e+00 5.949094999999999800e-01
4.326433000000000084e-01 0.000000000000000000e+00 1.136228000000000016e+00 5.948619000000000545e-01
4.328929999999999723e-01 0.000000000000000000e+00 1.135979000000000072e+00 5.948143000000000180e-01
4.331426999999999916e-01 0.000000000000000000e+00 1.135730000000000128e+00 5.947666999999999815e-01
4.333924000000000110e-01 0.000000000000000000e+00 1.135480999999999963e+00 5.947189999999999976e-01
4.336420999999999748e-01 0.000000000000000000e+00 1.135232999999999937e+00 5.946713000000000138e-01
4.338917999999999942e-01 0.000000000000000000e+00 1.134983999999999993e+00 5.946236000000000299e-01
4.341415000000000135e-01 0.000000000000000000e+00 1.134736000000000189e+00 5.945757999999999877e-01
4.343912999999999802e-01 0.000000000000000000e+00 1.134488000000000163e+00 5.945279999999999454e-01
4.346409999999999996e-01 0.000000000000000000e+00 1.134238999999999997e+00 5.944800999999999558e-01
4.348907000000000189e-01 0.000000000000000000e+00 1.133990999999999971e+00 5.944321999999999662e-01
4.351403999999999828e-01 0.000000000000000000e+00 1.133742999999999945e+00 5.943842999999999765e-01
4.353901000000000021e-01 0.000000000000000000e+00 1.133496000000000059e+00 5.943363000000000396e-01
4.356398000000000215e-01 0.000000000000000000e+00 1.133248000000000033e+00 5.942882999999999916e-01
4.358894999999999853e-01 0.000000000000000000e+00 1.133000000000000007e+00 5.942401999999999962e-01
4.361393000000000075e-01 0.000000000000000000e+00 1.132752999999999899e+00 5.941921000000000008e-01
4.363890000000000269e-01 0.000000000000000000e+00 1.132505000000000095e+00 5.941440000000000055e-01
4.366386999999999907e-01 0.000000000000000000e+00 1.132257999999999987e+00 5.940957999999999517e-01
4.368884000000000101e-01 0.000000000000000000e+00 1.132010999999999878e+00 5.940474999999999506e-01
4.371380999999999739e-01 0.000000000000000000e+00 1.131762999999999852e+00 5.939991999999999495e-01
4.373877999999999933e-01 0.000000000000000000e+00 1.131515999999999966e+00 5.939508999999999483e-01
4.376375000000000126e-01 0.000000000000000000e+00 1.131269000000000080e+00 5.939024999999999999e-01
4.378871999999999765e-01 0.000000000000000000e+00 1.131022999999999890e+00 5.938541000000000514e-01
4.381369999999999987e-01 0.000000000000000000e+00 1.130776000000000003e+00 5.938056000000000445e-01
4.383867000000000180e-01 0.000000000000000000e+00 1.130528999999999895e+00 5.937569999999999792e-01
4.386363999999999819e-01 0.000000000000000000e+00 1.130282999999999927e+00 5.937084000000000250e-01
4.388861000000000012e-01 0.000000000000000000e+00 1.130036000000000040e+00 5.936597999999999598e-01
4.391358000000000206e-01 0.000000000000000000e+00 1.129790000000000072e+00 5.936110999999999471e-01
4.393854999999999844e-01 0.000000000000000000e+00 1.129542999999999964e+00 5.935622999999999871e-01
4.396352000000000038e-01 0.000000000000000000e+00 1.129296999999999995e+00 5.935135000000000272e-01
4.398850000000000260e-01 0.000000000000000000e+00 1.129051000000000027e+00 5.934646999999999561e-01
4.401346999999999898e-01 0.000000000000000000e+00 1.128805000000000058e+00 5.934158000000000488e-01
4.403844000000000092e-01 0.000000000000000000e+00 1.128558999999999868e+00 5.933667999999999720e-01
4.406340999999999730e-01 0.000000000000000000e+00 1.128313000000000121e+00 5.933178000000000063e-01
4.408837999999999924e-01 0.000000000000000000e+00 1.128068000000000071e+00 5.932686999999999822e-01
4.411335000000000117e-01 0.000000000000000000e+00 1.127821999999999880e+00 5.932195000000000107e-01
4.413831999999999756e-01 0.000000000000000000e+00 1.127577000000000051e+00 5.931703000000000392e-01
4.416328999999999949e-01 0.000000000000000000e+00 1.127330999999999861e+00 5.931210999999999567e-01
4.418827000000000171e-01 0.000000000000000000e+00 1.127086000000000032e+00 5.930716999999999794e-01
4.421323999999999810e-01 0.000000000000000000e+00 1.126840999999999982e+00 5.930223999999999496e-01
4.423821000000000003e-01 0.000000000000000000e+00 1.126595000000000013e+00 5.929729000000000250e-01
4.426318000000000197e-01 0.000000000000000000e+00 1.126349999999999962e+00 5.929233999999999893e-01
4.428814999999999835e-01 0.000000000000000000e+00 1.126104999999999912e+00 5.928738000000000063e-01
4.431312000000000029e-01 0.000000000000000000e+00 1.125861000000000001e+00 5.928242000000000234e-01
4.433809000000000222e-01 0.000000000000000000e+00 1.125615999999999950e+00 5.927744999999999820e-01
4.436306999999999889e-01 0.000000000000000000e+00 1.125371000000000121e+00 5.927246999999999932e-01
4.438804000000000083e-01 0.000000000000000000e+00 1.125126999999999988e+00 5.926749000000000045e-01
4.441301000000000276e-01 0.000000000000000000e+00 1.124882000000000160e+00 5.926249999999999574e-01
4.443797999999999915e-01 0.000000000000000000e+00 1.124638000000000027e+00 5.925749999999999629e-01
4.446295000000000108e-01 0.000000000000000000e+00 1.124394000000000116e+00 5.925249999999999684e-01
4.448791999999999747e-01 0.000000000000000000e+00 1.124149999999999983e+00 5.924749000000000265e-01
4.451288999999999940e-01 0.000000000000000000e+00 1.123905999999999850e+00 5.924247000000000263e-01
4.453786000000000134e-01 0.000000000000000000e+00 1.123661999999999939e+00 5.923745000000000260e-01
4.456283999999999801e-01 0.000000000000000000e+00 1.123417999999999806e+00 5.923241999999999674e-01
4.458780999999999994e-01 0.000000000000000000e+00 1.123173999999999895e+00 5.922737999999999614e-01
4.461278000000000188e-01 0.000000000000000000e+00 1.122929999999999984e+00 5.922233999999999554e-01
4.463774999999999826e-01 0.000000000000000000e+00 1.122686999999999991e+00 5.921729000000000021e-01
4.466272000000000020e-01 0.000000000000000000e+00 1.122443000000000080e+00 5.921222999999999903e-01
4.468769000000000213e-01 0.000000000000000000e+00 1.122200000000000086e+00 5.920716999999999786e-01
4.471265999999999852e-01 0.000000000000000000e+00 1.121957000000000093e+00 5.920208999999999611e-01
4.473764000000000074e-01 0.000000000000000000e+00 1.121713999999999878e+00 5.919701000000000546e-01
4.476261000000000267e-01 0.000000000000000000e+00 1.121471000000000107e+00 5.919193000000000371e-01
4.478757999999999906e-01 0.000000000000000000e+00 1.121228000000000113e+00 5.918683999999999612e-01
4.481255000000000099e-01 0.000000000000000000e+00 1.120984999999999898e+00 5.918174000000000490e-01
4.483751999999999738e-01 0.000000000000000000e+00 1.120741999999999905e+00 5.917662999999999673e-01
4.486248999999999931e-01 0.000000000000000000e+00 1.120499000000000134e+00 5.917151999999999967e-01
4.488746000000000125e-01 0.000000000000000000e+00 1.120257000000000058e+00 5.916639999999999677e-01
4.491242999999999763e-01 0.000000000000000000e+00 1.120013999999999843e+00 5.916126999999999914e-01
4.493740999999999985e-01 0.000000000000000000e+00 1.119771999999999990e+00 5.915612999999999566e-01
4.496238000000000179e-01 0.000000000000000000e+00 1.119529999999999914e+00 5.915099000000000329e-01
4.498734999999999817e-01 0.000000000000000000e+00 1.119287000000000143e+00 5.914584000000000508e-01
4.501232000000000011e-01 0.000000000000000000e+00 1.119045000000000067e+00 5.914068999999999576e-01
4.503729000000000204e-01 0.000000000000000000e+00 1.118803000000000214e+00 5.913553000000000281e-01
4.506225999999999843e-01 0.000000000000000000e+00 1.118560999999999916e+00 5.913036000000000403e-01
4.508723000000000036e-01 0.000000000000000000e+00 1.118319000000000063e+00 5.912517999999999940e-01
4.511221000000000259e-01 0.000000000000000000e+00 1.118077999999999905e+00 5.911999999999999478e-01
4.513717999999999897e-01 0.000000000000000000e+00 1.117836000000000052e+00 5.911480999999999542e-01
4.516215000000000090e-01 0.000000000000000000e+00 1.117595000000000116e+00 5.910961000000000132e-01
4.518711999999999729e-01 0.000000000000000000e+00 1.117353000000000041e+00 5.910440000000000138e-01
4.521208999999999922e-01 0.000000000000000000e+00 1.117112000000000105e+00 5.909919000000000144e-01
4.523706000000000116e-01 0.000000000000000000e+00 1.116869999999999807e+00 5.909396999999999567e-01
4.526202999999999754e-01 0.000000000000000000e+00 1.116628999999999872e+00 5.908875000000000099e-01
4.528700999999999977e-01 0.000000000000000000e+00 1.116387999999999936e+00 5.908350999999999464e-01
4.531198000000000170e-01 0.000000000000000000e+00 1.116147000000000000e+00 5.907826999999999940e-01
4.533694999999999808e-01 0.000000000000000000e+00 1.115905999999999842e+00 5.907303000000000415e-01
4.536192000000000002e-01 0.000000000000000000e+00 1.115664999999999907e+00 5.906776999999999722e-01
4.538689000000000195e-01 0.000000000000000000e+00 1.115423999999999971e+00 5.906251000000000140e-01
4.541185999999999834e-01 0.000000000000000000e+00 1.115183999999999953e+00 5.905723999999999974e-01
4.543683000000000027e-01 0.000000000000000000e+00 1.114943000000000017e+00 5.905196999999999807e-01
4.546180000000000221e-01 0.000000000000000000e+00 1.114702999999999999e+00 5.904667999999999584e-01
4.548677999999999888e-01 0.000000000000000000e+00 1.114462000000000064e+00 5.904139000000000470e-01
4.551175000000000082e-01 0.000000000000000000e+00 1.114222000000000046e+00 5.903610000000000246e-01
4.553672000000000275e-01 0.000000000000000000e+00 1.113982000000000028e+00 5.903078999999999965e-01
4.556168999999999913e-01 0.000000000000000000e+00 1.113741000000000092e+00 5.902547999999999684e-01
4.558666000000000107e-01 0.000000000000000000e+00 1.113501000000000074e+00 5.902015999999999929e-01
4.561162999999999745e-01 0.000000000000000000e+00 1.113261000000000056e+00 5.901482999999999590e-01
4.563659999999999939e-01 0.000000000000000000e+00 1.113021000000000038e+00 5.900950000000000362e-01
4.566158000000000161e-01 0.000000000000000000e+00 1.112781999999999938e+00 5.900416000000000549e-01
4.568654999999999800e-01 0.000000000000000000e+00 1.112541999999999920e+00 5.899881000000000153e-01
4.571151999999999993e-01 0.000000000000000000e+00 1.112301999999999902e+00 5.899345000000000283e-01
4.573649000000000187e-01 0.000000000000000000e+00 1.112063000000000024e+00 5.898807999999999829e-01
4.576145999999999825e-01 0.000000000000000000e+00 1.111823000000000006e+00 5.898271000000000486e-01
4.578643000000000018e-01 0.000000000000000000e+00 1.111584000000000128e+00 5.897732999999999448e-01
4.581140000000000212e-01 0.000000000000000000e+00 1.111344000000000110e+00 5.897194999999999521e-01
4.583636999999999850e-01 0.000000000000000000e+00 1.111105000000000009e+00 5.896654999999999536e-01
4.586135000000000073e-01 0.000000000000000000e+00 1.110865999999999909e+00 5.896114999999999551e-01
4.588632000000000266e-01 0.000000000000000000e+00 1.110627000000000031e+00 5.895574000000000092e-01
4.591128999999999905e-01 0.000000000000000000e+00 1.110387999999999931e+00 5.895032000000000050e-01
4.593626000000000098e-01 0.000000000000000000e+00 1.110148999999999830e+00 5.894489000000000534e-01
4.596122999999999736e-01 0.000000000000000000e+00 1.109910000000000174e+00 5.893945999999999907e-01
4.598619999999999930e-01 0.000000000000000000e+00 1.109671000000000074e+00 5.893401999999999807e-01
4.601117000000000123e-01 0.000000000000000000e+00 1.109432999999999891e+00 5.892857000000000234e-01
4.603614999999999791e-01 0.000000000000000000e+00 1.109194000000000013e+00 5.892311000000000076e-01
4.606111999999999984e-01 0.000000000000000000e+00 1.108955999999999831e+00 5.891764000000000445e-01
4.608609000000000178e-01 0.000000000000000000e+00 1.108717000000000175e+00 5.891216999999999704e-01
4.611105999999999816e-01 0.000000000000000000e+00 1.108478999999999992e+00 5.890668999999999489e-01
4.613603000000000010e-01 0.000000000000000000e+00 1.108241000000000032e+00 5.890119999999999800e-01
4.616100000000000203e-01 0.000000000000000000e+00 1.108001999999999931e+00 5.889569999999999528e-01
4.618596999999999841e-01 0.000000000000000000e+00 1.107763999999999971e+00 5.889018999999999782e-01
4.621094000000000035e-01 0.000000000000000000e+00 1.107526000000000010e+00 5.888468000000000035e-01
4.623592000000000257e-01 0.000000000000000000e+00 1.107288000000000050e+00 5.887915000000000232e-01
4.626088999999999896e-01 0.000000000000000000e+00 1.107051000000000007e+00 5.887362000000000428e-01
4.628586000000000089e-01 0.000000000000000000e+00 1.106813000000000047e+00 5.886808000000000041e-01
4.631082999999999728e-01 0.000000000000000000e+00 1.106575000000000086e+00 5.886253000000000180e-01
4.633579999999999921e-01 0.000000000000000000e+00 1.106338000000000044e+00 5.885698000000000318e-01
4.636077000000000115e-01 0.000000000000000000e+00 1.106099999999999861e+00 5.885141000000000400e-01
4.638573999999999753e-01 0.000000000000000000e+00 1.105863000000000040e+00 5.884584000000000481e-01
4.641071999999999975e-01 0.000000000000000000e+00 1.105625000000000080e+00 5.884025999999999978e-01
4.643569000000000169e-01 0.000000000000000000e+00 1.105387999999999815e+00 5.883467000000000002e-01
4.646065999999999807e-01 0.000000000000000000e+00 1.105150999999999994e+00 5.882907000000000552e-01
4.648563000000000001e-01 0.000000000000000000e+00 1.104913999999999952e+00 5.882346000000000519e-01
4.651060000000000194e-01 0.000000000000000000e+00 1.104676999999999909e+00 5.881785000000000485e-01
4.653556999999999833e-01 0.000000000000000000e+00 1.104440000000000088e+00 5.881222000000000394e-01
4.656054000000000026e-01 0.000000000000000000e+00 1.104203000000000046e+00 5.880659000000000303e-01
4.658551000000000220e-01 0.000000000000000000e+00 1.103966000000000003e+00 5.880094999999999628e-01
4.661048999999999887e-01 0.000000000000000000e+00 1.103730000000000100e+00 5.879529999999999479e-01
4.663546000000000080e-01 0.000000000000000000e+00 1.103492999999999835e+00 5.878963999999999857e-01
4.666043000000000274e-01 0.000000000000000000e+00 1.103256000000000014e+00 5.878396999999999650e-01
4.668539999999999912e-01 0.000000000000000000e+00 1.103019999999999889e+00 5.877830000000000554e-01
4.671037000000000106e-01 0.000000000000000000e+00 1.102784000000000209e+00 5.877261000000000291e-01
4.673533999999999744e-01 0.000000000000000000e+00 1.102546999999999944e+00 5.876692000000000027e-01
4.676030999999999938e-01 0.000000000000000000e+00 1.102310999999999819e+00 5.876122000000000289e-01
4.678529000000000160e-01 0.000000000000000000e+00 1.102075000000000138e+00 5.875550999999999968e-01
4.681025999999999798e-01 0.000000000000000000e+00 1.101839000000000013e+00 5.874979000000000173e-01
4.683522999999999992e-01 0.000000000000000000e+00 1.101603000000000110e+00 5.874405999999999795e-01
4.686020000000000185e-01 0.000000000000000000e+00 1.101366999999999985e+00 5.873831999999999942e-01
4.688516999999999824e-01 0.000000000000000000e+00 1.101131000000000082e+00 5.873258000000000090e-01
4.691014000000000017e-01 0.000000000000000000e+00 1.100895999999999875e+00 5.872682000000000180e-01
4.693511000000000211e-01 0.000000000000000000e+00 1.100659999999999972e+00 5.872106000000000270e-01
4.696008999999999878e-01 0.000000000000000000e+00 1.100424000000000069e+00 5.871528999999999776e-01
4.698506000000000071e-01 0.000000000000000000e+00 1.100189000000000084e+00 5.870950999999999809e-01
4.701003000000000265e-01 0.000000000000000000e+00 1.099952999999999959e+00 5.870372000000000368e-01
4.703499999999999903e-01 0.000000000000000000e+00 1.099717999999999973e+00 5.869792000000000343e-01
4.705997000000000097e-01 0.000000000000000000e+00 1.099482999999999988e+00 5.869210999999999734e-01
4.708493999999999735e-01 0.000000000000000000e+00 1.099247000000000085e+00 5.868630000000000235e-01
4.710990999999999929e-01 0.000000000000000000e+00 1.099011999999999878e+00 5.868046999999999569e-01
4.713488000000000122e-01 0.000000000000000000e+00 1.098777000000000115e+00 5.867464000000000013e-01
4.715985999999999789e-01 0.000000000000000000e+00 1.098541999999999907e+00 5.866879999999999873e-01
4.718482999999999983e-01 0.000000000000000000e+00 1.098306999999999922e+00 5.866295000000000259e-01
4.720980000000000176e-01 0.000000000000000000e+00 1.098071999999999937e+00 5.865709000000000062e-01
4.723476999999999815e-01 0.000000000000000000e+00 1.097836999999999952e+00 5.865122000000000391e-01
4.725974000000000008e-01 0.000000000000000000e+00 1.097603000000000106e+00 5.864534000000000136e-01
4.728471000000000202e-01 0.000000000000000000e+00 1.097367999999999899e+00 5.863945999999999881e-01
4.730967999999999840e-01 0.000000000000000000e+00 1.097134000000000054e+00 5.863355999999999568e-01
4.733466000000000062e-01 0.000000000000000000e+00 1.096898999999999846e+00 5.862766000000000366e-01
4.735963000000000256e-01 0.000000000000000000e+00 1.096665000000000001e+00 5.862173999999999996e-01
4.738459999999999894e-01 0.000000000000000000e+00 1.096430000000000016e+00 5.861581999999999626e-01
4.740957000000000088e-01 0.000000000000000000e+00 1.096195999999999948e+00 5.860988999999999782e-01
4.743453999999999726e-01 0.000000000000000000e+00 1.095961999999999881e+00 5.860395000000000465e-01
4.745950999999999920e-01 0.000000000000000000e+00 1.095728000000000035e+00 5.859799999999999454e-01
4.748448000000000113e-01 0.000000000000000000e+00 1.095493999999999968e+00 5.859204000000000079e-01
4.750944999999999752e-01 0.000000000000000000e+00 1.095259999999999900e+00 5.858607000000000120e-01
4.753442999999999974e-01 0.000000000000000000e+00 1.095026000000000055e+00 5.858010000000000161e-01
4.755940000000000167e-01 0.000000000000000000e+00 1.094791999999999987e+00 5.857411000000000145e-01
4.758436999999999806e-01 0.000000000000000000e+00 1.094557999999999920e+00 5.856810999999999545e-01
4.760933999999999999e-01 0.000000000000000000e+00 1.094324000000000074e+00 5.856211000000000055e-01
4.763431000000000193e-01 0.000000000000000000e+00 1.094090999999999925e+00 5.855609999999999982e-01
4.765927999999999831e-01 0.000000000000000000e+00 1.093857000000000079e+00 5.855006999999999850e-01
4.768425000000000025e-01 0.000000000000000000e+00 1.093623000000000012e+00 5.854403999999999719e-01
4.770923000000000247e-01 0.000000000000000000e+00 1.093390000000000084e+00 5.853800000000000114e-01
4.773419999999999885e-01 0.000000000000000000e+00 1.093156999999999934e+00 5.853194999999999926e-01
4.775917000000000079e-01 0.000000000000000000e+00 1.092923000000000089e+00 5.852589000000000263e-01
4.778414000000000272e-01 0.000000000000000000e+00 1.092690000000000161e+00 5.851982000000000017e-01
4.780910999999999911e-01 0.000000000000000000e+00 1.092457000000000011e+00 5.851374000000000297e-01
4.783408000000000104e-01 0.000000000000000000e+00 1.092223999999999862e+00 5.850764999999999993e-01
4.785904999999999743e-01 0.000000000000000000e+00 1.091990999999999934e+00 5.850155000000000216e-01
4.788401999999999936e-01 0.000000000000000000e+00 1.091758000000000006e+00 5.849545000000000439e-01
4.790900000000000158e-01 0.000000000000000000e+00 1.091525000000000079e+00 5.848932999999999494e-01
4.793396999999999797e-01 0.000000000000000000e+00 1.091291999999999929e+00 5.848320000000000185e-01
4.795893999999999990e-01 0.000000000000000000e+00 1.091059000000000001e+00 5.847706000000000293e-01
4.798391000000000184e-01 0.000000000000000000e+00 1.090826999999999991e+00 5.847092000000000400e-01
4.800887999999999822e-01 0.000000000000000000e+00 1.090594000000000063e+00 5.846476000000000450e-01
4.803385000000000016e-01 0.000000000000000000e+00 1.090362000000000053e+00 5.845860000000000500e-01
4.805882000000000209e-01 0.000000000000000000e+00 1.090128999999999904e+00 5.845242000000000493e-01
4.808379999999999876e-01 0.000000000000000000e+00 1.089896999999999894e+00 5.844624000000000485e-01
4.810877000000000070e-01 0.000000000000000000e+00 1.089663999999999966e+00 5.844004000000000421e-01
4.813374000000000263e-01 0.000000000000000000e+00 1.089431999999999956e+00 5.843384000000000356e-01
4.815870999999999902e-01 0.000000000000000000e+00 1.089199999999999946e+00 5.842762000000000233e-01
4.818368000000000095e-01 0.000000000000000000e+00 1.088968000000000158e+00 5.842140000000000111e-01
4.820864999999999734e-01 0.000000000000000000e+00 1.088735000000000008e+00 5.841515999999999931e-01
4.823361999999999927e-01 0.000000000000000000e+00 1.088502999999999998e+00 5.840891999999999751e-01
4.825859000000000121e-01 0.000000000000000000e+00 1.088270999999999988e+00 5.840265999999999513e-01
4.828356999999999788e-01 0.000000000000000000e+00 1.088039999999999896e+00 5.839640000000000386e-01
4.830853999999999981e-01 0.000000000000000000e+00 1.087807999999999886e+00 5.839012000000000091e-01
4.833351000000000175e-01 0.000000000000000000e+00 1.087576000000000098e+00 5.838383999999999796e-01
4.835847999999999813e-01 0.000000000000000000e+00 1.087344000000000088e+00 5.837754000000000554e-01
4.838345000000000007e-01 0.000000000000000000e+00 1.087112999999999996e+00 5.837122999999999617e-01
4.840842000000000200e-01 0.000000000000000000e+00 1.086880999999999986e+00 5.836491999999999791e-01
4.843338999999999839e-01 0.000000000000000000e+00 1.086650000000000116e+00 5.835858999999999908e-01
4.845837000000000061e-01 0.000000000000000000e+00 1.086417999999999884e+00 5.835226000000000024e-01
4.848334000000000255e-01 0.000000000000000000e+00 1.086186999999999792e+00 5.834591000000000083e-01
4.850830999999999893e-01 0.000000000000000000e+00 1.085955000000000004e+00 5.833954999999999558e-01
4.853328000000000086e-01 0.000000000000000000e+00 1.085723999999999911e+00 5.833319000000000143e-01
4.855824999999999725e-01 0.000000000000000000e+00 1.085493000000000041e+00 5.832680999999999560e-01
4.858321999999999918e-01 0.000000000000000000e+00 1.085261999999999949e+00 5.832041999999999504e-01
4.860819000000000112e-01 0.000000000000000000e+00 1.085030999999999857e+00 5.831401999999999974e-01
4.863316999999999779e-01 0.000000000000000000e+00 1.084799999999999986e+00 5.830760999999999861e-01
4.865813999999999973e-01 0.000000000000000000e+00 1.084568999999999894e+00 5.830119000000000273e-01
4.868311000000000166e-01 0.000000000000000000e+00 1.084338000000000024e+00 5.829476000000000102e-01
4.870807999999999804e-01 0.000000000000000000e+00 1.084106999999999932e+00 5.828832000000000457e-01
4.873304999999999998e-01 0.000000000000000000e+00 1.083876000000000062e+00 5.828187000000000229e-01
4.875802000000000191e-01 0.000000000000000000e+00 1.083645999999999887e+00 5.827541000000000526e-01
4.878298999999999830e-01 0.000000000000000000e+00 1.083415000000000017e+00 5.826894000000000240e-01
4.880796000000000023e-01 0.000000000000000000e+00 1.083183999999999925e+00 5.826244999999999896e-01
4.883294000000000246e-01 0.000000000000000000e+00 1.082953999999999972e+00 5.825595999999999552e-01
4.885790999999999884e-01 0.000000000000000000e+00 1.082722999999999880e+00 5.824945000000000261e-01
4.888288000000000078e-01 0.000000000000000000e+00 1.082492999999999927e+00 5.824293999999999860e-01
4.890785000000000271e-01 0.000000000000000000e+00 1.082261999999999835e+00 5.823641000000000512e-01
4.893281999999999909e-01 0.000000000000000000e+00 1.082031999999999883e+00 5.822986999999999469e-01
4.895779000000000103e-01 0.000000000000000000e+00 1.081801999999999930e+00 5.822332999999999537e-01
4.898275999999999741e-01 0.000000000000000000e+00 1.081570999999999838e+00 5.821676999999999547e-01
4.900773999999999964e-01 0.000000000000000000e+00 1.081340999999999886e+00 5.821020000000000083e-01
4.903271000000000157e-01 0.000000000000000000e+00 1.081111000000000155e+00 5.820362000000000036e-01
4.905767999999999796e-01 0.000000000000000000e+00 1.080880999999999981e+00 5.819703000000000515e-01
4.908264999999999989e-01 0.000000000000000000e+00 1.080651000000000028e+00 5.819043000000000410e-01
4.910762000000000183e-01 0.000000000000000000e+00 1.080421000000000076e+00 5.818381999999999721e-01
4.913258999999999821e-01 0.000000000000000000e+00 1.080191000000000123e+00 5.817719000000000085e-01
4.915756000000000014e-01 0.000000000000000000e+00 1.079960999999999949e+00 5.817056000000000449e-01
4.918253000000000208e-01 0.000000000000000000e+00 1.079730999999999996e+00 5.816390999999999645e-01
4.920750999999999875e-01 0.000000000000000000e+00 1.079501000000000044e+00 5.815725999999999951e-01
4.923248000000000069e-01 0.000000000000000000e+00 1.079272000000000009e+00 5.815059000000000200e-01
4.925745000000000262e-01 0.000000000000000000e+00 1.079041999999999835e+00 5.814390999999999865e-01
4.928241999999999901e-01 0.000000000000000000e+00 1.078811999999999882e+00 5.813722000000000056e-01
4.930739000000000094e-01 0.000000000000000000e+00 1.078583000000000069e+00 5.813051999999999664e-01
4.933235999999999732e-01 0.000000000000000000e+00 1.078353000000000117e+00 5.812380999999999798e-01
4.935732999999999926e-01 0.000000000000000000e+00 1.078124000000000082e+00 5.811709000000000458e-01
4.938231000000000148e-01 0.000000000000000000e+00 1.077893999999999908e+00 5.811036000000000534e-01
4.940727999999999787e-01 0.000000000000000000e+00 1.077664999999999873e+00 5.810362000000000027e-01
4.943224999999999980e-01 0.000000000000000000e+00 1.077435999999999838e+00 5.809685999999999462e-01
4.945722000000000174e-01 0.000000000000000000e+00 1.077205999999999886e+00 5.809009000000000533e-01
4.948218999999999812e-01 0.000000000000000000e+00 1.076977000000000073e+00 5.808332000000000495e-01
4.950716000000000006e-01 0.000000000000000000e+00 1.076748000000000038e+00 5.807653000000000398e-01
4.953213000000000199e-01 0.000000000000000000e+00 1.076519000000000004e+00 5.806972999999999718e-01
4.955709999999999837e-01 0.000000000000000000e+00 1.076289999999999969e+00 5.806291999999999565e-01
4.958208000000000060e-01 0.000000000000000000e+00 1.076060999999999934e+00 5.805609999999999937e-01
4.960705000000000253e-01 0.000000000000000000e+00 1.075832000000000122e+00 5.804926999999999726e-01
4.963201999999999892e-01 0.000000000000000000e+00 1.075603000000000087e+00 5.804241999999999457e-01
4.965699000000000085e-01 0.000000000000000000e+00 1.075374000000000052e+00 5.803557000000000299e-01
4.968195999999999724e-01 0.000000000000000000e+00 1.075145000000000017e+00 5.802869999999999973e-01
4.970692999999999917e-01 0.000000000000000000e+00 1.074916999999999900e+00 5.802182000000000173e-01
4.973190000000000111e-01 0.000000000000000000e+00 1.074688000000000088e+00 5.801492999999999789e-01
4.975687999999999778e-01 0.000000000000000000e+00 1.074459000000000053e+00 5.800802999999999932e-01
4.978184999999999971e-01 0.000000000000000000e+00 1.074230999999999936e+00 5.800111999999999490e-01
4.980682000000000165e-01 0.000000000000000000e+00 1.074001999999999901e+00 5.799419999999999575e-01
4.983178999999999803e-01 0.000000000000000000e+00 1.073773999999999784e+00 5.798725999999999603e-01
4.985675999999999997e-01 0.000000000000000000e+00 1.073544999999999972e+00 5.798031999999999631e-01
4.988173000000000190e-01 0.000000000000000000e+00 1.073317000000000077e+00 5.797335999999999601e-01
4.990669999999999829e-01 0.000000000000000000e+00 1.073088000000000042e+00 5.796639000000000097e-01
4.993167000000000022e-01 0.000000000000000000e+00 1.072859999999999925e+00 5.795941000000000010e-01
4.995665000000000244e-01 0.000000000000000000e+00 1.072632000000000030e+00 5.795242000000000449e-01
4.998161999999999883e-01 0.000000000000000000e+00 1.072403999999999913e+00 5.794542000000000304e-01
5.000658999999999521e-01 0.000000000000000000e+00 1.072176000000000018e+00 5.793840000000000101e-01
5.003155999999999715e-01 0.000000000000000000e+00 1.071946999999999983e+00 5.793137999999999899e-01
5.005652999999999908e-01 0.000000000000000000e+00 1.071719000000000088e+00 5.792433999999999639e-01
5.008150000000000102e-01 0.000000000000000000e+00 1.071490999999999971e+00 5.791728999999999905e-01
5.010647000000000295e-01 0.000000000000000000e+00 1.071262999999999854e+00 5.791022999999999588e-01
5.013144999999999962e-01 0.000000000000000000e+00 1.071035000000000181e+00 5.790315999999999796e-01
5.015642000000000156e-01 0.000000000000000000e+00 1.070807000000000064e+00 5.789608000000000532e-01
5.018139000000000349e-01 0.000000000000000000e+00 1.070579999999999865e+00 5.788898000000000099e-01
5.020636000000000543e-01 0.000000000000000000e+00 1.070352000000000192e+00 5.788187999999999667e-01
5.023132999999999626e-01 0.000000000000000000e+00 1.070124000000000075e+00 5.787476000000000287e-01
5.025629999999999820e-01 0.000000000000000000e+00 1.069895999999999958e+00 5.786763000000000323e-01
5.028127000000000013e-01 0.000000000000000000e+00 1.069669000000000203e+00 5.786048999999999776e-01
5.030624999999999680e-01 0.000000000000000000e+00 1.069441000000000086e+00 5.785333000000000281e-01
5.033121999999999874e-01 0.000000000000000000e+00 1.069212999999999969e+00 5.784616999999999676e-01
5.035619000000000067e-01 0.000000000000000000e+00 1.068986000000000214e+00 5.783899000000000123e-01
5.038116000000000261e-01 0.000000000000000000e+00 1.068758000000000097e+00 5.783179999999999987e-01
5.040613000000000454e-01 0.000000000000000000e+00 1.068530999999999898e+00 5.782460000000000377e-01
5.043109999999999538e-01 0.000000000000000000e+00 1.068303000000000003e+00 5.781739000000000184e-01
5.045606999999999731e-01 0.000000000000000000e+00 1.068076000000000025e+00 5.781015999999999933e-01
5.048103999999999925e-01 0.000000000000000000e+00 1.067848999999999826e+00 5.780292000000000208e-01
5.050601999999999592e-01 0.000000000000000000e+00 1.067621000000000153e+00 5.779568000000000483e-01
5.053098999999999785e-01 0.000000000000000000e+00 1.067393999999999954e+00 5.778841999999999590e-01
5.055595999999999979e-01 0.000000000000000000e+00 1.067166999999999977e+00 5.778113999999999750e-01
5.058093000000000172e-01 0.000000000000000000e+00 1.066939000000000082e+00 5.777385999999999910e-01
5.060590000000000366e-01 0.000000000000000000e+00 1.066711999999999883e+00 5.776656000000000013e-01
5.063086999999999449e-01 0.000000000000000000e+00 1.066484999999999905e+00 5.775924999999999532e-01
5.065583999999999643e-01 0.000000000000000000e+00 1.066257999999999928e+00 5.775192999999999577e-01
5.068082000000000420e-01 0.000000000000000000e+00 1.066030999999999951e+00 5.774460000000000148e-01
5.070578999999999503e-01 0.000000000000000000e+00 1.065804000000000196e+00 5.773724999999999552e-01
5.073075999999999697e-01 0.000000000000000000e+00 1.065576999999999996e+00 5.772988999999999482e-01
5.075572999999999890e-01 0.000000000000000000e+00 1.065350000000000019e+00 5.772251999999999938e-01
5.078070000000000084e-01 0.000000000000000000e+00 1.065123000000000042e+00 5.771513999999999811e-01
5.080567000000000277e-01 0.000000000000000000e+00 1.064896000000000065e+00 5.770775000000000210e-01
5.083064000000000471e-01 0.000000000000000000e+00 1.064669000000000088e+00 5.770034000000000551e-01
5.085560999999999554e-01 0.000000000000000000e+00 1.064443000000000028e+00 5.769292000000000309e-01
5.088059000000000331e-01 0.000000000000000000e+00 1.064215999999999829e+00 5.768548999999999483e-01
5.090556000000000525e-01 0.000000000000000000e+00 1.063989000000000074e+00 5.767805000000000293e-01
5.093052999999999608e-01 0.000000000000000000e+00 1.063761999999999874e+00 5.767058999999999935e-01
5.095549999999999802e-01 0.000000000000000000e+00 1.063536000000000037e+00 5.766312000000000104e-01
5.098046999999999995e-01 0.000000000000000000e+00 1.063309000000000060e+00 5.765563999999999689e-01
5.100544000000000189e-01 0.000000000000000000e+00 1.063082000000000082e+00 5.764814999999999801e-01
5.103041000000000382e-01 0.000000000000000000e+00 1.062856000000000023e+00 5.764063999999999854e-01
5.105539000000000049e-01 0.000000000000000000e+00 1.062628999999999824e+00 5.763312999999999908e-01
5.108036000000000243e-01 0.000000000000000000e+00 1.062402999999999986e+00 5.762559000000000431e-01
5.110533000000000436e-01 0.000000000000000000e+00 1.062176000000000009e+00 5.761804999999999843e-01
5.113029999999999520e-01 0.000000000000000000e+00 1.061949999999999950e+00 5.761049999999999782e-01
5.115526999999999713e-01 0.000000000000000000e+00 1.061723999999999890e+00 5.760292999999999664e-01
5.118023999999999907e-01 0.000000000000000000e+00 1.061497000000000135e+00 5.759535000000000071e-01
5.120521000000000100e-01 0.000000000000000000e+00 1.061270999999999853e+00 5.758775000000000421e-01
5.123018000000000294e-01 0.000000000000000000e+00 1.061045000000000016e+00 5.758014999999999661e-01
5.125515999999999961e-01 0.000000000000000000e+00 1.060818000000000039e+00 5.757252999999999954e-01
5.128013000000000154e-01 0.000000000000000000e+00 1.060592000000000201e+00 5.756489000000000189e-01
5.130510000000000348e-01 0.000000000000000000e+00 1.060365999999999920e+00 5.755725000000000424e-01
5.133007000000000541e-01 0.000000000000000000e+00 1.060140000000000082e+00 5.754958999999999492e-01
5.135503999999999625e-01 0.000000000000000000e+00 1.059913000000000105e+00 5.754192000000000196e-01
5.138000999999999818e-01 0.000000000000000000e+00 1.059686999999999824e+00 5.753424000000000316e-01
5.140498000000000012e-01 0.000000000000000000e+00 1.059460999999999986e+00 5.752654000000000378e-01
5.142995999999999679e-01 0.000000000000000000e+00 1.059234999999999927e+00 5.751884000000000441e-01
5.145492999999999872e-01 0.000000000000000000e+00 1.059009000000000089e+00 5.751112000000000446e-01
5.147990000000000066e-01 0.000000000000000000e+00 1.058782999999999808e+00 5.750338000000000394e-01
5.150487000000000259e-01 0.000000000000000000e+00 1.058556999999999970e+00 5.749562999999999757e-01
5.152984000000000453e-01 0.000000000000000000e+00 1.058330999999999911e+00 5.748786999999999647e-01
5.155480999999999536e-01 0.000000000000000000e+00 1.058105000000000073e+00 5.748010000000000064e-01
5.157977999999999730e-01 0.000000000000000000e+00 1.057879000000000014e+00 5.747231000000000423e-01
5.160474999999999923e-01 0.000000000000000000e+00 1.057652999999999954e+00 5.746451999999999671e-01
5.162972999999999590e-01 0.000000000000000000e+00 1.057426999999999895e+00 5.745670000000000499e-01
5.165469999999999784e-01 0.000000000000000000e+00 1.057201999999999975e+00 5.744888000000000217e-01
5.167966999999999977e-01 0.000000000000000000e+00 1.056976000000000138e+00 5.744103999999999877e-01
5.170464000000000171e-01 0.000000000000000000e+00 1.056750000000000078e+00 5.743319000000000063e-01
5.172961000000000364e-01 0.000000000000000000e+00 1.056523999999999797e+00 5.742532000000000192e-01
5.175457999999999448e-01 0.000000000000000000e+00 1.056297999999999959e+00 5.741745000000000321e-01
5.177954999999999641e-01 0.000000000000000000e+00 1.056073000000000039e+00 5.740956000000000392e-01
5.180453000000000419e-01 0.000000000000000000e+00 1.055846999999999980e+00 5.740165000000000406e-01
5.182949999999999502e-01 0.000000000000000000e+00 1.055621000000000143e+00 5.739374000000000420e-01
5.185446999999999695e-01 0.000000000000000000e+00 1.055396000000000001e+00 5.738581000000000376e-01
5.187943999999999889e-01 0.000000000000000000e+00 1.055170000000000163e+00 5.737786000000000275e-01
5.190441000000000082e-01 0.000000000000000000e+00 1.054943999999999882e+00 5.736989999999999590e-01
5.192938000000000276e-01 0.000000000000000000e+00 1.054718999999999962e+00 5.736193000000000541e-01
5.195435000000000469e-01 0.000000000000000000e+00 1.054492999999999903e+00 5.735394999999999799e-01
5.197933000000000137e-01 0.000000000000000000e+00 1.054267999999999983e+00 5.734595000000000109e-01
5.200430000000000330e-01 0.000000000000000000e+00 1.054041999999999923e+00 5.733793999999999835e-01
5.202927000000000524e-01 0.000000000000000000e+00 1.053817000000000004e+00 5.732992000000000088e-01
5.205423999999999607e-01 0.000000000000000000e+00 1.053590999999999944e+00 5.732188000000000283e-01
5.207920999999999800e-01 0.000000000000000000e+00 1.053366000000000025e+00 5.731382999999999894e-01
5.210417999999999994e-01 0.000000000000000000e+00 1.053140000000000187e+00 5.730577000000000032e-01
5.212915000000000187e-01 0.000000000000000000e+00 1.052915000000000045e+00 5.729769000000000112e-01
5.215412000000000381e-01 0.000000000000000000e+00 1.052688999999999986e+00 5.728959999999999608e-01
5.217910000000000048e-01 0.000000000000000000e+00 1.052463999999999844e+00 5.728149000000000157e-01
5.220407000000000242e-01 0.000000000000000000e+00 1.052238999999999924e+00 5.727337999999999596e-01
5.222904000000000435e-01 0.000000000000000000e+00 1.052012999999999865e+00 5.726523999999999504e-01
5.225400999999999518e-01 0.000000000000000000e+00 1.051787999999999945e+00 5.725710000000000521e-01
5.227897999999999712e-01 0.000000000000000000e+00 1.051563000000000025e+00 5.724894000000000371e-01
5.230394999999999905e-01 0.000000000000000000e+00 1.051337999999999884e+00 5.724076999999999638e-01
5.232892000000000099e-01 0.000000000000000000e+00 1.051112000000000046e+00 5.723257999999999956e-01
5.235389999999999766e-01 0.000000000000000000e+00 1.050886999999999905e+00 5.722437999999999692e-01
5.237886999999999960e-01 0.000000000000000000e+00 1.050661999999999985e+00 5.721616999999999953e-01
5.240384000000000153e-01 0.000000000000000000e+00 1.050436999999999843e+00 5.720794000000000157e-01
5.242881000000000347e-01 0.000000000000000000e+00 1.050211999999999923e+00 5.719969999999999777e-01
5.245378000000000540e-01 0.000000000000000000e+00 1.049986000000000086e+00 5.719144000000000450e-01
5.247874999999999623e-01 0.000000000000000000e+00 1.049760999999999944e+00 5.718317000000000538e-01
5.250371999999999817e-01 0.000000000000000000e+00 1.049536000000000024e+00 5.717489000000000043e-01
5.252869000000000010e-01 0.000000000000000000e+00 1.049310999999999883e+00 5.716658999999999491e-01
5.255366999999999678e-01 0.000000000000000000e+00 1.049085999999999963e+00 5.715827999999999465e-01
5.257863999999999871e-01 0.000000000000000000e+00 1.048861000000000043e+00 5.714995999999999965e-01
5.260361000000000065e-01 0.000000000000000000e+00 1.048635999999999902e+00 5.714162000000000408e-01
5.262858000000000258e-01 0.000000000000000000e+00 1.048410999999999982e+00 5.713325999999999683e-01
5.265355000000000452e-01 0.000000000000000000e+00 1.048185999999999840e+00 5.712490000000000068e-01
5.267851999999999535e-01 0.000000000000000000e+00 1.047960000000000003e+00 5.711652000000000395e-01
5.270348999999999728e-01 0.000000000000000000e+00 1.047734999999999861e+00 5.710811999999999555e-01
5.272847000000000506e-01 0.000000000000000000e+00 1.047509999999999941e+00 5.709971000000000352e-01
5.275343999999999589e-01 0.000000000000000000e+00 1.047285000000000021e+00 5.709128999999999454e-01
5.277840999999999783e-01 0.000000000000000000e+00 1.047059999999999880e+00 5.708284999999999609e-01
5.280337999999999976e-01 0.000000000000000000e+00 1.046834999999999960e+00 5.707440000000000291e-01
5.282835000000000170e-01 0.000000000000000000e+00 1.046609999999999818e+00 5.706594000000000388e-01
5.285332000000000363e-01 0.000000000000000000e+00 1.046384999999999899e+00 5.705746000000000429e-01
5.287828999999999446e-01 0.000000000000000000e+00 1.046159999999999979e+00 5.704896000000000411e-01
5.290325999999999640e-01 0.000000000000000000e+00 1.045934999999999837e+00 5.704044999999999810e-01
5.292824000000000417e-01 0.000000000000000000e+00 1.045710000000000139e+00 5.703192999999999735e-01
5.295320999999999501e-01 0.000000000000000000e+00 1.045484999999999998e+00 5.702338999999999603e-01
5.297817999999999694e-01 0.000000000000000000e+00 1.045260000000000078e+00 5.701483999999999996e-01
5.300314999999999888e-01 0.000000000000000000e+00 1.045035000000000158e+00 5.700627999999999806e-01
5.302812000000000081e-01 0.000000000000000000e+00 1.044810000000000016e+00 5.699769999999999559e-01
5.305309000000000275e-01 0.000000000000000000e+00 1.044585000000000097e+00 5.698910000000000364e-01
5.307806000000000468e-01 0.000000000000000000e+00 1.044359999999999955e+00 5.698050000000000059e-01
5.310304000000000135e-01 0.000000000000000000e+00 1.044135000000000035e+00 5.697187000000000223e-01
5.312801000000000329e-01 0.000000000000000000e+00 1.043910000000000116e+00 5.696322999999999803e-01
5.315298000000000522e-01 0.000000000000000000e+00 1.043685999999999892e+00 5.695457999999999910e-01
5.317794999999999606e-01 0.000000000000000000e+00 1.043460999999999972e+00 5.694592000000000542e-01
5.320291999999999799e-01 0.000000000000000000e+00 1.043236000000000052e+00 5.693724000000000007e-01
5.322788999999999993e-01 0.000000000000000000e+00 1.043010999999999910e+00 5.692854000000000525e-01
5.325286000000000186e-01 0.000000000000000000e+00 1.042785999999999991e+00 5.691983000000000459e-01
5.327783000000000380e-01 0.000000000000000000e+00 1.042560999999999849e+00 5.691110000000000335e-01
5.330281000000000047e-01 0.000000000000000000e+00 1.042335999999999929e+00 5.690237000000000211e-01
5.332778000000000240e-01 0.000000000000000000e+00 1.042111000000000010e+00 5.689360999999999446e-01
5.335275000000000434e-01 0.000000000000000000e+00 1.041885999999999868e+00 5.688484000000000318e-01
5.337771999999999517e-01 0.000000000000000000e+00 1.041662000000000088e+00 5.687605999999999495e-01
5.340268999999999711e-01 0.000000000000000000e+00 1.041436999999999946e+00 5.686725999999999726e-01
5.342765999999999904e-01 0.000000000000000000e+00 1.041212000000000026e+00 5.685845000000000482e-01
5.345263000000000098e-01 0.000000000000000000e+00 1.040987000000000107e+00 5.684962000000000071e-01
5.347760999999999765e-01 0.000000000000000000e+00 1.040761999999999965e+00 5.684078000000000186e-01
5.350257999999999958e-01 0.000000000000000000e+00 1.040537000000000045e+00 5.683192000000000244e-01
5.352755000000000152e-01 0.000000000000000000e+00 1.040313000000000043e+00 5.682304999999999717e-01
5.355252000000000345e-01 0.000000000000000000e+00 1.040087999999999901e+00 5.681416000000000244e-01
5.357749000000000539e-01 0.000000000000000000e+00 1.039862999999999982e+00 5.680526000000000186e-01
5.360245999999999622e-01 0.000000000000000000e+00 1.039637999999999840e+00 5.679634000000000071e-01
5.362742999999999816e-01 0.000000000000000000e+00 1.039412999999999920e+00 5.678741000000000483e-01
5.365240999999999483e-01 0.000000000000000000e+00 1.039188000000000001e+00 5.677845999999999727e-01
5.367737999999999676e-01 0.000000000000000000e+00 1.038962999999999859e+00 5.676949999999999497e-01
5.370234999999999870e-01 0.000000000000000000e+00 1.038739000000000079e+00 5.676052000000000319e-01
5.372732000000000063e-01 0.000000000000000000e+00 1.038513999999999937e+00 5.675152999999999448e-01
5.375229000000000257e-01 0.000000000000000000e+00 1.038289000000000017e+00 5.674253000000000213e-01
5.377726000000000450e-01 0.000000000000000000e+00 1.038064000000000098e+00 5.673350000000000337e-01
5.380222999999999534e-01 0.000000000000000000e+00 1.037838999999999956e+00 5.672447000000000461e-01
5.382719999999999727e-01 0.000000000000000000e+00 1.037614000000000036e+00 5.671540999999999944e-01
5.385218000000000504e-01 0.000000000000000000e+00 1.037388999999999895e+00 5.670635000000000536e-01
5.387714999999999588e-01 0.000000000000000000e+00 1.037164999999999893e+00 5.669726000000000488e-01
5.390211999999999781e-01 0.000000000000000000e+00 1.036939999999999973e+00 5.668817000000000439e-01
5.392708999999999975e-01 0.000000000000000000e+00 1.036714999999999831e+00 5.667904999999999749e-01
5.395206000000000168e-01 0.000000000000000000e+00 1.036489999999999911e+00 5.666993000000000169e-01
5.397703000000000362e-01 0.000000000000000000e+00 1.036264999999999992e+00 5.666077999999999948e-01
5.400199999999999445e-01 0.000000000000000000e+00 1.036040000000000072e+00 5.665162000000000253e-01
5.402698000000000222e-01 0.000000000000000000e+00 1.035815000000000152e+00 5.664244999999999974e-01
5.405195000000000416e-01 0.000000000000000000e+00 1.035590000000000011e+00 5.663325999999999638e-01
5.407691999999999499e-01 0.000000000000000000e+00 1.035365000000000091e+00 5.662405000000000355e-01
5.410188999999999693e-01 0.000000000000000000e+00 1.035140000000000171e+00 5.661483000000000487e-01
5.412685999999999886e-01 0.000000000000000000e+00 1.034915999999999947e+00 5.660560000000000036e-01
5.415183000000000080e-01 0.000000000000000000e+00 1.034691000000000027e+00 5.659634999999999527e-01
5.417680000000000273e-01 0.000000000000000000e+00 1.034465999999999886e+00 5.658708000000000071e-01
5.420177000000000467e-01 0.000000000000000000e+00 1.034240999999999966e+00 5.657780000000000031e-01
5.422675000000000134e-01 0.000000000000000000e+00 1.034016000000000046e+00 5.656849999999999934e-01
5.425172000000000327e-01 0.000000000000000000e+00 1.033790999999999904e+00 5.655919000000000363e-01
5.427669000000000521e-01 0.000000000000000000e+00 1.033565999999999985e+00 5.654985999999999624e-01
5.430165999999999604e-01 0.000000000000000000e+00 1.033340999999999843e+00 5.654050999999999938e-01
5.432662999999999798e-01 0.000000000000000000e+00 1.033115999999999923e+00 5.653114999999999668e-01
5.435159999999999991e-01 0.000000000000000000e+00 1.032891000000000004e+00 5.652177999999999924e-01
5.437657000000000185e-01 0.000000000000000000e+00 1.032665999999999862e+00 5.651239000000000123e-01
5.440154999999999852e-01 0.000000000000000000e+00 1.032440999999999942e+00 5.650298000000000265e-01
5.442652000000000045e-01 0.000000000000000000e+00 1.032215999999999800e+00 5.649355999999999822e-01
5.445149000000000239e-01 0.000000000000000000e+00 1.031990999999999881e+00 5.648412000000000432e-01
5.447646000000000432e-01 0.000000000000000000e+00 1.031766000000000183e+00 5.647467000000000459e-01
5.450142999999999516e-01 0.000000000000000000e+00 1.031541000000000041e+00 5.646520000000000428e-01
5.452639999999999709e-01 0.000000000000000000e+00 1.031316000000000122e+00 5.645571999999999813e-01
5.455136999999999903e-01 0.000000000000000000e+00 1.031090999999999980e+00 5.644622000000000250e-01
5.457634000000000096e-01 0.000000000000000000e+00 1.030866000000000060e+00 5.643669999999999520e-01
5.460131999999999763e-01 0.000000000000000000e+00 1.030640000000000001e+00 5.642717000000000427e-01
5.462628999999999957e-01 0.000000000000000000e+00 1.030414999999999859e+00 5.641762000000000166e-01
5.465126000000000150e-01 0.000000000000000000e+00 1.030190000000000161e+00 5.640806000000000431e-01
5.467623000000000344e-01 0.000000000000000000e+00 1.029965000000000019e+00 5.639847999999999528e-01
5.470120000000000537e-01 0.000000000000000000e+00 1.029740000000000100e+00 5.638887999999999678e-01
5.472616999999999621e-01 0.000000000000000000e+00 1.029513999999999818e+00 5.637927000000000355e-01
5.475113999999999814e-01 0.000000000000000000e+00 1.029288999999999898e+00 5.636965000000000447e-01
5.477611999999999481e-01 0.000000000000000000e+00 1.029063999999999979e+00 5.636001000000000483e-01
5.480108999999999675e-01 0.000000000000000000e+00 1.028838999999999837e+00 5.635035000000000460e-01
5.482605999999999868e-01 0.000000000000000000e+00 1.028613000000000000e+00 5.634067999999999854e-01
5.485103000000000062e-01 0.000000000000000000e+00 1.028387999999999858e+00 5.633099000000000300e-01
5.487600000000000255e-01 0.000000000000000000e+00 1.028162999999999938e+00 5.632127999999999579e-01
5.490097000000000449e-01 0.000000000000000000e+00 1.027936999999999879e+00 5.631156000000000494e-01
5.492593999999999532e-01 0.000000000000000000e+00 1.027711999999999959e+00 5.630182000000000242e-01
5.495092000000000310e-01 0.000000000000000000e+00 1.027486000000000121e+00 5.629207000000000516e-01
5.497589000000000503e-01 0.000000000000000000e+00 1.027260999999999980e+00 5.628229999999999622e-01
5.500085999999999586e-01 0.000000000000000000e+00 1.027035000000000142e+00 5.627252000000000365e-01
5.502582999999999780e-01 0.000000000000000000e+00 1.026810000000000000e+00 5.626271999999999940e-01
5.505079999999999973e-01 0.000000000000000000e+00 1.026585000000000081e+00 5.625289999999999457e-01
5.507577000000000167e-01 0.000000000000000000e+00 1.026359000000000021e+00 5.624306999999999501e-01
5.510074000000000360e-01 0.000000000000000000e+00 1.026132999999999962e+00 5.623321999999999488e-01
5.512571000000000554e-01 0.000000000000000000e+00 1.025907999999999820e+00 5.622336000000000000e-01
5.515069000000000221e-01 0.000000000000000000e+00 1.025681999999999983e+00 5.621348000000000456e-01
5.517566000000000415e-01 0.000000000000000000e+00 1.025457000000000063e+00 5.620357999999999743e-01
5.520062999999999498e-01 0.000000000000000000e+00 1.025231000000000003e+00 5.619366999999999557e-01
5.522559999999999691e-01 0.000000000000000000e+00 1.025005000000000166e+00 5.618374000000000423e-01
5.525056999999999885e-01 0.000000000000000000e+00 1.024780000000000024e+00 5.617379000000000122e-01
5.527554000000000078e-01 0.000000000000000000e+00 1.024554000000000187e+00 5.616383000000000347e-01
5.530051000000000272e-01 0.000000000000000000e+00 1.024327999999999905e+00 5.615385000000000515e-01
5.532548999999999939e-01 0.000000000000000000e+00 1.024102000000000068e+00 5.614386000000000099e-01
5.535046000000000133e-01 0.000000000000000000e+00 1.023876999999999926e+00 5.613384999999999625e-01
5.537543000000000326e-01 0.000000000000000000e+00 1.023650999999999867e+00 5.612382000000000204e-01
5.540040000000000520e-01 0.000000000000000000e+00 1.023425000000000029e+00 5.611378000000000199e-01
5.542536999999999603e-01 0.000000000000000000e+00 1.023198999999999970e+00 5.610372000000000137e-01
5.545033999999999796e-01 0.000000000000000000e+00 1.022972999999999910e+00 5.609364000000000017e-01
5.547530999999999990e-01 0.000000000000000000e+00 1.022746999999999851e+00 5.608355000000000423e-01
5.550028000000000183e-01 0.000000000000000000e+00 1.022521000000000013e+00 5.607343999999999662e-01
5.552525999999999851e-01 0.000000000000000000e+00 1.022294999999999954e+00 5.606330999999999953e-01
5.555023000000000044e-01 0.000000000000000000e+00 1.022068999999999894e+00 5.605316999999999661e-01
5.557520000000000238e-01 0.000000000000000000e+00 1.021843000000000057e+00 5.604301000000000421e-01
5.560017000000000431e-01 0.000000000000000000e+00 1.021616999999999997e+00 5.603283999999999487e-01
5.562513999999999514e-01 0.000000000000000000e+00 1.021390999999999938e+00 5.602264000000000133e-01
5.565010999999999708e-01 0.000000000000000000e+00 1.021164999999999878e+00 5.601243999999999668e-01
5.567507999999999901e-01 0.000000000000000000e+00 1.020939000000000041e+00 5.600220999999999671e-01
5.570005999999999569e-01 0.000000000000000000e+00 1.020712999999999981e+00 5.599197000000000202e-01
5.572502999999999762e-01 0.000000000000000000e+00 1.020486999999999922e+00 5.598170999999999564e-01
5.574999999999999956e-01 0.000000000000000000e+00 1.020259999999999945e+00 5.597143999999999453e-01
5.577497000000000149e-01 0.000000000000000000e+00 1.020033999999999885e+00 5.596113999999999811e-01
5.579994000000000343e-01 0.000000000000000000e+00 1.019808000000000048e+00 5.595084000000000168e-01
5.582491000000000536e-01 0.000000000000000000e+00 1.019581999999999988e+00 5.594050999999999885e-01
5.584987999999999619e-01 0.000000000000000000e+00 1.019355000000000011e+00 5.593017000000000127e-01
5.587484999999999813e-01 0.000000000000000000e+00 1.019128999999999952e+00 5.591981000000000313e-01
5.589982999999999480e-01 0.000000000000000000e+00 1.018901999999999974e+00 5.590943000000000440e-01
5.592479999999999674e-01 0.000000000000000000e+00 1.018676000000000137e+00 5.589903999999999984e-01
5.594976999999999867e-01 0.000000000000000000e+00 1.018448999999999938e+00 5.588862999999999470e-01
5.597474000000000061e-01 0.000000000000000000e+00 1.018222999999999878e+00 5.587820000000000009e-01
5.599971000000000254e-01 0.000000000000000000e+00 1.017995999999999901e+00 5.586775999999999964e-01
5.602468000000000448e-01 0.000000000000000000e+00 1.017770000000000064e+00 5.585729999999999862e-01
5.604964999999999531e-01 0.000000000000000000e+00 1.017543000000000086e+00 5.584681999999999702e-01
5.607463000000000308e-01 0.000000000000000000e+00 1.017316000000000109e+00 5.583633000000000068e-01
5.609960000000000502e-01 0.000000000000000000e+00 1.017090000000000050e+00 5.582582000000000377e-01
5.612456999999999585e-01 0.000000000000000000e+00 1.016863000000000072e+00 5.581528999999999519e-01
5.614953999999999779e-01 0.000000000000000000e+00 1.016635999999999873e+00 5.580473999999999712e-01
5.617450999999999972e-01 0.000000000000000000e+00 1.016408999999999896e+00 5.579418000000000433e-01
5.619948000000000166e-01 0.000000000000000000e+00 1.016181999999999919e+00 5.578359999999999985e-01
5.622445000000000359e-01 0.000000000000000000e+00 1.015954999999999941e+00 5.577301000000000064e-01
5.624942000000000553e-01 0.000000000000000000e+00 1.015727999999999964e+00 5.576238999999999502e-01
5.627440000000000220e-01 0.000000000000000000e+00 1.015500999999999987e+00 5.575175999999999465e-01
5.629937000000000413e-01 0.000000000000000000e+00 1.015274000000000010e+00 5.574111000000000482e-01
5.632433999999999497e-01 0.000000000000000000e+00 1.015047000000000033e+00 5.573044999999999805e-01
5.634930999999999690e-01 0.000000000000000000e+00 1.014820000000000055e+00 5.571975999999999596e-01
5.637427999999999884e-01 0.000000000000000000e+00 1.014592999999999856e+00 5.570905999999999914e-01
5.639925000000000077e-01 0.000000000000000000e+00 1.014365999999999879e+00 5.569834000000000174e-01
5.642422000000000271e-01 0.000000000000000000e+00 1.014137999999999984e+00 5.568760999999999850e-01
5.644919999999999938e-01 0.000000000000000000e+00 1.013911000000000007e+00 5.567685999999999469e-01
5.647417000000000131e-01 0.000000000000000000e+00 1.013684000000000029e+00 5.566609000000000140e-01
5.649914000000000325e-01 0.000000000000000000e+00 1.013457000000000052e+00 5.565529999999999644e-01
5.652411000000000518e-01 0.000000000000000000e+00 1.013228999999999935e+00 5.564449000000000201e-01
5.654907999999999602e-01 0.000000000000000000e+00 1.013001999999999958e+00 5.563367000000000173e-01
5.657404999999999795e-01 0.000000000000000000e+00 1.012774000000000063e+00 5.562283000000000088e-01
5.659901999999999989e-01 0.000000000000000000e+00 1.012547000000000086e+00 5.561196999999999946e-01
5.662399999999999656e-01 0.000000000000000000e+00 1.012318999999999969e+00 5.560110000000000330e-01
5.664896999999999849e-01 0.000000000000000000e+00 1.012091000000000074e+00 5.559020000000000072e-01
5.667394000000000043e-01 0.000000000000000000e+00 1.011864000000000097e+00 5.557929000000000341e-01
5.669891000000000236e-01 0.000000000000000000e+00 1.011635999999999980e+00 5.556837000000000026e-01
5.672388000000000430e-01 0.000000000000000000e+00 1.011408000000000085e+00 5.555742000000000180e-01
5.674884999999999513e-01 0.000000000000000000e+00 1.011179999999999968e+00 5.554645000000000277e-01
5.677381999999999707e-01 0.000000000000000000e+00 1.010952999999999991e+00 5.553546999999999789e-01
5.679878999999999900e-01 0.000000000000000000e+00 1.010725000000000096e+00 5.552447000000000354e-01
5.682376999999999567e-01 0.000000000000000000e+00 1.010496999999999979e+00 5.551344999999999752e-01
5.684873999999999761e-01 0.000000000000000000e+00 1.010269000000000084e+00 5.550241999999999676e-01
5.687370999999999954e-01 0.000000000000000000e+00 1.010040999999999967e+00 5.549136000000000069e-01
5.689868000000000148e-01 0.000000000000000000e+00 1.009811999999999932e+00 5.548028999999999877e-01
5.692365000000000341e-01 0.000000000000000000e+00 1.009584000000000037e+00 5.546919999999999629e-01
5.694862000000000535e-01 0.000000000000000000e+00 1.009355999999999920e+00 5.545809000000000433e-01
5.697358999999999618e-01 0.000000000000000000e+00 1.009128000000000025e+00 5.544696999999999543e-01
5.699857000000000395e-01 0.000000000000000000e+00 1.008898999999999990e+00 5.543582000000000232e-01
5.702353999999999479e-01 0.000000000000000000e+00 1.008671000000000095e+00 5.542466000000000337e-01
5.704850999999999672e-01 0.000000000000000000e+00 1.008442999999999978e+00 5.541348000000000384e-01
5.707347999999999866e-01 0.000000000000000000e+00 1.008214000000000166e+00 5.540228000000000375e-01
5.709845000000000059e-01 0.000000000000000000e+00 1.007986000000000049e+00 5.539106000000000307e-01
5.712342000000000253e-01 0.000000000000000000e+00 1.007757000000000014e+00 5.537982000000000182e-01
5.714839000000000446e-01 0.000000000000000000e+00 1.007527999999999979e+00 5.536856000000000000e-01
5.717335999999999530e-01 0.000000000000000000e+00 1.007299999999999862e+00 5.535729000000000344e-01
5.719834000000000307e-01 0.000000000000000000e+00 1.007071000000000049e+00 5.534599999999999520e-01
5.722331000000000500e-01 0.000000000000000000e+00 1.006842000000000015e+00 5.533468999999999749e-01
5.724827999999999584e-01 0.000000000000000000e+00 1.006612999999999980e+00 5.532335999999999920e-01
5.727324999999999777e-01 0.000000000000000000e+00 1.006383999999999945e+00 5.531201000000000034e-01
5.729821999999999971e-01 0.000000000000000000e+00 1.006154999999999911e+00 5.530064000000000091e-01
5.732319000000000164e-01 0.000000000000000000e+00 1.005926000000000098e+00 5.528925000000000090e-01
5.734816000000000358e-01 0.000000000000000000e+00 1.005697000000000063e+00 5.527784999999999505e-01
5.737314000000000025e-01 0.000000000000000000e+00 1.005466999999999889e+00 5.526642000000000499e-01
5.739811000000000218e-01 0.000000000000000000e+00 1.005238000000000076e+00 5.525497999999999799e-01
5.742308000000000412e-01 0.000000000000000000e+00 1.005009000000000041e+00 5.524352000000000151e-01
5.744804999999999495e-01 0.000000000000000000e+00 1.004779000000000089e+00 5.523204000000000446e-01
5.747301999999999689e-01 0.000000000000000000e+00 1.004550000000000054e+00 5.522053999999999574e-01
5.749798999999999882e-01 0.000000000000000000e+00 1.004320000000000102e+00 5.520901999999999754e-01
5.752296000000000076e-01 0.000000000000000000e+00 1.004089999999999927e+00 5.519749000000000461e-01
5.754793000000000269e-01 0.000000000000000000e+00 1.003860999999999892e+00 5.518593000000000526e-01
5.757290999999999936e-01 0.000000000000000000e+00 1.003630999999999940e+00 5.517436000000000007e-01
5.759788000000000130e-01 0.000000000000000000e+00 1.003400999999999987e+00 5.516275999999999957e-01
5.762285000000000323e-01 0.000000000000000000e+00 1.003171000000000035e+00 5.515115000000000434e-01
5.764782000000000517e-01 0.000000000000000000e+00 1.002941000000000082e+00 5.513951999999999742e-01
5.767278999999999600e-01 0.000000000000000000e+00 1.002710999999999908e+00 5.512787000000000104e-01
5.769775999999999794e-01 0.000000000000000000e+00 1.002480999999999955e+00 5.511620000000000408e-01
5.772272999999999987e-01 0.000000000000000000e+00 1.002251000000000003e+00 5.510450999999999544e-01
5.774770999999999654e-01 0.000000000000000000e+00 1.002019999999999911e+00 5.509279999999999733e-01
5.777267999999999848e-01 0.000000000000000000e+00 1.001789999999999958e+00 5.508106999999999864e-01
5.779765000000000041e-01 0.000000000000000000e+00 1.001560000000000006e+00 5.506931999999999938e-01
5.782262000000000235e-01 0.000000000000000000e+00 1.001328999999999914e+00 5.505756000000000538e-01
5.784759000000000428e-01 0.000000000000000000e+00 1.001098999999999961e+00 5.504577000000000497e-01
5.787255999999999512e-01 0.000000000000000000e+00 1.000868000000000091e+00 5.503396999999999872e-01
5.789752999999999705e-01 0.000000000000000000e+00 1.000636999999999999e+00 5.502213999999999716e-01
5.792249999999999899e-01 0.000000000000000000e+00 1.000407000000000046e+00 5.501030000000000086e-01
5.794747999999999566e-01 0.000000000000000000e+00 1.000175999999999954e+00 5.499842999999999815e-01
5.797244999999999759e-01 0.000000000000000000e+00 9.999451000000000311e-01 5.498655000000000070e-01
5.799741999999999953e-01 0.000000000000000000e+00 9.997141000000000499e-01 5.497465000000000268e-01
5.802239000000000146e-01 0.000000000000000000e+00 9.994831000000000687e-01 5.496273000000000408e-01
5.804736000000000340e-01 0.000000000000000000e+00 9.992518999999999707e-01 5.495079000000000491e-01
5.807233000000000533e-01 0.000000000000000000e+00 9.990206999999999837e-01 5.493883000000000516e-01
5.809729999999999617e-01 0.000000000000000000e+00 9.987894999999999968e-01 5.492685000000000484e-01
5.812228000000000394e-01 0.000000000000000000e+00 9.985581000000000040e-01 5.491485000000000394e-01
5.814724999999999477e-01 0.000000000000000000e+00 9.983265999999999529e-01 5.490283000000000246e-01
5.817221999999999671e-01 0.000000000000000000e+00 9.980951000000000128e-01 5.489079999999999515e-01
5.819718999999999864e-01 0.000000000000000000e+00 9.978633999999999560e-01 5.487874000000000363e-01
5.822216000000000058e-01 0.000000000000000000e+00 9.976317000000000101e-01 5.486666000000000043e-01
5.824713000000000251e-01 0.000000000000000000e+00 9.973999000000000059e-01 5.485457000000000249e-01
5.827210000000000445e-01 0.000000000000000000e+00 9.971680000000000543e-01 5.484244999999999814e-01
5.829708000000000112e-01 0.000000000000000000e+00 9.969360000000000444e-01 5.483031999999999906e-01
5.832205000000000306e-01 0.000000000000000000e+00 9.967038999999999760e-01 5.481816000000000466e-01
5.834702000000000499e-01 0.000000000000000000e+00 9.964717000000000713e-01 5.480599000000000443e-01
5.837198999999999582e-01 0.000000000000000000e+00 9.962393999999999972e-01 5.479380000000000361e-01
5.839695999999999776e-01 0.000000000000000000e+00 9.960069999999999757e-01 5.478157999999999639e-01
5.842192999999999969e-01 0.000000000000000000e+00 9.957745999999999542e-01 5.476935000000000553e-01
5.844690000000000163e-01 0.000000000000000000e+00 9.955420000000000380e-01 5.475710000000000299e-01
5.847187000000000356e-01 0.000000000000000000e+00 9.953094000000000108e-01 5.474482999999999988e-01
5.849685000000000024e-01 0.000000000000000000e+00 9.950765999999999778e-01 5.473253999999999619e-01
5.852182000000000217e-01 0.000000000000000000e+00 9.948437999999999448e-01 5.472023000000000303e-01
5.854679000000000411e-01 0.000000000000000000e+00 9.946108000000000171e-01 5.470789999999999820e-01
5.857175999999999494e-01 0.000000000000000000e+00 9.943777999999999784e-01 5.469555000000000389e-01
5.859672999999999687e-01 0.000000000000000000e+00 9.941446999999999923e-01 5.468317999999999790e-01
5.862169999999999881e-01 0.000000000000000000e+00 9.939115000000000588e-01 5.467079999999999718e-01
5.864667000000000074e-01 0.000000000000000000e+00 9.936781999999999559e-01 5.465839000000000114e-01
5.867164999999999742e-01 0.000000000000000000e+00 9.934448000000000167e-01 5.464596000000000453e-01
5.869661999999999935e-01 0.000000000000000000e+00 9.932113000000000191e-01 5.463352000000000208e-01
5.872159000000000129e-01 0.000000000000000000e+00 9.929777000000000742e-01 5.462105000000000432e-01
5.874656000000000322e-01 0.000000000000000000e+00 9.927440000000000708e-01 5.460855999999999488e-01
5.877153000000000516e-01 0.000000000000000000e+00 9.925102000000000091e-01 5.459606000000000181e-01
5.879649999999999599e-01 0.000000000000000000e+00 9.922763999999999474e-01 5.458353999999999706e-01
5.882146999999999792e-01 0.000000000000000000e+00 9.920423999999999909e-01 5.457098999999999700e-01
5.884643999999999986e-01 0.000000000000000000e+00 9.918082999999999760e-01 5.455843000000000220e-01
5.887141999999999653e-01 0.000000000000000000e+00 9.915742000000000722e-01 5.454584999999999573e-01
5.889638999999999847e-01 0.000000000000000000e+00 9.913398999999999406e-01 5.453324000000000504e-01
5.892136000000000040e-01 0.000000000000000000e+00 9.911056000000000310e-01 5.452061999999999742e-01
5.894633000000000234e-01 0.000000000000000000e+00 9.908711000000000046e-01 5.450798000000000032e-01
5.897130000000000427e-01 0.000000000000000000e+00 9.906366000000000893e-01 5.449532000000000265e-01
5.899626999999999510e-01 0.000000000000000000e+00 9.904018999999999462e-01 5.448264000000000440e-01
5.902123999999999704e-01 0.000000000000000000e+00 9.901672000000000251e-01 5.446993999999999447e-01
5.904622000000000481e-01 0.000000000000000000e+00 9.899323000000000983e-01 5.445721999999999507e-01
5.907118999999999565e-01 0.000000000000000000e+00 9.896974000000000604e-01 5.444447999999999510e-01
5.909615999999999758e-01 0.000000000000000000e+00 9.894623000000000168e-01 5.443171999999999455e-01
5.912112999999999952e-01 0.000000000000000000e+00 9.892272000000000842e-01 5.441894000000000453e-01
5.914610000000000145e-01 0.000000000000000000e+00 9.889919000000000349e-01 5.440614999999999757e-01
5.917107000000000339e-01 0.000000000000000000e+00 9.887564999999999271e-01 5.439332999999999529e-01
5.919604000000000532e-01 0.000000000000000000e+00 9.885209999999999830e-01 5.438049000000000355e-01
5.922100999999999615e-01 0.000000000000000000e+00 9.882854999999999279e-01 5.436763000000000012e-01
5.924599000000000393e-01 0.000000000000000000e+00 9.880497999999999781e-01 5.435474999999999612e-01
5.927095999999999476e-01 0.000000000000000000e+00 9.878139999999999699e-01 5.434185999999999739e-01
5.929592999999999670e-01 0.000000000000000000e+00 9.875779999999999559e-01 5.432894000000000334e-01
5.932089999999999863e-01 0.000000000000000000e+00 9.873419999999999419e-01 5.431599999999999762e-01
5.934587000000000057e-01 0.000000000000000000e+00 9.871058999999999806e-01 5.430304000000000242e-01
5.937084000000000250e-01 0.000000000000000000e+00 9.868696000000000135e-01 5.429005999999999554e-01
5.939581000000000444e-01 0.000000000000000000e+00 9.866331999999999880e-01 5.427705999999999920e-01
5.942079000000000111e-01 0.000000000000000000e+00 9.863967000000000152e-01 5.426404000000000227e-01
5.944576000000000304e-01 0.000000000000000000e+00 9.861601000000000949e-01 5.425100000000000477e-01
5.947073000000000498e-01 0.000000000000000000e+00 9.859234000000000053e-01 5.423793000000000086e-01
5.949569999999999581e-01 0.000000000000000000e+00 9.856865000000000210e-01 5.422485000000000221e-01
5.952066999999999775e-01 0.000000000000000000e+00 9.854494999999999783e-01 5.421175000000000299e-01
5.954563999999999968e-01 0.000000000000000000e+00 9.852123999999999882e-01 5.419861999999999735e-01
5.957061000000000162e-01 0.000000000000000000e+00 9.849751999999999397e-01 5.418547000000000224e-01
5.959558000000000355e-01 0.000000000000000000e+00 9.847377999999999965e-01 5.417231000000000130e-01
5.962056000000000022e-01 0.000000000000000000e+00 9.845002999999999949e-01 5.415912000000000504e-01
5.964553000000000216e-01 0.000000000000000000e+00 9.842627000000000459e-01 5.414590999999999710e-01
5.967050000000000409e-01 0.000000000000000000e+00 9.840248999999999802e-01 5.413267999999999969e-01
5.969546999999999493e-01 0.000000000000000000e+00 9.837871000000000254e-01 5.411941999999999586e-01
5.972043999999999686e-01 0.000000000000000000e+00 9.835490999999999540e-01 5.410614999999999730e-01
5.974540999999999880e-01 0.000000000000000000e+00 9.833108999999999877e-01 5.409285000000000343e-01
5.977038000000000073e-01 0.000000000000000000e+00 9.830725999999999631e-01 5.407954000000000372e-01
5.979535999999999740e-01 0.000000000000000000e+00 9.828341999999999912e-01 5.406619999999999759e-01
5.982032999999999934e-01 0.000000000000000000e+00 9.825956999999999608e-01 5.405284999999999673e-01
5.984530000000000127e-01 0.000000000000000000e+00 9.823569999999999247e-01 5.403947000000000056e-01
5.987027000000000321e-01 0.000000000000000000e+00 9.821182000000000523e-01 5.402607000000000381e-01
5.989524000000000514e-01 0.000000000000000000e+00 9.818792999999998994e-01 5.401264999999999539e-01
5.992020999999999598e-01 0.000000000000000000e+00 9.816403000000000212e-01 5.399920999999999749e-01
5.994517999999999791e-01 0.000000000000000000e+00 9.814011000000000262e-01 5.398574999999999902e-01
5.997015999999999458e-01 0.000000000000000000e+00 9.811617999999999729e-01 5.397226999999999997e-01
5.999512999999999652e-01 0.000000000000000000e+00 9.809222999999999137e-01 5.395877000000000034e-01
6.002009999999999845e-01 0.000000000000000000e+00 9.806828000000000767e-01 5.394525000000000015e-01
6.004507000000000039e-01 0.000000000000000000e+00 9.804431000000000118e-01 5.393170999999999937e-01
6.007004000000000232e-01 0.000000000000000000e+00 9.802032000000000522e-01 5.391814999999999802e-01
6.009501000000000426e-01 0.000000000000000000e+00 9.799632999999999816e-01 5.390456999999999610e-01
6.011997999999999509e-01 0.000000000000000000e+00 9.797232000000000163e-01 5.389097000000000470e-01
6.014494999999999703e-01 0.000000000000000000e+00 9.794829999999999925e-01 5.387735000000000163e-01
6.016993000000000480e-01 0.000000000000000000e+00 9.792426000000000741e-01 5.386370999999999798e-01
6.019489999999999563e-01 0.000000000000000000e+00 9.790020999999999862e-01 5.385005000000000486e-01
6.021986999999999757e-01 0.000000000000000000e+00 9.787614999999999510e-01 5.383637000000000006e-01
6.024483999999999950e-01 0.000000000000000000e+00 9.785207000000000210e-01 5.382266999999999468e-01
6.026981000000000144e-01 0.000000000000000000e+00 9.782798000000000327e-01 5.380894999999999984e-01
6.029478000000000337e-01 0.000000000000000000e+00 9.780387999999999860e-01 5.379521000000000441e-01
6.031975000000000531e-01 0.000000000000000000e+00 9.777975999999999335e-01 5.378144999999999731e-01
6.034473000000000198e-01 0.000000000000000000e+00 9.775562999999999336e-01 5.376767000000000074e-01
6.036970000000000391e-01 0.000000000000000000e+00 9.773148999999999864e-01 5.375387000000000359e-01
6.039466999999999475e-01 0.000000000000000000e+00 9.770733000000000334e-01 5.374004999999999477e-01
6.041963999999999668e-01 0.000000000000000000e+00 9.768314999999999637e-01 5.372620000000000173e-01
6.044460999999999862e-01 0.000000000000000000e+00 9.765897000000000050e-01 5.371234000000000286e-01
6.046958000000000055e-01 0.000000000000000000e+00 9.763476000000000932e-01 5.369844999999999757e-01
6.049455000000000249e-01 0.000000000000000000e+00 9.761054999999999593e-01 5.368454000000000281e-01
6.051952000000000442e-01 0.000000000000000000e+00 9.758632000000000417e-01 5.367060999999999638e-01
6.054450000000000109e-01 0.000000000000000000e+00 9.756207000000000074e-01 5.365666000000000047e-01
6.056947000000000303e-01 0.000000000000000000e+00 9.753781000000000256e-01 5.364267999999999814e-01
6.059444000000000496e-01 0.000000000000000000e+00 9.751353000000000382e-01 5.362869000000000108e-01
6.061940999999999580e-01 0.000000000000000000e+00 9.748923999999999923e-01 5.361466999999999761e-01
6.064437999999999773e-01 0.000000000000000000e+00 9.746493999999999991e-01 5.360063000000000466e-01
6.066934999999999967e-01 0.000000000000000000e+00 9.744062000000000001e-01 5.358657000000000004e-01
6.069432000000000160e-01 0.000000000000000000e+00 9.741627999999999954e-01 5.357248999999999484e-01
6.071929999999999827e-01 0.000000000000000000e+00 9.739193000000000433e-01 5.355838000000000543e-01
6.074427000000000021e-01 0.000000000000000000e+00 9.736756000000000855e-01 5.354425000000000434e-01
6.076924000000000214e-01 0.000000000000000000e+00 9.734317000000000109e-01 5.353010000000000268e-01
6.079421000000000408e-01 0.000000000000000000e+00 9.731876999999999889e-01 5.351593000000000044e-01
6.081917999999999491e-01 0.000000000000000000e+00 9.729435999999999085e-01 5.350173000000000290e-01
6.084414999999999685e-01 0.000000000000000000e+00 9.726993000000000444e-01 5.348751000000000477e-01
6.086911999999999878e-01 0.000000000000000000e+00 9.724547999999999526e-01 5.347328000000000081e-01
6.089409000000000072e-01 0.000000000000000000e+00 9.722100999999999660e-01 5.345902000000000154e-01
6.091906999999999739e-01 0.000000000000000000e+00 9.719652999999999210e-01 5.344472999999999585e-01
6.094403999999999932e-01 0.000000000000000000e+00 9.717202999999999813e-01 5.343042999999999543e-01
6.096901000000000126e-01 0.000000000000000000e+00 9.714751999999999832e-01 5.341611000000000553e-01
6.099398000000000319e-01 0.000000000000000000e+00 9.712299000000000904e-01 5.340175999999999812e-01
6.101895000000000513e-01 0.000000000000000000e+00 9.709844000000000808e-01 5.338739999999999597e-01
6.104391999999999596e-01 0.000000000000000000e+00 9.707388000000000128e-01 5.337300999999999851e-01
6.106888999999999790e-01 0.000000000000000000e+00 9.704930000000000501e-01 5.335860999999999521e-01
6.109386999999999457e-01 0.000000000000000000e+00 9.702469999999999706e-01 5.334417999999999660e-01
6.111883999999999650e-01 0.000000000000000000e+00 9.700009000000000547e-01 5.332974000000000325e-01
6.114380999999999844e-01 0.000000000000000000e+00 9.697546000000000221e-01 5.331527000000000349e-01
6.116878000000000037e-01 0.000000000000000000e+00 9.695080999999999838e-01 5.330078000000000316e-01
6.119375000000000231e-01 0.000000000000000000e+00 9.692614999999999981e-01 5.328627000000000224e-01
6.121872000000000424e-01 0.000000000000000000e+00 9.690146999999998956e-01 5.327174000000000076e-01
6.124368999999999508e-01 0.000000000000000000e+00 9.687677999999999567e-01 5.325718999999999870e-01
6.126865999999999701e-01 0.000000000000000000e+00 9.685207000000000122e-01 5.324261999999999606e-01
6.129364000000000479e-01 0.000000000000000000e+00 9.682734000000000618e-01 5.322803000000000395e-01
6.131860999999999562e-01 0.000000000000000000e+00 9.680259999999999421e-01 5.321342000000000017e-01
6.134357999999999755e-01 0.000000000000000000e+00 9.677784000000000386e-01 5.319878000000000107e-01
6.136854999999999949e-01 0.000000000000000000e+00 9.675307000000000768e-01 5.318412999999999613e-01
6.139352000000000142e-01 0.000000000000000000e+00 9.672826999999999398e-01 5.316944999999999588e-01
6.141849000000000336e-01 0.000000000000000000e+00 9.670345999999999664e-01 5.315474999999999506e-01
6.144346000000000529e-01 0.000000000000000000e+00 9.667863999999999347e-01 5.314003000000000476e-01
6.146844000000000197e-01 0.000000000000000000e+00 9.665379000000000609e-01 5.312529000000000279e-01
6.149341000000000390e-01 0.000000000000000000e+00 9.662893000000000177e-01 5.311052000000000550e-01
6.151837999999999473e-01 0.000000000000000000e+00 9.660404999999999687e-01 5.309574000000000238e-01
6.154334999999999667e-01 0.000000000000000000e+00 9.657915000000000250e-01 5.308091999999999810e-01
6.156831999999999860e-01 0.000000000000000000e+00 9.655424000000000229e-01 5.306608999999999909e-01
6.159329000000000054e-01 0.000000000000000000e+00 9.652929999999999566e-01 5.305123999999999951e-01
6.161826000000000247e-01 0.000000000000000000e+00 9.650434999999999430e-01 5.303636000000000461e-01
6.164323999999999915e-01 0.000000000000000000e+00 9.647936999999999763e-01 5.302145000000000330e-01
6.166821000000000108e-01 0.000000000000000000e+00 9.645438000000000622e-01 5.300652999999999615e-01
6.169318000000000302e-01 0.000000000000000000e+00 9.642936999999999204e-01 5.299158000000000479e-01
6.171815000000000495e-01 0.000000000000000000e+00 9.640433999999999948e-01 5.297661000000000175e-01
6.174311999999999578e-01 0.000000000000000000e+00 9.637929000000000634e-01 5.296161999999999814e-01
6.176808999999999772e-01 0.000000000000000000e+00 9.635422000000000153e-01 5.294659999999999922e-01
6.179305999999999965e-01 0.000000000000000000e+00 9.632913999999999088e-01 5.293155999999999972e-01
6.181803000000000159e-01 0.000000000000000000e+00 9.630402999999999603e-01 5.291649999999999965e-01
6.184300999999999826e-01 0.000000000000000000e+00 9.627890999999999533e-01 5.290141000000000426e-01
6.186798000000000020e-01 0.000000000000000000e+00 9.625375999999999932e-01 5.288631000000000304e-01
6.189295000000000213e-01 0.000000000000000000e+00 9.622859999999999747e-01 5.287117999999999540e-01
6.191792000000000407e-01 0.000000000000000000e+00 9.620342000000000615e-01 5.285602999999999829e-01
6.194288999999999490e-01 0.000000000000000000e+00 9.617822000000000315e-01 5.284084999999999477e-01
6.196785999999999683e-01 0.000000000000000000e+00 9.615299999999999958e-01 5.282565000000000177e-01
6.199282999999999877e-01 0.000000000000000000e+00 9.612775999999999543e-01 5.281044000000000294e-01
6.201780999999999544e-01 0.000000000000000000e+00 9.610250999999999655e-01 5.279519000000000295e-01
6.204277999999999738e-01 0.000000000000000000e+00 9.607723999999999709e-01 5.277992999999999713e-01
6.206774999999999931e-01 0.000000000000000000e+00 9.605194000000000232e-01 5.276465000000000183e-01
6.209272000000000125e-01 0.000000000000000000e+00 9.602663000000000171e-01 5.274934000000000012e-01
6.211769000000000318e-01 0.000000000000000000e+00 9.600130000000000052e-01 5.273400999999999783e-01
6.214266000000000512e-01 0.000000000000000000e+00 9.597594999999999876e-01 5.271865999999999497e-01
6.216762999999999595e-01 0.000000000000000000e+00 9.595058000000000753e-01 5.270327999999999680e-01
6.219259999999999788e-01 0.000000000000000000e+00 9.592518999999999352e-01 5.268787999999999805e-01
6.221757999999999456e-01 0.000000000000000000e+00 9.589978999999999587e-01 5.267245999999999873e-01
6.224254999999999649e-01 0.000000000000000000e+00 9.587436000000000291e-01 5.265701999999999883e-01
6.226751999999999843e-01 0.000000000000000000e+00 9.584890999999999828e-01 5.264155000000000362e-01
6.229249000000000036e-01 0.000000000000000000e+00 9.582344000000000417e-01 5.262607000000000257e-01
6.231746000000000230e-01 0.000000000000000000e+00 9.579794999999999838e-01 5.261055999999999511e-01
6.234243000000000423e-01 0.000000000000000000e+00 9.577245000000000896e-01 5.259502000000000344e-01
6.236739999999999506e-01 0.000000000000000000e+00 9.574692000000000203e-01 5.257946000000000009e-01
6.239238000000000284e-01 0.000000000000000000e+00 9.572137000000000562e-01 5.256387999999999616e-01
6.241735000000000477e-01 0.000000000000000000e+00 9.569579999999999753e-01 5.254828000000000277e-01
6.244231999999999561e-01 0.000000000000000000e+00 9.567020000000000524e-01 5.253265000000000295e-01
6.246728999999999754e-01 0.000000000000000000e+00 9.564459000000000710e-01 5.251700000000000257e-01
6.249225999999999948e-01 0.000000000000000000e+00 9.561896000000000839e-01 5.250133000000000161e-01
6.251723000000000141e-01 0.000000000000000000e+00 9.559330000000000327e-01 5.248563000000000534e-01
6.254220000000000335e-01 0.000000000000000000e+00 9.556762999999999231e-01 5.246990999999999739e-01
6.256717000000000528e-01 0.000000000000000000e+00 9.554192999999999714e-01 5.245416999999999996e-01
6.259215000000000195e-01 0.000000000000000000e+00 9.551621999999999613e-01 5.243839999999999613e-01
6.261712000000000389e-01 0.000000000000000000e+00 9.549047999999999981e-01 5.242261000000000282e-01
6.264208999999999472e-01 0.000000000000000000e+00 9.546472000000000291e-01 5.240679999999999783e-01
6.266705999999999666e-01 0.000000000000000000e+00 9.543894000000000544e-01 5.239097000000000337e-01
6.269202999999999859e-01 0.000000000000000000e+00 9.541313999999999629e-01 5.237511000000000250e-01
6.271700000000000053e-01 0.000000000000000000e+00 9.538731999999999767e-01 5.235923999999999578e-01
6.274197000000000246e-01 0.000000000000000000e+00 9.536147999999999847e-01 5.234334000000000486e-01
6.276694999999999913e-01 0.000000000000000000e+00 9.533561999999999870e-01 5.232742000000000226e-01
6.279192000000000107e-01 0.000000000000000000e+00 9.530973999999999835e-01 5.231147999999999909e-01
6.281689000000000300e-01 0.000000000000000000e+00 9.528383999999999743e-01 5.229551999999999534e-01
6.284186000000000494e-01 0.000000000000000000e+00 9.525791999999999593e-01 5.227954000000000212e-01
6.286682999999999577e-01 0.000000000000000000e+00 9.523196999999999912e-01 5.226353999999999722e-01
6.289179999999999771e-01 0.000000000000000000e+00 9.520601000000000758e-01 5.224752000000000285e-01
6.291676999999999964e-01 0.000000000000000000e+00 9.518001999999999851e-01 5.223147999999999680e-01
6.294174000000000158e-01 0.000000000000000000e+00 9.515400999999999998e-01 5.221540999999999544e-01
6.296671999999999825e-01 0.000000000000000000e+00 9.512798000000000087e-01 5.219932999999999934e-01
6.299169000000000018e-01 0.000000000000000000e+00 9.510193000000000119e-01 5.218321999999999683e-01
6.301666000000000212e-01 0.000000000000000000e+00 9.507586000000000093e-01 5.216709000000000485e-01
6.304163000000000405e-01 0.000000000000000000e+00 9.504977000000000009e-01 5.215094000000000118e-01
6.306659999999999489e-01 0.000000000000000000e+00 9.502364999999999284e-01 5.213476000000000221e-01
6.309156999999999682e-01 0.000000000000000000e+00 9.499750999999999612e-01 5.211856000000000266e-01
6.311653999999999876e-01 0.000000000000000000e+00 9.497134999999999883e-01 5.210234000000000254e-01
6.314151999999999543e-01 0.000000000000000000e+00 9.494515999999999512e-01 5.208608999999999600e-01
6.316648999999999736e-01 0.000000000000000000e+00 9.491896000000000777e-01 5.206981999999999999e-01
6.319145999999999930e-01 0.000000000000000000e+00 9.489272999999999181e-01 5.205351999999999757e-01
6.321643000000000123e-01 0.000000000000000000e+00 9.486647999999999747e-01 5.203719999999999457e-01
6.324140000000000317e-01 0.000000000000000000e+00 9.484020000000000783e-01 5.202086000000000210e-01
6.326637000000000510e-01 0.000000000000000000e+00 9.481390000000000651e-01 5.200447999999999737e-01
6.329133999999999594e-01 0.000000000000000000e+00 9.478758000000000461e-01 5.198808999999999791e-01
6.331632000000000371e-01 0.000000000000000000e+00 9.476124000000000214e-01 5.197165999999999730e-01
6.334128999999999454e-01 0.000000000000000000e+00 9.473487999999999909e-01 5.195522000000000196e-01
6.336625999999999648e-01 0.000000000000000000e+00 9.470848999999998963e-01 5.193874000000000546e-01
6.339122999999999841e-01 0.000000000000000000e+00 9.468206999999999596e-01 5.192225000000000312e-01
6.341620000000000035e-01 0.000000000000000000e+00 9.465564000000000755e-01 5.190571999999999964e-01
6.344117000000000228e-01 0.000000000000000000e+00 9.462918000000000163e-01 5.188918000000000141e-01
6.346614000000000422e-01 0.000000000000000000e+00 9.460270000000000623e-01 5.187260999999999678e-01
6.349110999999999505e-01 0.000000000000000000e+00 9.457618999999999332e-01 5.185600999999999683e-01
6.351609000000000282e-01 0.000000000000000000e+00 9.454965999999999093e-01 5.183938999999999631e-01
6.354106000000000476e-01 0.000000000000000000e+00 9.452310999999999908e-01 5.182274999999999521e-01
6.356602999999999559e-01 0.000000000000000000e+00 9.449653000000000080e-01 5.180609000000000464e-01
6.359099999999999753e-01 0.000000000000000000e+00 9.446993000000000196e-01 5.178939999999999655e-01
6.361596999999999946e-01 0.000000000000000000e+00 9.444330999999999143e-01 5.177268999999999899e-01
6.364094000000000140e-01 0.000000000000000000e+00 9.441665999999999670e-01 5.175596000000000085e-01
6.366591000000000333e-01 0.000000000000000000e+00 9.438999000000000139e-01 5.173921000000000214e-01
6.369089000000000000e-01 0.000000000000000000e+00 9.436330000000000551e-01 5.172242999999999702e-01
6.371586000000000194e-01 0.000000000000000000e+00 9.433658000000000321e-01 5.170563000000000242e-01
6.374083000000000387e-01 0.000000000000000000e+00 9.430984000000000034e-01 5.168880999999999615e-01
6.376579999999999471e-01 0.000000000000000000e+00 9.428307000000000215e-01 5.167197000000000040e-01
6.379076999999999664e-01 0.000000000000000000e+00 9.425628999999999813e-01 5.165511000000000408e-01
6.381573999999999858e-01 0.000000000000000000e+00 9.422947000000000406e-01 5.163822000000000134e-01
6.384071000000000051e-01 0.000000000000000000e+00 9.420263999999999305e-01 5.162132000000000387e-01
6.386568000000000245e-01 0.000000000000000000e+00 9.417577999999999783e-01 5.160438999999999998e-01
6.389065999999999912e-01 0.000000000000000000e+00 9.414890000000000203e-01 5.158743999999999552e-01
6.391563000000000105e-01 0.000000000000000000e+00 9.412198999999999982e-01 5.157047000000000159e-01
6.394060000000000299e-01 0.000000000000000000e+00 9.409505999999999704e-01 5.155347999999999598e-01
6.396557000000000492e-01 0.000000000000000000e+00 9.406811000000000478e-01 5.153645999999999505e-01
6.399053999999999576e-01 0.000000000000000000e+00 9.404112999999999500e-01 5.151942999999999939e-01
6.401550999999999769e-01 0.000000000000000000e+00 9.401412999999999576e-01 5.150236999999999732e-01
6.404047999999999963e-01 0.000000000000000000e+00 9.398710999999999594e-01 5.148528999999999467e-01
6.406545999999999630e-01 0.000000000000000000e+00 9.396006000000000080e-01 5.146817999999999671e-01
6.409042999999999823e-01 0.000000000000000000e+00 9.393297999999999925e-01 5.145106000000000401e-01
6.411540000000000017e-01 0.000000000000000000e+00 9.390587999999999713e-01 5.143391000000000490e-01
6.414037000000000210e-01 0.000000000000000000e+00 9.387874999999999970e-01 5.141674000000000522e-01
6.416534000000000404e-01 0.000000000000000000e+00 9.385160000000000169e-01 5.139953999999999912e-01
6.419030999999999487e-01 0.000000000000000000e+00 9.382442999999999200e-01 5.138232000000000355e-01
6.421527999999999681e-01 0.000000000000000000e+00 9.379722999999999811e-01 5.136507999999999630e-01
6.424024999999999874e-01 0.000000000000000000e+00 9.377000000000000890e-01 5.134781000000000484e-01
6.426522999999999541e-01 0.000000000000000000e+00 9.374274999999999691e-01 5.133050999999999586e-01
6.429019999999999735e-01 0.000000000000000000e+00 9.371547000000000072e-01 5.131318999999999741e-01
6.431516999999999928e-01 0.000000000000000000e+00 9.368816000000000921e-01 5.129584000000000366e-01
6.434014000000000122e-01 0.000000000000000000e+00 9.366082999999999492e-01 5.127846999999999822e-01
6.436511000000000315e-01 0.000000000000000000e+00 9.363348000000000226e-01 5.126106999999999747e-01
6.439008000000000509e-01 0.000000000000000000e+00 9.360610000000000319e-01 5.124364999999999615e-01
6.441504999999999592e-01 0.000000000000000000e+00 9.357868999999999771e-01 5.122619999999999951e-01
6.444003000000000370e-01 0.000000000000000000e+00 9.355126000000000275e-01 5.120871999999999646e-01
6.446499999999999453e-01 0.000000000000000000e+00 9.352380000000000138e-01 5.119122000000000394e-01
6.448996999999999646e-01 0.000000000000000000e+00 9.349631999999999943e-01 5.117369000000000501e-01
6.451493999999999840e-01 0.000000000000000000e+00 9.346880999999999107e-01 5.115614000000000550e-01
6.453991000000000033e-01 0.000000000000000000e+00 9.344126999999999850e-01 5.113855999999999957e-01
6.456488000000000227e-01 0.000000000000000000e+00 9.341372000000000009e-01 5.112096000000000418e-01
6.458985000000000420e-01 0.000000000000000000e+00 9.338613000000000053e-01 5.110333999999999710e-01
6.461481999999999504e-01 0.000000000000000000e+00 9.335852000000000039e-01 5.108568999999999471e-01
6.463980000000000281e-01 0.000000000000000000e+00 9.333088999999999968e-01 5.106802000000000286e-01
6.466477000000000475e-01 0.000000000000000000e+00 9.330321999999999782e-01 5.105032999999999932e-01
6.468973999999999558e-01 0.000000000000000000e+00 9.327554000000000123e-01 5.103261000000000047e-01
6.471470999999999751e-01 0.000000000000000000e+00 9.324782999999999822e-01 5.101487000000000105e-01
6.473967999999999945e-01 0.000000000000000000e+00 9.322008999999999990e-01 5.099711000000000105e-01
6.476465000000000138e-01 0.000000000000000000e+00 9.319231999999999516e-01 5.097933000000000048e-01
6.478962000000000332e-01 0.000000000000000000e+00 9.316453000000000095e-01 5.096152000000000459e-01
6.481459999999999999e-01 0.000000000000000000e+00 9.313671000000000033e-01 5.094370000000000287e-01
6.483957000000000193e-01 0.000000000000000000e+00 9.310886999999999913e-01 5.092584999999999473e-01
6.486454000000000386e-01 0.000000000000000000e+00 9.308098999999999679e-01 5.090797999999999712e-01
6.488950999999999469e-01 0.000000000000000000e+00 9.305308999999999386e-01 5.089008999999999894e-01
6.491447999999999663e-01 0.000000000000000000e+00 9.302516000000000673e-01 5.087218000000000018e-01
6.493944999999999856e-01 0.000000000000000000e+00 9.299720999999999682e-01 5.085423999999999500e-01
6.496442000000000050e-01 0.000000000000000000e+00 9.296921999999999686e-01 5.083628000000000036e-01
6.498939999999999717e-01 0.000000000000000000e+00 9.294120999999999633e-01 5.081830000000000513e-01
6.501436999999999911e-01 0.000000000000000000e+00 9.291317000000000048e-01 5.080029000000000350e-01
6.503934000000000104e-01 0.000000000000000000e+00 9.288509999999999822e-01 5.078226000000000129e-01
6.506431000000000298e-01 0.000000000000000000e+00 9.285700000000000065e-01 5.076420999999999850e-01
6.508928000000000491e-01 0.000000000000000000e+00 9.282886999999999666e-01 5.074613000000000040e-01
6.511424999999999574e-01 0.000000000000000000e+00 9.280072000000000321e-01 5.072803000000000173e-01
6.513921999999999768e-01 0.000000000000000000e+00 9.277252999999999750e-01 5.070989999999999664e-01
6.516418999999999961e-01 0.000000000000000000e+00 9.274432000000000231e-01 5.069175000000000209e-01
6.518916999999999629e-01 0.000000000000000000e+00 9.271608000000000072e-01 5.067357000000000111e-01
6.521413999999999822e-01 0.000000000000000000e+00 9.268781999999999854e-01 5.065536999999999956e-01
6.523911000000000016e-01 0.000000000000000000e+00 9.265951999999999522e-01 5.063714000000000270e-01
6.526408000000000209e-01 0.000000000000000000e+00 9.263120000000000243e-01 5.061889000000000527e-01
6.528905000000000403e-01 0.000000000000000000e+00 9.260285000000000322e-01 5.060061000000000142e-01
6.531401999999999486e-01 0.000000000000000000e+00 9.257448000000000343e-01 5.058230999999999700e-01
6.533898999999999679e-01 0.000000000000000000e+00 9.254607000000000250e-01 5.056397999999999726e-01
6.536397000000000457e-01 0.000000000000000000e+00 9.251763999999998989e-01 5.054562999999999695e-01
6.538893999999999540e-01 0.000000000000000000e+00 9.248918000000000417e-01 5.052725000000000133e-01
6.541390999999999734e-01 0.000000000000000000e+00 9.246069999999999567e-01 5.050883999999999929e-01
6.543887999999999927e-01 0.000000000000000000e+00 9.243219000000000296e-01 5.049042000000000252e-01
6.546385000000000121e-01 0.000000000000000000e+00 9.240365000000000384e-01 5.047196999999999933e-01
6.548882000000000314e-01 0.000000000000000000e+00 9.237507999999999830e-01 5.045349000000000084e-01
6.551379000000000508e-01 0.000000000000000000e+00 9.234647999999999746e-01 5.043499999999999650e-01
6.553875999999999591e-01 0.000000000000000000e+00 9.231785000000000130e-01 5.041647999999999685e-01
6.556374000000000368e-01 0.000000000000000000e+00 9.228920000000000456e-01 5.039793999999999663e-01
6.558870999999999452e-01 0.000000000000000000e+00 9.226050999999999558e-01 5.037937999999999583e-01
6.561367999999999645e-01 0.000000000000000000e+00 9.223179999999999712e-01 5.036078999999999972e-01
6.563864999999999839e-01 0.000000000000000000e+00 9.220306000000000335e-01 5.034218000000000304e-01
6.566362000000000032e-01 0.000000000000000000e+00 9.217427999999999733e-01 5.032354999999999468e-01
6.568859000000000226e-01 0.000000000000000000e+00 9.214548000000000183e-01 5.030489000000000210e-01
6.571356000000000419e-01 0.000000000000000000e+00 9.211664999999999992e-01 5.028620999999999786e-01
6.573854000000000086e-01 0.000000000000000000e+00 9.208777999999999686e-01 5.026749999999999829e-01
6.576351000000000280e-01 0.000000000000000000e+00 9.205888999999999323e-01 5.024876999999999816e-01
6.578848000000000473e-01 0.000000000000000000e+00 9.202996000000001064e-01 5.023001000000000271e-01
6.581344999999999557e-01 0.000000000000000000e+00 9.200100999999999418e-01 5.021122999999999559e-01
6.583841999999999750e-01 0.000000000000000000e+00 9.197201999999999877e-01 5.019242000000000425e-01
6.586338999999999944e-01 0.000000000000000000e+00 9.194299999999999695e-01 5.017357999999999540e-01
6.588836000000000137e-01 0.000000000000000000e+00 9.191395999999999455e-01 5.015471000000000235e-01
6.591333000000000331e-01 0.000000000000000000e+00 9.188488000000000211e-01 5.013581999999999761e-01
6.593830999999999998e-01 0.000000000000000000e+00 9.185576999999999215e-01 5.011691000000000340e-01
6.596328000000000191e-01 0.000000000000000000e+00 9.182663999999999271e-01 5.009795999999999694e-01
6.598825000000000385e-01 0.000000000000000000e+00 9.179747000000000323e-01 5.007899000000000100e-01
6.601321999999999468e-01 0.000000000000000000e+00 9.176826999999999623e-01 5.006000000000000449e-01
6.603818999999999662e-01 0.000000000000000000e+00 9.173904999999999976e-01 5.004098000000000157e-01
6.606315999999999855e-01 0.000000000000000000e+00 9.170979000000000214e-01 5.002193999999999807e-01
6.608813000000000049e-01 0.000000000000000000e+00 9.168051000000000395e-01 5.000286999999999926e-01
6.611310999999999716e-01 0.000000000000000000e+00 9.165119999999999933e-01 4.998377999999999988e-01
6.613807999999999909e-01 0.000000000000000000e+00 9.162184999999999357e-01 4.996466999999999992e-01
6.616305000000000103e-01 0.000000000000000000e+00 9.159247999999999834e-01 4.994552999999999909e-01
6.618802000000000296e-01 0.000000000000000000e+00 9.156307999999999669e-01 4.992637999999999798e-01
6.621299000000000490e-01 0.000000000000000000e+00 9.153364999999999974e-01 4.990720000000000156e-01
6.623795999999999573e-01 0.000000000000000000e+00 9.150419000000000747e-01 4.988799999999999901e-01
6.626292999999999767e-01 0.000000000000000000e+00 9.147469000000000294e-01 4.986878000000000144e-01
6.628789999999999960e-01 0.000000000000000000e+00 9.144516999999999785e-01 4.984953999999999774e-01
6.631287999999999627e-01 0.000000000000000000e+00 9.141561999999999744e-01 4.983027999999999902e-01
6.633784999999999821e-01 0.000000000000000000e+00 9.138604000000000172e-01 4.981098999999999943e-01
6.636282000000000014e-01 0.000000000000000000e+00 9.135642000000000484e-01 4.979168999999999956e-01
6.638779000000000208e-01 0.000000000000000000e+00 9.132677999999999630e-01 4.977234999999999854e-01
6.641276000000000401e-01 0.000000000000000000e+00 9.129709999999999770e-01 4.975299999999999723e-01
6.643772999999999485e-01 0.000000000000000000e+00 9.126739999999999853e-01 4.973362000000000060e-01
6.646269999999999678e-01 0.000000000000000000e+00 9.123766000000000931e-01 4.971421999999999786e-01
6.648768000000000455e-01 0.000000000000000000e+00 9.120789000000000257e-01 4.969480000000000008e-01
6.651264999999999539e-01 0.000000000000000000e+00 9.117809000000000053e-01 4.967534000000000116e-01
6.653761999999999732e-01 0.000000000000000000e+00 9.114826000000000317e-01 4.965587000000000195e-01
6.656258999999999926e-01 0.000000000000000000e+00 9.111839999999999939e-01 4.963636000000000159e-01
6.658756000000000119e-01 0.000000000000000000e+00 9.108849999999999447e-01 4.961683000000000066e-01
6.661253000000000313e-01 0.000000000000000000e+00 9.105858000000000008e-01 4.959727999999999914e-01
6.663750000000000506e-01 0.000000000000000000e+00 9.102862000000000453e-01 4.957770000000000232e-01
6.666248000000000173e-01 0.000000000000000000e+00 9.099863000000000257e-01 4.955808999999999909e-01
6.668745000000000367e-01 0.000000000000000000e+00 9.096861000000000530e-01 4.953846000000000083e-01
6.671241999999999450e-01 0.000000000000000000e+00 9.093855999999999051e-01 4.951879000000000142e-01
6.673738999999999644e-01 0.000000000000000000e+00 9.090848000000000262e-01 4.949911000000000172e-01
6.676235999999999837e-01 0.000000000000000000e+00 9.087836999999999721e-01 4.947940000000000116e-01
6.678733000000000031e-01 0.000000000000000000e+00 9.084822000000000175e-01 4.945965999999999974e-01
6.681230000000000224e-01 0.000000000000000000e+00 9.081805000000000572e-01 4.943990999999999802e-01
6.683727000000000418e-01 0.000000000000000000e+00 9.078784000000000853e-01 4.942012000000000072e-01
6.686225000000000085e-01 0.000000000000000000e+00 9.075760000000000494e-01 4.940031999999999757e-01
6.688722000000000278e-01 0.000000000000000000e+00 9.072732999999999493e-01 4.938048999999999911e-01
6.691219000000000472e-01 0.000000000000000000e+00 9.069703000000000070e-01 4.936064000000000007e-01
6.693715999999999555e-01 0.000000000000000000e+00 9.066670000000000007e-01 4.934076000000000017e-01
6.696212999999999749e-01 0.000000000000000000e+00 9.063632999999999829e-01 4.932085999999999970e-01
6.698709999999999942e-01 0.000000000000000000e+00 9.060593000000000119e-01 4.930093999999999865e-01
6.701207000000000136e-01 0.000000000000000000e+00 9.057550999999999242e-01 4.928100000000000258e-01
6.703704999999999803e-01 0.000000000000000000e+00 9.054503999999999886e-01 4.926104000000000038e-01
6.706201999999999996e-01 0.000000000000000000e+00 9.051454999999999362e-01 4.924104999999999732e-01
6.708699000000000190e-01 0.000000000000000000e+00 9.048402999999999308e-01 4.922102999999999895e-01
6.711196000000000383e-01 0.000000000000000000e+00 9.045347000000000248e-01 4.920100000000000029e-01
6.713692999999999467e-01 0.000000000000000000e+00 9.042287999999999437e-01 4.918093000000000048e-01
6.716189999999999660e-01 0.000000000000000000e+00 9.039226000000000205e-01 4.916085000000000038e-01
6.718686999999999854e-01 0.000000000000000000e+00 9.036160999999999222e-01 4.914073999999999942e-01
6.721184000000000047e-01 0.000000000000000000e+00 9.033092000000000343e-01 4.912059999999999760e-01
6.723681999999999714e-01 0.000000000000000000e+00 9.030021000000000297e-01 4.910043000000000046e-01
6.726178999999999908e-01 0.000000000000000000e+00 9.026946000000000137e-01 4.908024000000000275e-01
6.728676000000000101e-01 0.000000000000000000e+00 9.023868000000000444e-01 4.906002999999999892e-01
6.731173000000000295e-01 0.000000000000000000e+00 9.020786000000000637e-01 4.903978999999999977e-01
6.733670000000000488e-01 0.000000000000000000e+00 9.017700999999999079e-01 4.901951999999999976e-01
6.736166999999999572e-01 0.000000000000000000e+00 9.014613000000000209e-01 4.899922999999999917e-01
6.738663999999999765e-01 0.000000000000000000e+00 9.011521999999999588e-01 4.897891999999999801e-01
6.741162000000000543e-01 0.000000000000000000e+00 9.008428000000000546e-01 4.895857000000000125e-01
6.743658999999999626e-01 0.000000000000000000e+00 9.005330000000000279e-01 4.893820999999999866e-01
6.746155999999999819e-01 0.000000000000000000e+00 9.002228999999999370e-01 4.891781000000000046e-01
6.748653000000000013e-01 0.000000000000000000e+00 8.999125000000000041e-01 4.889740000000000197e-01
6.751150000000000206e-01 0.000000000000000000e+00 8.996018000000000070e-01 4.887696000000000263e-01
6.753647000000000400e-01 0.000000000000000000e+00 8.992906999999999984e-01 4.885649000000000242e-01
6.756143999999999483e-01 0.000000000000000000e+00 8.989792999999999257e-01 4.883600000000000163e-01
6.758640999999999677e-01 0.000000000000000000e+00 8.986676000000000109e-01 4.881549000000000027e-01
6.761139000000000454e-01 0.000000000000000000e+00 8.983556000000000319e-01 4.879494999999999805e-01
6.763635999999999537e-01 0.000000000000000000e+00 8.980433000000000998e-01 4.877439000000000080e-01
6.766132999999999731e-01 0.000000000000000000e+00 8.977306999999999926e-01 4.875380000000000269e-01
6.768629999999999924e-01 0.000000000000000000e+00 8.974176999999999849e-01 4.873317999999999817e-01
6.771127000000000118e-01 0.000000000000000000e+00 8.971044000000000240e-01 4.871254999999999891e-01
6.773624000000000311e-01 0.000000000000000000e+00 8.967907999999999991e-01 4.869187999999999850e-01
6.776121000000000505e-01 0.000000000000000000e+00 8.964769000000000210e-01 4.867119999999999780e-01
6.778619000000000172e-01 0.000000000000000000e+00 8.961626000000000314e-01 4.865048000000000150e-01
6.781116000000000366e-01 0.000000000000000000e+00 8.958479999999999777e-01 4.862974999999999937e-01
6.783612999999999449e-01 0.000000000000000000e+00 8.955330999999999708e-01 4.860898000000000163e-01
6.786109999999999642e-01 0.000000000000000000e+00 8.952179000000000109e-01 4.858819999999999806e-01
6.788606999999999836e-01 0.000000000000000000e+00 8.949022999999999284e-01 4.856738999999999917e-01
6.791104000000000029e-01 0.000000000000000000e+00 8.945864999999999512e-01 4.854655999999999971e-01
6.793601000000000223e-01 0.000000000000000000e+00 8.942703000000000735e-01 4.852569999999999939e-01
6.796098000000000416e-01 0.000000000000000000e+00 8.939537000000000733e-01 4.850481999999999849e-01
6.798596000000000084e-01 0.000000000000000000e+00 8.936368999999999563e-01 4.848392000000000257e-01
6.801093000000000277e-01 0.000000000000000000e+00 8.933197000000000498e-01 4.846299000000000023e-01
6.803590000000000471e-01 0.000000000000000000e+00 8.930021000000000209e-01 4.844203999999999732e-01
6.806086999999999554e-01 0.000000000000000000e+00 8.926842999999999861e-01 4.842104999999999881e-01
6.808583999999999747e-01 0.000000000000000000e+00 8.923661999999999983e-01 4.840003999999999973e-01
6.811080999999999941e-01 0.000000000000000000e+00 8.920476999999999990e-01 4.837901000000000007e-01
6.813578000000000134e-01 0.000000000000000000e+00 8.917288999999999355e-01 4.835793999999999926e-01
6.816075999999999802e-01 0.000000000000000000e+00 8.914098000000000299e-01 4.833684999999999787e-01
6.818572999999999995e-01 0.000000000000000000e+00 8.910903000000000018e-01 4.831573000000000118e-01
6.821070000000000189e-01 0.000000000000000000e+00 8.907705999999999680e-01 4.829457999999999807e-01
6.823567000000000382e-01 0.000000000000000000e+00 8.904505000000000337e-01 4.827340999999999993e-01
6.826063999999999465e-01 0.000000000000000000e+00 8.901300999999999242e-01 4.825222000000000122e-01
6.828560999999999659e-01 0.000000000000000000e+00 8.898093999999999726e-01 4.823100000000000165e-01
6.831057999999999852e-01 0.000000000000000000e+00 8.894883999999999569e-01 4.820975000000000121e-01
6.833555999999999520e-01 0.000000000000000000e+00 8.891670000000000407e-01 4.818849000000000049e-01
6.836052999999999713e-01 0.000000000000000000e+00 8.888452999999999493e-01 4.816719999999999891e-01
6.838549999999999907e-01 0.000000000000000000e+00 8.885232999999999048e-01 4.814588000000000201e-01
6.841047000000000100e-01 0.000000000000000000e+00 8.882010000000000183e-01 4.812453999999999898e-01
6.843544000000000294e-01 0.000000000000000000e+00 8.878783000000000092e-01 4.810318000000000094e-01
6.846041000000000487e-01 0.000000000000000000e+00 8.875552999999999360e-01 4.808179000000000203e-01
6.848537999999999570e-01 0.000000000000000000e+00 8.872320000000000206e-01 4.806038000000000254e-01
6.851034999999999764e-01 0.000000000000000000e+00 8.869083000000000938e-01 4.803894000000000220e-01
6.853533000000000541e-01 0.000000000000000000e+00 8.865842999999999918e-01 4.801748000000000127e-01
6.856029999999999625e-01 0.000000000000000000e+00 8.862599999999999367e-01 4.799597999999999920e-01
6.858526999999999818e-01 0.000000000000000000e+00 8.859352999999999811e-01 4.797446000000000210e-01
6.861024000000000012e-01 0.000000000000000000e+00 8.856103000000000725e-01 4.795290999999999859e-01
6.863521000000000205e-01 0.000000000000000000e+00 8.852849000000000412e-01 4.793132999999999977e-01
6.866018000000000399e-01 0.000000000000000000e+00 8.849592000000000569e-01 4.790972000000000008e-01
6.868514999999999482e-01 0.000000000000000000e+00 8.846332000000000084e-01 4.788807999999999954e-01
6.871013000000000259e-01 0.000000000000000000e+00 8.843067999999999484e-01 4.786640999999999813e-01
6.873510000000000453e-01 0.000000000000000000e+00 8.839801999999999937e-01 4.784471000000000140e-01
6.876006999999999536e-01 0.000000000000000000e+00 8.836530999999999691e-01 4.782296999999999798e-01
6.878503999999999730e-01 0.000000000000000000e+00 8.833257999999999388e-01 4.780120999999999953e-01
6.881000999999999923e-01 0.000000000000000000e+00 8.829981000000000080e-01 4.777942000000000022e-01
6.883498000000000117e-01 0.000000000000000000e+00 8.826701000000000130e-01 4.775760000000000005e-01
6.885995000000000310e-01 0.000000000000000000e+00 8.823418000000000649e-01 4.773574999999999902e-01
6.888492000000000504e-01 0.000000000000000000e+00 8.820130999999999943e-01 4.771387999999999741e-01
6.890990000000000171e-01 0.000000000000000000e+00 8.816840999999999706e-01 4.769198000000000048e-01
6.893487000000000364e-01 0.000000000000000000e+00 8.813547999999999938e-01 4.767005000000000270e-01
6.895983999999999448e-01 0.000000000000000000e+00 8.810252000000000638e-01 4.764810999999999908e-01
6.898480999999999641e-01 0.000000000000000000e+00 8.806952999999999587e-01 4.762614000000000014e-01
6.900977999999999835e-01 0.000000000000000000e+00 8.803650000000000642e-01 4.760416000000000092e-01
6.903475000000000028e-01 0.000000000000000000e+00 8.800343999999999944e-01 4.758215000000000083e-01
6.905972000000000222e-01 0.000000000000000000e+00 8.797034999999999716e-01 4.756013000000000046e-01
6.908469999999999889e-01 0.000000000000000000e+00 8.793722000000000483e-01 4.753807999999999923e-01
6.910967000000000082e-01 0.000000000000000000e+00 8.790406000000000608e-01 4.751600999999999742e-01
6.913464000000000276e-01 0.000000000000000000e+00 8.787087000000000092e-01 4.749391000000000029e-01
6.915961000000000469e-01 0.000000000000000000e+00 8.783765000000000045e-01 4.747177000000000202e-01
6.918457999999999553e-01 0.000000000000000000e+00 8.780439999999999356e-01 4.744959999999999734e-01
6.920954999999999746e-01 0.000000000000000000e+00 8.777110999999999663e-01 4.742739999999999734e-01
6.923451999999999940e-01 0.000000000000000000e+00 8.773778999999999328e-01 4.740516000000000174e-01
6.925949000000000133e-01 0.000000000000000000e+00 8.770443999999999463e-01 4.738287999999999944e-01
6.928446999999999800e-01 0.000000000000000000e+00 8.767105000000000592e-01 4.736057000000000183e-01
6.930943999999999994e-01 0.000000000000000000e+00 8.763762999999999970e-01 4.733822999999999781e-01
6.933441000000000187e-01 0.000000000000000000e+00 8.760417999999999816e-01 4.731585999999999848e-01
6.935938000000000381e-01 0.000000000000000000e+00 8.757069000000000658e-01 4.729345999999999828e-01
6.938434999999999464e-01 0.000000000000000000e+00 8.753717000000000859e-01 4.727103000000000277e-01
6.940931999999999658e-01 0.000000000000000000e+00 8.750360999999999834e-01 4.724858000000000113e-01
6.943428999999999851e-01 0.000000000000000000e+00 8.747002000000000388e-01 4.722610999999999892e-01
6.945926999999999518e-01 0.000000000000000000e+00 8.743640000000000301e-01 4.720361000000000140e-01
6.948423999999999712e-01 0.000000000000000000e+00 8.740273999999998988e-01 4.718107999999999747e-01
6.950920999999999905e-01 0.000000000000000000e+00 8.736905000000000365e-01 4.715852999999999851e-01
6.953418000000000099e-01 0.000000000000000000e+00 8.733532000000000517e-01 4.713594999999999868e-01
6.955915000000000292e-01 0.000000000000000000e+00 8.730157000000000611e-01 4.711334999999999829e-01
6.958412000000000486e-01 0.000000000000000000e+00 8.726777000000000006e-01 4.709072000000000258e-01
6.960908999999999569e-01 0.000000000000000000e+00 8.723395000000000454e-01 4.706807000000000074e-01
6.963405999999999763e-01 0.000000000000000000e+00 8.720008999999999677e-01 4.704538999999999804e-01
6.965904000000000540e-01 0.000000000000000000e+00 8.716620000000000479e-01 4.702268000000000003e-01
6.968400999999999623e-01 0.000000000000000000e+00 8.713228000000000639e-01 4.699994000000000116e-01
6.970897999999999817e-01 0.000000000000000000e+00 8.709831999999999574e-01 4.697717000000000143e-01
6.973395000000000010e-01 0.000000000000000000e+00 8.706433000000000089e-01 4.695437000000000083e-01
6.975892000000000204e-01 0.000000000000000000e+00 8.703030999999999962e-01 4.693153999999999937e-01
6.978389000000000397e-01 0.000000000000000000e+00 8.699625999999999193e-01 4.690868000000000260e-01
6.980885999999999481e-01 0.000000000000000000e+00 8.696217000000000530e-01 4.688577999999999912e-01
6.983384000000000258e-01 0.000000000000000000e+00 8.692805000000000115e-01 4.686286000000000063e-01
6.985881000000000451e-01 0.000000000000000000e+00 8.689388999999999585e-01 4.683990000000000098e-01
6.988377999999999535e-01 0.000000000000000000e+00 8.685969999999999525e-01 4.681691000000000047e-01
6.990874999999999728e-01 0.000000000000000000e+00 8.682547999999999933e-01 4.679389999999999938e-01
6.993371999999999922e-01 0.000000000000000000e+00 8.679122000000000225e-01 4.677085999999999744e-01
6.995869000000000115e-01 0.000000000000000000e+00 8.675692999999999877e-01 4.674779000000000018e-01
6.998366000000000309e-01 0.000000000000000000e+00 8.672260000000000524e-01 4.672469000000000205e-01
7.000863999999999976e-01 0.000000000000000000e+00 8.668823999999999419e-01 4.670155999999999752e-01
7.003361000000000169e-01 0.000000000000000000e+00 8.665384999999999893e-01 4.667839999999999767e-01
7.005858000000000363e-01 0.000000000000000000e+00 8.661942000000000252e-01 4.665521999999999725e-01
7.008354999999999446e-01 0.000000000000000000e+00 8.658495999999999970e-01 4.663200000000000123e-01
7.010851999999999640e-01 0.000000000000000000e+00 8.655046999999999047e-01 4.660874999999999879e-01
7.013348999999999833e-01 0.000000000000000000e+00 8.651594000000000229e-01 4.658548000000000133e-01
7.015846000000000027e-01 0.000000000000000000e+00 8.648137999999999659e-01 4.656217999999999746e-01
7.018343000000000220e-01 0.000000000000000000e+00 8.644678999999999558e-01 4.653883999999999799e-01
7.020840999999999887e-01 0.000000000000000000e+00 8.641216999999999926e-01 4.651547999999999794e-01
7.023338000000000081e-01 0.000000000000000000e+00 8.637752000000000763e-01 4.649209000000000258e-01
7.025835000000000274e-01 0.000000000000000000e+00 8.634283000000000374e-01 4.646867000000000081e-01
7.028332000000000468e-01 0.000000000000000000e+00 8.630811999999999928e-01 4.644521999999999817e-01
7.030828999999999551e-01 0.000000000000000000e+00 8.627337000000000478e-01 4.642175000000000051e-01
7.033325999999999745e-01 0.000000000000000000e+00 8.623859000000000385e-01 4.639824000000000170e-01
7.035822999999999938e-01 0.000000000000000000e+00 8.620377999999999652e-01 4.637471000000000232e-01
7.038320999999999605e-01 0.000000000000000000e+00 8.616892999999999914e-01 4.635115000000000207e-01
7.040817999999999799e-01 0.000000000000000000e+00 8.613405000000000644e-01 4.632756000000000096e-01
7.043314999999999992e-01 0.000000000000000000e+00 8.609913999999999623e-01 4.630393999999999899e-01
7.045812000000000186e-01 0.000000000000000000e+00 8.606420000000000181e-01 4.628029000000000170e-01
7.048309000000000379e-01 0.000000000000000000e+00 8.602921999999999514e-01 4.625660999999999801e-01
7.050805999999999463e-01 0.000000000000000000e+00 8.599419999999999842e-01 4.623289999999999900e-01
7.053302999999999656e-01 0.000000000000000000e+00 8.595914999999999528e-01 4.620914999999999884e-01
7.055799999999999850e-01 0.000000000000000000e+00 8.592406999999999684e-01 4.618537999999999810e-01
7.058297999999999517e-01 0.000000000000000000e+00 8.588894999999999724e-01 4.616157000000000177e-01
7.060794999999999710e-01 0.000000000000000000e+00 8.585380000000000233e-01 4.613773999999999931e-01
7.063291999999999904e-01 0.000000000000000000e+00 8.581861000000000628e-01 4.611387000000000125e-01
7.065789000000000097e-01 0.000000000000000000e+00 8.578338999999999270e-01 4.608997000000000233e-01
7.068286000000000291e-01 0.000000000000000000e+00 8.574813000000000018e-01 4.606604000000000254e-01
7.070783000000000484e-01 0.000000000000000000e+00 8.571284000000000125e-01 4.604208000000000189e-01
7.073279999999999568e-01 0.000000000000000000e+00 8.567752000000000701e-01 4.601810000000000067e-01
7.075778000000000345e-01 0.000000000000000000e+00 8.564216000000000051e-01 4.599407999999999830e-01
7.078275000000000539e-01 0.000000000000000000e+00 8.560676999999999870e-01 4.597004000000000090e-01
7.080771999999999622e-01 0.000000000000000000e+00 8.557134999999999048e-01 4.594597000000000264e-01
7.083268999999999815e-01 0.000000000000000000e+00 8.553588999999999221e-01 4.592186999999999797e-01
7.085766000000000009e-01 0.000000000000000000e+00 8.550041000000000446e-01 4.589773999999999798e-01
7.088263000000000202e-01 0.000000000000000000e+00 8.546489000000000447e-01 4.587358999999999742e-01
7.090760000000000396e-01 0.000000000000000000e+00 8.542933999999999806e-01 4.584941000000000155e-01
7.093256999999999479e-01 0.000000000000000000e+00 8.539375000000000160e-01 4.582519999999999927e-01
7.095755000000000257e-01 0.000000000000000000e+00 8.535814000000000457e-01 4.580096000000000167e-01
7.098252000000000450e-01 0.000000000000000000e+00 8.532249000000000638e-01 4.577669999999999795e-01
7.100748999999999533e-01 0.000000000000000000e+00 8.528681000000000179e-01 4.575240999999999891e-01
7.103245999999999727e-01 0.000000000000000000e+00 8.525108999999999604e-01 4.572808999999999902e-01
7.105742999999999920e-01 0.000000000000000000e+00 8.521534000000000608e-01 4.570374999999999854e-01
7.108240000000000114e-01 0.000000000000000000e+00 8.517955999999999861e-01 4.567938000000000276e-01
7.110737000000000307e-01 0.000000000000000000e+00 8.514374000000000109e-01 4.565497000000000027e-01
7.113234999999999975e-01 0.000000000000000000e+00 8.510789999999999189e-01 4.563054000000000276e-01
7.115732000000000168e-01 0.000000000000000000e+00 8.507200999999999791e-01 4.560606999999999855e-01
7.118229000000000362e-01 0.000000000000000000e+00 8.503610000000000335e-01 4.558156999999999903e-01
7.120726000000000555e-01 0.000000000000000000e+00 8.500014999999999654e-01 4.555703999999999865e-01
7.123222999999999638e-01 0.000000000000000000e+00 8.496417000000000552e-01 4.553247000000000266e-01
7.125719999999999832e-01 0.000000000000000000e+00 8.492815000000000225e-01 4.550787000000000027e-01
7.128217000000000025e-01 0.000000000000000000e+00 8.489210000000000367e-01 4.548324000000000256e-01
7.130714000000000219e-01 0.000000000000000000e+00 8.485601999999999867e-01 4.545856999999999815e-01
7.133211999999999886e-01 0.000000000000000000e+00 8.481991000000000946e-01 4.543387999999999871e-01
7.135709000000000080e-01 0.000000000000000000e+00 8.478375999999999690e-01 4.540914999999999813e-01
7.138206000000000273e-01 0.000000000000000000e+00 8.474759000000000597e-01 4.538439000000000223e-01
7.140703000000000467e-01 0.000000000000000000e+00 8.471137999999999169e-01 4.535958999999999963e-01
7.143199999999999550e-01 0.000000000000000000e+00 8.467514000000000429e-01 4.533477000000000201e-01
7.145696999999999743e-01 0.000000000000000000e+00 8.463886000000000465e-01 4.530991999999999797e-01
7.148193999999999937e-01 0.000000000000000000e+00 8.460256000000000443e-01 4.528503999999999863e-01
7.150691999999999604e-01 0.000000000000000000e+00 8.456622000000000305e-01 4.526012999999999842e-01
7.153188999999999798e-01 0.000000000000000000e+00 8.452984999999999527e-01 4.523518999999999735e-01
7.155685999999999991e-01 0.000000000000000000e+00 8.449343999999999744e-01 4.521023000000000125e-01
7.158183000000000185e-01 0.000000000000000000e+00 8.445700999999999903e-01 4.518524999999999903e-01
7.160680000000000378e-01 0.000000000000000000e+00 8.442052999999999363e-01 4.516023000000000120e-01
7.163176999999999461e-01 0.000000000000000000e+00 8.438402999999999876e-01 4.513519999999999754e-01
7.165673999999999655e-01 0.000000000000000000e+00 8.434749000000000274e-01 4.511013999999999857e-01
7.168172000000000432e-01 0.000000000000000000e+00 8.431092000000000031e-01 4.508503999999999845e-01
7.170668999999999516e-01 0.000000000000000000e+00 8.427431000000000783e-01 4.505992999999999804e-01
7.173165999999999709e-01 0.000000000000000000e+00 8.423766999999999783e-01 4.503478000000000203e-01
7.175662999999999903e-01 0.000000000000000000e+00 8.420100000000000362e-01 4.500959999999999961e-01
7.178160000000000096e-01 0.000000000000000000e+00 8.416429000000000826e-01 4.498439000000000187e-01
7.180657000000000290e-01 0.000000000000000000e+00 8.412754999999999539e-01 4.495914999999999773e-01
7.183154000000000483e-01 0.000000000000000000e+00 8.409076999999999247e-01 4.493386999999999798e-01
7.185650999999999566e-01 0.000000000000000000e+00 8.405395999999999423e-01 4.490855999999999737e-01
7.188149000000000344e-01 0.000000000000000000e+00 8.401712000000000069e-01 4.488322000000000145e-01
7.190646000000000537e-01 0.000000000000000000e+00 8.398024000000000600e-01 4.485784999999999911e-01
7.193142999999999621e-01 0.000000000000000000e+00 8.394333999999999962e-01 4.483244000000000118e-01
7.195639999999999814e-01 0.000000000000000000e+00 8.390639999999999210e-01 4.480699000000000209e-01
7.198137000000000008e-01 0.000000000000000000e+00 8.386943000000000037e-01 4.478151000000000215e-01
7.200634000000000201e-01 0.000000000000000000e+00 8.383243000000000222e-01 4.475600000000000134e-01
7.203131000000000395e-01 0.000000000000000000e+00 8.379539999999999766e-01 4.473044999999999938e-01
7.205629000000000062e-01 0.000000000000000000e+00 8.375833000000000306e-01 4.470488000000000239e-01
7.208126000000000255e-01 0.000000000000000000e+00 8.372123999999999677e-01 4.467926999999999871e-01
7.210623000000000449e-01 0.000000000000000000e+00 8.368411000000000044e-01 4.465364000000000000e-01
7.213119999999999532e-01 0.000000000000000000e+00 8.364695000000000880e-01 4.462798000000000043e-01
7.215616999999999726e-01 0.000000000000000000e+00 8.360976000000001074e-01 4.460228999999999999e-01
7.218113999999999919e-01 0.000000000000000000e+00 8.357252999999998933e-01 4.457657999999999898e-01
7.220611000000000113e-01 0.000000000000000000e+00 8.353527000000000591e-01 4.455084999999999740e-01
7.223108000000000306e-01 0.000000000000000000e+00 8.349797999999999387e-01 4.452508000000000021e-01
7.225605999999999973e-01 0.000000000000000000e+00 8.346065000000000289e-01 4.449929000000000245e-01
7.228103000000000167e-01 0.000000000000000000e+00 8.342328999999999439e-01 4.447346999999999828e-01
7.230600000000000360e-01 0.000000000000000000e+00 8.338590000000000169e-01 4.444762999999999908e-01
7.233097000000000554e-01 0.000000000000000000e+00 8.334846999999999673e-01 4.442174999999999874e-01
7.235593999999999637e-01 0.000000000000000000e+00 8.331100999999999646e-01 4.439584999999999781e-01
7.238090999999999831e-01 0.000000000000000000e+00 8.327350999999999503e-01 4.436991000000000129e-01
7.240588000000000024e-01 0.000000000000000000e+00 8.323597999999999830e-01 4.434394999999999865e-01
7.243085999999999691e-01 0.000000000000000000e+00 8.319841999999999516e-01 4.431795000000000040e-01
7.245582999999999885e-01 0.000000000000000000e+00 8.316082000000000196e-01 4.429192000000000129e-01
7.248080000000000078e-01 0.000000000000000000e+00 8.312319000000000235e-01 4.426586000000000132e-01
7.250577000000000272e-01 0.000000000000000000e+00 8.308552000000000159e-01 4.423977000000000048e-01
7.253074000000000465e-01 0.000000000000000000e+00 8.304783000000000026e-01 4.421363999999999850e-01
7.255570999999999549e-01 0.000000000000000000e+00 8.301009999999999778e-01 4.418748000000000120e-01
7.258067999999999742e-01 0.000000000000000000e+00 8.297232999999999414e-01 4.416128999999999749e-01
7.260564999999999936e-01 0.000000000000000000e+00 8.293454000000000104e-01 4.413507999999999876e-01
7.263062999999999603e-01 0.000000000000000000e+00 8.289672000000000152e-01 4.410882999999999887e-01
7.265559999999999796e-01 0.000000000000000000e+00 8.285886000000000084e-01 4.408255999999999841e-01
7.268056999999999990e-01 0.000000000000000000e+00 8.282097999999999960e-01 4.405626000000000264e-01
7.270554000000000183e-01 0.000000000000000000e+00 8.278307000000000304e-01 4.402994000000000074e-01
7.273051000000000377e-01 0.000000000000000000e+00 8.274511999999999423e-01 4.400359999999999827e-01
7.275547999999999460e-01 0.000000000000000000e+00 8.270714999999999595e-01 4.397723000000000049e-01
7.278044999999999654e-01 0.000000000000000000e+00 8.266914000000000762e-01 4.395083000000000184e-01
7.280543000000000431e-01 0.000000000000000000e+00 8.263110000000000177e-01 4.392440000000000233e-01
7.283039999999999514e-01 0.000000000000000000e+00 8.259302000000000588e-01 4.389794000000000196e-01
7.285536999999999708e-01 0.000000000000000000e+00 8.255490999999999246e-01 4.387144000000000044e-01
7.288033999999999901e-01 0.000000000000000000e+00 8.251676999999999484e-01 4.384491999999999834e-01
7.290531000000000095e-01 0.000000000000000000e+00 8.247858999999999607e-01 4.381836000000000064e-01
7.293028000000000288e-01 0.000000000000000000e+00 8.244038000000000199e-01 4.379177000000000208e-01
7.295525000000000482e-01 0.000000000000000000e+00 8.240212999999999566e-01 4.376514000000000237e-01
7.298021999999999565e-01 0.000000000000000000e+00 8.236385000000000511e-01 4.373848000000000180e-01
7.300520000000000342e-01 0.000000000000000000e+00 8.232553999999999705e-01 4.371179000000000037e-01
7.303017000000000536e-01 0.000000000000000000e+00 8.228718999999999895e-01 4.368505999999999778e-01
7.305513999999999619e-01 0.000000000000000000e+00 8.224882000000000026e-01 4.365831000000000017e-01
7.308010999999999813e-01 0.000000000000000000e+00 8.221041000000000043e-01 4.363152000000000141e-01
7.310508000000000006e-01 0.000000000000000000e+00 8.217196999999999418e-01 4.360470000000000179e-01
7.313005000000000200e-01 0.000000000000000000e+00 8.213350999999999846e-01 4.357785000000000131e-01
7.315502000000000393e-01 0.000000000000000000e+00 8.209500000000000686e-01 4.355096999999999996e-01
7.318000000000000060e-01 0.000000000000000000e+00 8.205647000000000357e-01 4.352406999999999804e-01
7.320497000000000254e-01 0.000000000000000000e+00 8.201790999999999388e-01 4.349714000000000080e-01
7.322994000000000447e-01 0.000000000000000000e+00 8.197930999999999413e-01 4.347018000000000271e-01
7.325490999999999531e-01 0.000000000000000000e+00 8.194067999999999907e-01 4.344320999999999877e-01
7.327987999999999724e-01 0.000000000000000000e+00 8.190200999999999176e-01 4.341620999999999952e-01
7.330484999999999918e-01 0.000000000000000000e+00 8.186331000000000024e-01 4.338917999999999942e-01
7.332982000000000111e-01 0.000000000000000000e+00 8.182458000000000231e-01 4.336212999999999873e-01
7.335479999999999778e-01 0.000000000000000000e+00 8.178581000000000323e-01 4.333505000000000273e-01
7.337976999999999972e-01 0.000000000000000000e+00 8.174700999999999773e-01 4.330795000000000061e-01
7.340474000000000165e-01 0.000000000000000000e+00 8.170818000000000803e-01 4.328080999999999734e-01
7.342971000000000359e-01 0.000000000000000000e+00 8.166930999999999496e-01 4.325364999999999904e-01
7.345468000000000552e-01 0.000000000000000000e+00 8.163040999999999769e-01 4.322644999999999960e-01
7.347964999999999636e-01 0.000000000000000000e+00 8.159146999999999927e-01 4.319922999999999957e-01
7.350461999999999829e-01 0.000000000000000000e+00 8.155249999999999444e-01 4.317196999999999840e-01
7.352959000000000023e-01 0.000000000000000000e+00 8.151349999999999429e-01 4.314469000000000221e-01
7.355456999999999690e-01 0.000000000000000000e+00 8.147446999999999884e-01 4.311736999999999931e-01
7.357953999999999883e-01 0.000000000000000000e+00 8.143540999999999697e-01 4.309002000000000110e-01
7.360451000000000077e-01 0.000000000000000000e+00 8.139631999999999978e-01 4.306263000000000174e-01
7.362948000000000270e-01 0.000000000000000000e+00 8.135719999999999619e-01 4.303522000000000181e-01
7.365445000000000464e-01 0.000000000000000000e+00 8.131806000000000312e-01 4.300777000000000072e-01
7.367941999999999547e-01 0.000000000000000000e+00 8.127888000000000890e-01 4.298029999999999906e-01
7.370438999999999741e-01 0.000000000000000000e+00 8.123966999999999716e-01 4.295279000000000180e-01
7.372937000000000518e-01 0.000000000000000000e+00 8.120042999999999012e-01 4.292524999999999813e-01
7.375433999999999601e-01 0.000000000000000000e+00 8.116114999999999302e-01 4.289768999999999943e-01
7.377930999999999795e-01 0.000000000000000000e+00 8.112184000000000061e-01 4.287009999999999987e-01
7.380427999999999988e-01 0.000000000000000000e+00 8.108250000000000179e-01 4.284247999999999945e-01
7.382925000000000182e-01 0.000000000000000000e+00 8.104312999999999656e-01 4.281482999999999817e-01
7.385422000000000375e-01 0.000000000000000000e+00 8.100372000000000128e-01 4.278716000000000186e-01
7.387918999999999459e-01 0.000000000000000000e+00 8.096426999999999374e-01 4.275944999999999885e-01
7.390415999999999652e-01 0.000000000000000000e+00 8.092480000000000784e-01 4.273173000000000110e-01
7.392914000000000430e-01 0.000000000000000000e+00 8.088528999999999858e-01 4.270397000000000221e-01
7.395410999999999513e-01 0.000000000000000000e+00 8.084573999999999927e-01 4.267619000000000273e-01
7.397907999999999706e-01 0.000000000000000000e+00 8.080616999999999939e-01 4.264839000000000269e-01
7.400404999999999900e-01 0.000000000000000000e+00 8.076656000000000946e-01 4.262056000000000178e-01
7.402902000000000093e-01 0.000000000000000000e+00 8.072691999999999091e-01 4.259270000000000000e-01
7.405399000000000287e-01 0.000000000000000000e+00 8.068723999999999341e-01 4.256480999999999737e-01
7.407896000000000480e-01 0.000000000000000000e+00 8.064754000000000644e-01 4.253688999999999942e-01
7.410394000000000148e-01 0.000000000000000000e+00 8.060779999999999612e-01 4.250895000000000090e-01
7.412891000000000341e-01 0.000000000000000000e+00 8.056803000000000159e-01 4.248098000000000152e-01
7.415388000000000535e-01 0.000000000000000000e+00 8.052823000000000064e-01 4.245297000000000098e-01
7.417884999999999618e-01 0.000000000000000000e+00 8.048840000000000439e-01 4.242492999999999959e-01
7.420381999999999811e-01 0.000000000000000000e+00 8.044854000000000172e-01 4.239686999999999761e-01
7.422879000000000005e-01 0.000000000000000000e+00 8.040865000000000373e-01 4.236877000000000004e-01
7.425376000000000198e-01 0.000000000000000000e+00 8.036871999999999350e-01 4.234064000000000161e-01
7.427873000000000392e-01 0.000000000000000000e+00 8.032875999999999905e-01 4.231248000000000231e-01
7.430371000000000059e-01 0.000000000000000000e+00 8.028876999999999819e-01 4.228429000000000215e-01
7.432868000000000253e-01 0.000000000000000000e+00 8.024874999999999092e-01 4.225608000000000142e-01
7.435365000000000446e-01 0.000000000000000000e+00 8.020869000000000471e-01 4.222782999999999953e-01
7.437861999999999529e-01 0.000000000000000000e+00 8.016860000000000097e-01 4.219956000000000262e-01
7.440358999999999723e-01 0.000000000000000000e+00 8.012848000000000193e-01 4.217125999999999930e-01
7.442855999999999916e-01 0.000000000000000000e+00 8.008832999999999647e-01 4.214293000000000067e-01
7.445353000000000110e-01 0.000000000000000000e+00 8.004814000000000096e-01 4.211458000000000146e-01
7.447850999999999777e-01 0.000000000000000000e+00 8.000791999999999904e-01 4.208620000000000139e-01
7.450347999999999971e-01 0.000000000000000000e+00 7.996765999999999597e-01 4.205779000000000045e-01
7.452845000000000164e-01 0.000000000000000000e+00 7.992738000000000342e-01 4.202934999999999865e-01
7.455342000000000358e-01 0.000000000000000000e+00 7.988705999999999863e-01 4.200089000000000183e-01
7.457839000000000551e-01 0.000000000000000000e+00 7.984670999999999852e-01 4.197239999999999860e-01
7.460335999999999634e-01 0.000000000000000000e+00 7.980633000000000310e-01 4.194389000000000034e-01
7.462832999999999828e-01 0.000000000000000000e+00 7.976592000000000127e-01 4.191534000000000093e-01
7.465330000000000021e-01 0.000000000000000000e+00 7.972546999999999828e-01 4.188677000000000095e-01
7.467827999999999689e-01 0.000000000000000000e+00 7.968500000000000583e-01 4.185817000000000010e-01
7.470324999999999882e-01 0.000000000000000000e+00 7.964449000000000112e-01 4.182953999999999839e-01
7.472822000000000076e-01 0.000000000000000000e+00 7.960395999999999583e-01 4.180088000000000137e-01
7.475319000000000269e-01 0.000000000000000000e+00 7.956339000000000050e-01 4.177218999999999793e-01
7.477816000000000463e-01 0.000000000000000000e+00 7.952279999999999349e-01 4.174346999999999919e-01
7.480312999999999546e-01 0.000000000000000000e+00 7.948216999999999643e-01 4.171472999999999987e-01
7.482809999999999739e-01 0.000000000000000000e+00 7.944151000000000407e-01 4.168595999999999968e-01
7.485308000000000517e-01 0.000000000000000000e+00 7.940081999999999418e-01 4.165716999999999892e-01
7.487804999999999600e-01 0.000000000000000000e+00 7.936009000000000535e-01 4.162834999999999730e-01
7.490301999999999794e-01 0.000000000000000000e+00 7.931934000000000484e-01 4.159951000000000065e-01
7.492798999999999987e-01 0.000000000000000000e+00 7.927853999999999735e-01 4.157063999999999759e-01
7.495296000000000181e-01 0.000000000000000000e+00 7.923772000000000038e-01 4.154175999999999980e-01
7.497793000000000374e-01 0.000000000000000000e+00 7.919686000000000226e-01 4.151284000000000085e-01
7.500289999999999457e-01 0.000000000000000000e+00 7.915596000000000299e-01 4.148390000000000133e-01
7.502788000000000235e-01 0.000000000000000000e+00 7.911504000000000314e-01 4.145493000000000094e-01
7.505285000000000428e-01 0.000000000000000000e+00 7.907408000000000214e-01 4.142592999999999970e-01
7.507781999999999512e-01 0.000000000000000000e+00 7.903309000000000584e-01 4.139689999999999759e-01
7.510278999999999705e-01 0.000000000000000000e+00 7.899207000000000312e-01 4.136782999999999988e-01
7.512775999999999899e-01 0.000000000000000000e+00 7.895102000000000508e-01 4.133873000000000131e-01
7.515273000000000092e-01 0.000000000000000000e+00 7.890992999999999480e-01 4.130959000000000159e-01
7.517770000000000286e-01 0.000000000000000000e+00 7.886882000000000614e-01 4.128042000000000100e-01
7.520267000000000479e-01 0.000000000000000000e+00 7.882767000000000523e-01 4.125121999999999955e-01
7.522765000000000146e-01 0.000000000000000000e+00 7.878650000000000375e-01 4.122199999999999753e-01
7.525262000000000340e-01 0.000000000000000000e+00 7.874529000000000112e-01 4.119275000000000020e-01
7.527759000000000533e-01 0.000000000000000000e+00 7.870406000000000901e-01 4.116349000000000258e-01
7.530255999999999617e-01 0.000000000000000000e+00 7.866278999999999355e-01 4.113420999999999883e-01
7.532752999999999810e-01 0.000000000000000000e+00 7.862149999999999972e-01 4.110492000000000035e-01
7.535250000000000004e-01 0.000000000000000000e+00 7.858016999999999364e-01 4.107560000000000100e-01
7.537747000000000197e-01 0.000000000000000000e+00 7.853881000000000334e-01 4.104627000000000137e-01
7.540244999999999864e-01 0.000000000000000000e+00 7.849741999999999553e-01 4.101691000000000087e-01
7.542742000000000058e-01 0.000000000000000000e+00 7.845599999999999241e-01 4.098752999999999980e-01
7.545239000000000251e-01 0.000000000000000000e+00 7.841454999999999398e-01 4.095811999999999786e-01
7.547736000000000445e-01 0.000000000000000000e+00 7.837307000000000023e-01 4.092867000000000033e-01
7.550232999999999528e-01 0.000000000000000000e+00 7.833156000000000008e-01 4.089920000000000222e-01
7.552729999999999722e-01 0.000000000000000000e+00 7.829000999999999877e-01 4.086968999999999741e-01
7.555226999999999915e-01 0.000000000000000000e+00 7.824844000000000799e-01 4.084014999999999729e-01
7.557724000000000109e-01 0.000000000000000000e+00 7.820683000000000495e-01 4.081058000000000185e-01
7.560221999999999776e-01 0.000000000000000000e+00 7.816520000000000135e-01 4.078096999999999972e-01
7.562718999999999969e-01 0.000000000000000000e+00 7.812353000000000769e-01 4.075134000000000256e-01
7.565216000000000163e-01 0.000000000000000000e+00 7.808183000000000762e-01 4.072168999999999928e-01
7.567713000000000356e-01 0.000000000000000000e+00 7.804009999999999003e-01 4.069200000000000039e-01
7.570210000000000550e-01 0.000000000000000000e+00 7.799832999999999350e-01 4.066229000000000093e-01
7.572706999999999633e-01 0.000000000000000000e+00 7.795653000000000166e-01 4.063256000000000090e-01
7.575203999999999827e-01 0.000000000000000000e+00 7.791470000000000340e-01 4.060280000000000000e-01
7.577701999999999494e-01 0.000000000000000000e+00 7.787283999999999873e-01 4.057301999999999853e-01
7.580198999999999687e-01 0.000000000000000000e+00 7.783094999999999875e-01 4.054321000000000175e-01
7.582695999999999881e-01 0.000000000000000000e+00 7.778902000000000871e-01 4.051337999999999884e-01
7.585193000000000074e-01 0.000000000000000000e+00 7.774706000000000117e-01 4.048353000000000090e-01
7.587690000000000268e-01 0.000000000000000000e+00 7.770506999999999831e-01 4.045366000000000239e-01
7.590187000000000461e-01 0.000000000000000000e+00 7.766305000000000014e-01 4.042376999999999776e-01
7.592683999999999545e-01 0.000000000000000000e+00 7.762098999999998972e-01 4.039385999999999810e-01
7.595180999999999738e-01 0.000000000000000000e+00 7.757891000000000092e-01 4.036391999999999758e-01
7.597679000000000515e-01 0.000000000000000000e+00 7.753678999999999988e-01 4.033396000000000203e-01
7.600175999999999599e-01 0.000000000000000000e+00 7.749464000000000352e-01 4.030397000000000007e-01
7.602672999999999792e-01 0.000000000000000000e+00 7.745246000000000075e-01 4.027395999999999754e-01
7.605169999999999986e-01 0.000000000000000000e+00 7.741024999999999157e-01 4.024390999999999941e-01
7.607667000000000179e-01 0.000000000000000000e+00 7.736799999999999233e-01 4.021384000000000070e-01
7.610164000000000373e-01 0.000000000000000000e+00 7.732573000000000363e-01 4.018373000000000084e-01
7.612660999999999456e-01 0.000000000000000000e+00 7.728342999999999741e-01 4.015360000000000040e-01
7.615159000000000233e-01 0.000000000000000000e+00 7.724109999999999587e-01 4.012342999999999882e-01
7.617656000000000427e-01 0.000000000000000000e+00 7.719873999999999903e-01 4.009324000000000221e-01
7.620152999999999510e-01 0.000000000000000000e+00 7.715634999999999577e-01 4.006302999999999948e-01
7.622649999999999704e-01 0.000000000000000000e+00 7.711393000000000830e-01 4.003278000000000114e-01
7.625146999999999897e-01 0.000000000000000000e+00 7.707147999999999222e-01 4.000251000000000223e-01
7.627644000000000091e-01 0.000000000000000000e+00 7.702901000000000886e-01 3.997222000000000275e-01
7.630141000000000284e-01 0.000000000000000000e+00 7.698650000000000215e-01 3.994190000000000240e-01
7.632638999999999951e-01 0.000000000000000000e+00 7.694396000000000013e-01 3.991156000000000148e-01
7.635136000000000145e-01 0.000000000000000000e+00 7.690139999999999754e-01 3.988118999999999970e-01
7.637633000000000338e-01 0.000000000000000000e+00 7.685879999999999379e-01 3.985079999999999734e-01
7.640130000000000532e-01 0.000000000000000000e+00 7.681616999999999473e-01 3.982037999999999967e-01
7.642626999999999615e-01 0.000000000000000000e+00 7.677350000000000563e-01 3.978995000000000171e-01
7.645123999999999809e-01 0.000000000000000000e+00 7.673079999999999901e-01 3.975948000000000260e-01
7.647621000000000002e-01 0.000000000000000000e+00 7.668807000000000818e-01 3.972899999999999765e-01
7.650118000000000196e-01 0.000000000000000000e+00 7.664530999999999983e-01 3.969848999999999739e-01
7.652615999999999863e-01 0.000000000000000000e+00 7.660252000000000727e-01 3.966796000000000211e-01
7.655113000000000056e-01 0.000000000000000000e+00 7.655969000000000246e-01 3.963741000000000070e-01
7.657610000000000250e-01 0.000000000000000000e+00 7.651683000000000234e-01 3.960683999999999871e-01
7.660107000000000443e-01 0.000000000000000000e+00 7.647394000000000691e-01 3.957625000000000171e-01
7.662603999999999527e-01 0.000000000000000000e+00 7.643102000000000507e-01 3.954562999999999828e-01
7.665100999999999720e-01 0.000000000000000000e+00 7.638807000000000791e-01 3.951500000000000012e-01
7.667597999999999914e-01 0.000000000000000000e+00 7.634509000000000434e-01 3.948434000000000110e-01
7.670095999999999581e-01 0.000000000000000000e+00 7.630209000000000019e-01 3.945366000000000151e-01
7.672592999999999774e-01 0.000000000000000000e+00 7.625905000000000600e-01 3.942296000000000133e-01
7.675089999999999968e-01 0.000000000000000000e+00 7.621598000000000539e-01 3.939223000000000030e-01
7.677587000000000161e-01 0.000000000000000000e+00 7.617288999999999310e-01 3.936147999999999869e-01
7.680084000000000355e-01 0.000000000000000000e+00 7.612976000000000187e-01 3.933071000000000206e-01
7.682581000000000548e-01 0.000000000000000000e+00 7.608660999999999897e-01 3.929990999999999901e-01
7.685077999999999632e-01 0.000000000000000000e+00 7.604343000000000075e-01 3.926908000000000065e-01
7.687574999999999825e-01 0.000000000000000000e+00 7.600021999999999611e-01 3.923824000000000201e-01
7.690072999999999492e-01 0.000000000000000000e+00 7.595697999999999617e-01 3.920736000000000221e-01
7.692569999999999686e-01 0.000000000000000000e+00 7.591371000000000091e-01 3.917646000000000184e-01
7.695066999999999879e-01 0.000000000000000000e+00 7.587039999999999340e-01 3.914554000000000089e-01
7.697564000000000073e-01 0.000000000000000000e+00 7.582707000000000752e-01 3.911459999999999937e-01
7.700061000000000266e-01 0.000000000000000000e+00 7.578369999999999829e-01 3.908363000000000254e-01
7.702558000000000460e-01 0.000000000000000000e+00 7.574030999999999958e-01 3.905263999999999958e-01
7.705054999999999543e-01 0.000000000000000000e+00 7.569687999999999972e-01 3.902163000000000159e-01
7.707553000000000321e-01 0.000000000000000000e+00 7.565342000000000455e-01 3.899059000000000275e-01
7.710050000000000514e-01 0.000000000000000000e+00 7.560991999999999713e-01 3.895952999999999777e-01
7.712546999999999597e-01 0.000000000000000000e+00 7.556640000000000024e-01 3.892844999999999778e-01
7.715043999999999791e-01 0.000000000000000000e+00 7.552283999999999109e-01 3.889734000000000247e-01
7.717540999999999984e-01 0.000000000000000000e+00 7.547924999999999773e-01 3.886620000000000075e-01
7.720038000000000178e-01 0.000000000000000000e+00 7.543564000000000380e-01 3.883503999999999845e-01
7.722535000000000371e-01 0.000000000000000000e+00 7.539198999999999762e-01 3.880386000000000113e-01
7.725031999999999455e-01 0.000000000000000000e+00 7.534831000000000722e-01 3.877264999999999739e-01
7.727530000000000232e-01 0.000000000000000000e+00 7.530460000000001042e-01 3.874141999999999864e-01
7.730027000000000426e-01 0.000000000000000000e+00 7.526087000000000193e-01 3.871016999999999930e-01
7.732523999999999509e-01 0.000000000000000000e+00 7.521710000000000340e-01 3.867889999999999939e-01
7.735020999999999702e-01 0.000000000000000000e+00 7.517329999999999846e-01 3.864760999999999891e-01
7.737517999999999896e-01 0.000000000000000000e+00 7.512948000000000404e-01 3.861629999999999785e-01
7.740015000000000089e-01 0.000000000000000000e+00 7.508563000000000320e-01 3.858498000000000205e-01
7.742512000000000283e-01 0.000000000000000000e+00 7.504174000000000122e-01 3.855364000000000013e-01
7.745009999999999950e-01 0.000000000000000000e+00 7.499782999999999866e-01 3.852227999999999764e-01
7.747507000000000144e-01 0.000000000000000000e+00 7.495389999999999553e-01 3.849090000000000011e-01
7.750004000000000337e-01 0.000000000000000000e+00 7.490993000000000235e-01 3.845950000000000202e-01
7.752501000000000531e-01 0.000000000000000000e+00 7.486593000000000275e-01 3.842806999999999751e-01
7.754997999999999614e-01 0.000000000000000000e+00 7.482191000000000258e-01 3.839660999999999769e-01
7.757494999999999807e-01 0.000000000000000000e+00 7.477785000000000126e-01 3.836511000000000227e-01
7.759992000000000001e-01 0.000000000000000000e+00 7.473376999999999937e-01 3.833359000000000072e-01
7.762489000000000194e-01 0.000000000000000000e+00 7.468964999999999632e-01 3.830202999999999802e-01
7.764986999999999862e-01 0.000000000000000000e+00 7.464551000000000380e-01 3.827045000000000030e-01
7.767484000000000055e-01 0.000000000000000000e+00 7.460134000000000487e-01 3.823884000000000172e-01
7.769981000000000249e-01 0.000000000000000000e+00 7.455712999999999369e-01 3.820721999999999730e-01
7.772478000000000442e-01 0.000000000000000000e+00 7.451290000000000413e-01 3.817557999999999785e-01
7.774974999999999525e-01 0.000000000000000000e+00 7.446864000000000816e-01 3.814391999999999783e-01
7.777471999999999719e-01 0.000000000000000000e+00 7.442433999999999994e-01 3.811226999999999809e-01
7.779968999999999912e-01 0.000000000000000000e+00 7.438002000000000224e-01 3.808059999999999778e-01
7.782466999999999580e-01 0.000000000000000000e+00 7.433567000000000924e-01 3.804892999999999748e-01
7.784963999999999773e-01 0.000000000000000000e+00 7.429128999999999872e-01 3.801725000000000243e-01
7.787460999999999967e-01 0.000000000000000000e+00 7.424688000000000399e-01 3.798555000000000126e-01
7.789958000000000160e-01 0.000000000000000000e+00 7.420244000000000284e-01 3.795382999999999951e-01
7.792455000000000354e-01 0.000000000000000000e+00 7.415796999999999528e-01 3.792209000000000274e-01
7.794952000000000547e-01 0.000000000000000000e+00 7.411346999999999241e-01 3.789031999999999956e-01
7.797448999999999630e-01 0.000000000000000000e+00 7.406895000000000007e-01 3.785852000000000106e-01
7.799947000000000408e-01 0.000000000000000000e+00 7.402439000000000657e-01 3.782669000000000170e-01
7.802443999999999491e-01 0.000000000000000000e+00 7.397981000000000140e-01 3.779484000000000177e-01
7.804940999999999685e-01 0.000000000000000000e+00 7.393520000000000092e-01 3.776296000000000097e-01
7.807437999999999878e-01 0.000000000000000000e+00 7.389056000000000513e-01 3.773104999999999931e-01
7.809935000000000072e-01 0.000000000000000000e+00 7.384588999999999182e-01 3.769912000000000263e-01
7.812432000000000265e-01 0.000000000000000000e+00 7.380119999999998903e-01 3.766715999999999953e-01
7.814929000000000459e-01 0.000000000000000000e+00 7.375646999999999620e-01 3.763519000000000170e-01
7.817425999999999542e-01 0.000000000000000000e+00 7.371172000000000279e-01 3.760319999999999774e-01
7.819924000000000319e-01 0.000000000000000000e+00 7.366694000000000297e-01 3.757118999999999875e-01
7.822421000000000513e-01 0.000000000000000000e+00 7.362211999999999090e-01 3.753915999999999920e-01
7.824917999999999596e-01 0.000000000000000000e+00 7.357728000000000046e-01 3.750710999999999906e-01
7.827414999999999790e-01 0.000000000000000000e+00 7.353241999999999834e-01 3.747504999999999864e-01
7.829911999999999983e-01 0.000000000000000000e+00 7.348751999999999507e-01 3.744295999999999736e-01
7.832409000000000177e-01 0.000000000000000000e+00 7.344258999999999649e-01 3.741085000000000105e-01
7.834906000000000370e-01 0.000000000000000000e+00 7.339763000000000259e-01 3.737871999999999861e-01
7.837404000000000037e-01 0.000000000000000000e+00 7.335263999999999118e-01 3.734658000000000144e-01
7.839901000000000231e-01 0.000000000000000000e+00 7.330761999999999556e-01 3.731440999999999786e-01
7.842398000000000424e-01 0.000000000000000000e+00 7.326257999999999937e-01 3.728221999999999925e-01
7.844894999999999508e-01 0.000000000000000000e+00 7.321749999999999092e-01 3.725001000000000007e-01
7.847391999999999701e-01 0.000000000000000000e+00 7.317240000000000411e-01 3.721778000000000031e-01
7.849888999999999895e-01 0.000000000000000000e+00 7.312726000000000504e-01 3.718552999999999997e-01
7.852386000000000088e-01 0.000000000000000000e+00 7.308210000000000539e-01 3.715326999999999935e-01
7.854883000000000282e-01 0.000000000000000000e+00 7.303690999999999933e-01 3.712098999999999815e-01
7.857380999999999949e-01 0.000000000000000000e+00 7.299170000000000380e-01 3.708869000000000193e-01
7.859878000000000142e-01 0.000000000000000000e+00 7.294645000000000712e-01 3.705637999999999987e-01
7.862375000000000336e-01 0.000000000000000000e+00 7.290117999999999876e-01 3.702404999999999724e-01
7.864872000000000529e-01 0.000000000000000000e+00 7.285589000000000093e-01 3.699169999999999958e-01
7.867368999999999613e-01 0.000000000000000000e+00 7.281056000000000195e-01 3.695934000000000164e-01
7.869865999999999806e-01 0.000000000000000000e+00 7.276521000000000239e-01 3.692694999999999728e-01
7.872363000000000000e-01 0.000000000000000000e+00 7.271982999999999642e-01 3.689454999999999818e-01
7.874860999999999667e-01 0.000000000000000000e+00 7.267441999999999513e-01 3.686212999999999851e-01
7.877357999999999860e-01 0.000000000000000000e+00 7.262899000000000438e-01 3.682967999999999797e-01
7.879855000000000054e-01 0.000000000000000000e+00 7.258352999999999611e-01 3.679722000000000270e-01
7.882352000000000247e-01 0.000000000000000000e+00 7.253804000000000363e-01 3.676474000000000131e-01
7.884849000000000441e-01 0.000000000000000000e+00 7.249252000000000473e-01 3.673223999999999934e-01
7.887345999999999524e-01 0.000000000000000000e+00 7.244696999999999942e-01 3.669973000000000263e-01
7.889842999999999718e-01 0.000000000000000000e+00 7.240140000000000464e-01 3.666719999999999979e-01
7.892339999999999911e-01 0.000000000000000000e+00 7.235580999999999818e-01 3.663466000000000222e-01
7.894837999999999578e-01 0.000000000000000000e+00 7.231018000000000168e-01 3.660210999999999881e-01
7.897334999999999772e-01 0.000000000000000000e+00 7.226453000000000459e-01 3.656955000000000067e-01
7.899831999999999965e-01 0.000000000000000000e+00 7.221885999999999584e-01 3.653697000000000195e-01
7.902329000000000159e-01 0.000000000000000000e+00 7.217315999999999176e-01 3.650437999999999739e-01
7.904826000000000352e-01 0.000000000000000000e+00 7.212743000000000348e-01 3.647175999999999751e-01
7.907323000000000546e-01 0.000000000000000000e+00 7.208167999999999243e-01 3.643912999999999736e-01
7.909819999999999629e-01 0.000000000000000000e+00 7.203591000000000300e-01 3.640648000000000217e-01
7.912318000000000406e-01 0.000000000000000000e+00 7.199009999999999021e-01 3.637380000000000058e-01
7.914814999999999490e-01 0.000000000000000000e+00 7.194428000000000489e-01 3.634108999999999812e-01
7.917311999999999683e-01 0.000000000000000000e+00 7.189841999999999622e-01 3.630836000000000063e-01
7.919808999999999877e-01 0.000000000000000000e+00 7.185253999999999808e-01 3.627561000000000258e-01
7.922306000000000070e-01 0.000000000000000000e+00 7.180663999999999936e-01 3.624282999999999810e-01
7.924803000000000264e-01 0.000000000000000000e+00 7.176070999999999422e-01 3.621002999999999861e-01
7.927300000000000457e-01 0.000000000000000000e+00 7.171475999999999962e-01 3.617720999999999854e-01
7.929796999999999541e-01 0.000000000000000000e+00 7.166877999999999860e-01 3.614437999999999818e-01
7.932295000000000318e-01 0.000000000000000000e+00 7.162277000000000227e-01 3.611152999999999724e-01
7.934792000000000511e-01 0.000000000000000000e+00 7.157673999999999426e-01 3.607867000000000157e-01
7.937288999999999595e-01 0.000000000000000000e+00 7.153069000000000788e-01 3.604580000000000006e-01
7.939785999999999788e-01 0.000000000000000000e+00 7.148460999999999288e-01 3.601290999999999798e-01
7.942282999999999982e-01 0.000000000000000000e+00 7.143850999999999951e-01 3.598000000000000087e-01
7.944780000000000175e-01 0.000000000000000000e+00 7.139237999999999973e-01 3.594707999999999792e-01
7.947277000000000369e-01 0.000000000000000000e+00 7.134622999999999937e-01 3.591415000000000024e-01
7.949775000000000036e-01 0.000000000000000000e+00 7.130005999999999844e-01 3.588119000000000169e-01
7.952272000000000229e-01 0.000000000000000000e+00 7.125386999999999693e-01 3.584821999999999731e-01
7.954769000000000423e-01 0.000000000000000000e+00 7.120765000000000011e-01 3.581521999999999761e-01
7.957265999999999506e-01 0.000000000000000000e+00 7.116141999999999745e-01 3.578220999999999763e-01
7.959762999999999700e-01 0.000000000000000000e+00 7.111515999999999948e-01 3.574918000000000262e-01
7.962259999999999893e-01 0.000000000000000000e+00 7.106888000000000094e-01 3.571613000000000149e-01
7.964757000000000087e-01 0.000000000000000000e+00 7.102258000000000182e-01 3.568307000000000007e-01
7.967254999999999754e-01 0.000000000000000000e+00 7.097626000000000213e-01 3.564998999999999807e-01
7.969751999999999947e-01 0.000000000000000000e+00 7.092990999999999602e-01 3.561691000000000162e-01
7.972249000000000141e-01 0.000000000000000000e+00 7.088355000000000627e-01 3.558380999999999905e-01
7.974746000000000334e-01 0.000000000000000000e+00 7.083715999999999902e-01 3.555070000000000174e-01
7.977243000000000528e-01 0.000000000000000000e+00 7.079074000000000755e-01 3.551758999999999888e-01
7.979739999999999611e-01 0.000000000000000000e+00 7.074430999999999914e-01 3.548445000000000071e-01
7.982236999999999805e-01 0.000000000000000000e+00 7.069785000000000652e-01 3.545131000000000254e-01
7.984733999999999998e-01 0.000000000000000000e+00 7.065137000000000222e-01 3.541813999999999796e-01
7.987231999999999665e-01 0.000000000000000000e+00 7.060488000000000319e-01 3.538493999999999806e-01
7.989728999999999859e-01 0.000000000000000000e+00 7.055836000000000885e-01 3.535171999999999759e-01
7.992226000000000052e-01 0.000000000000000000e+00 7.051182000000000283e-01 3.531848000000000209e-01
7.994723000000000246e-01 0.000000000000000000e+00 7.046525999999999623e-01 3.528519999999999990e-01
7.997220000000000439e-01 0.000000000000000000e+00 7.041868000000000016e-01 3.525189000000000239e-01
7.999716999999999523e-01 0.000000000000000000e+00 7.037208000000000352e-01 3.521854999999999847e-01
8.002213999999999716e-01 0.000000000000000000e+00 7.032547000000000104e-01 3.518518999999999952e-01
8.004712000000000494e-01 0.000000000000000000e+00 7.027883000000000324e-01 3.515181000000000000e-01
8.007208999999999577e-01 0.000000000000000000e+00 7.023216999999999377e-01 3.511842000000000019e-01
8.009705999999999770e-01 0.000000000000000000e+00 7.018549000000000593e-01 3.508500999999999981e-01
8.012202999999999964e-01 0.000000000000000000e+00 7.013878000000000057e-01 3.505159999999999942e-01
8.014700000000000157e-01 0.000000000000000000e+00 7.009206000000000047e-01 3.501816999999999847e-01
8.017197000000000351e-01 0.000000000000000000e+00 7.004531999999999980e-01 3.498473999999999751e-01
8.019694000000000544e-01 0.000000000000000000e+00 6.999855000000000382e-01 3.495130000000000181e-01
8.022190999999999628e-01 0.000000000000000000e+00 6.995177000000000200e-01 3.491785000000000028e-01
8.024689000000000405e-01 0.000000000000000000e+00 6.990496000000000487e-01 3.488436999999999788e-01
8.027185999999999488e-01 0.000000000000000000e+00 6.985814000000000190e-01 3.485088000000000075e-01
8.029682999999999682e-01 0.000000000000000000e+00 6.981128999999999252e-01 3.481736999999999749e-01
8.032179999999999875e-01 0.000000000000000000e+00 6.976442999999999950e-01 3.478382999999999892e-01
8.034677000000000069e-01 0.000000000000000000e+00 6.971756000000000064e-01 3.475026999999999977e-01
8.037174000000000262e-01 0.000000000000000000e+00 6.967065999999999537e-01 3.471667999999999976e-01
8.039671000000000456e-01 0.000000000000000000e+00 6.962374999999999536e-01 3.468306999999999918e-01
8.042169000000000123e-01 0.000000000000000000e+00 6.957681999999999478e-01 3.464943999999999802e-01
8.044666000000000317e-01 0.000000000000000000e+00 6.952987999999999946e-01 3.461579000000000184e-01
8.047163000000000510e-01 0.000000000000000000e+00 6.948292000000000357e-01 3.458212999999999981e-01
8.049659999999999593e-01 0.000000000000000000e+00 6.943595000000000184e-01 3.454845000000000277e-01
8.052156999999999787e-01 0.000000000000000000e+00 6.938895999999999953e-01 3.451477000000000017e-01
8.054653999999999980e-01 0.000000000000000000e+00 6.934195999999999138e-01 3.448107000000000255e-01
8.057151000000000174e-01 0.000000000000000000e+00 6.929493999999999376e-01 3.444736999999999938e-01
8.059648000000000367e-01 0.000000000000000000e+00 6.924791000000000141e-01 3.441366000000000147e-01
8.062146000000000035e-01 0.000000000000000000e+00 6.920086999999999211e-01 3.437992999999999744e-01
8.064643000000000228e-01 0.000000000000000000e+00 6.915380999999999334e-01 3.434618999999999867e-01
8.067140000000000422e-01 0.000000000000000000e+00 6.910673999999999984e-01 3.431242999999999932e-01
8.069636999999999505e-01 0.000000000000000000e+00 6.905966000000000049e-01 3.427864999999999940e-01
8.072133999999999698e-01 0.000000000000000000e+00 6.901256000000000057e-01 3.424483999999999861e-01
8.074630999999999892e-01 0.000000000000000000e+00 6.896544999999999481e-01 3.421100999999999726e-01
8.077128000000000085e-01 0.000000000000000000e+00 6.891833000000000542e-01 3.417715000000000058e-01
8.079625999999999753e-01 0.000000000000000000e+00 6.887119999999999909e-01 3.414327999999999808e-01
8.082122999999999946e-01 0.000000000000000000e+00 6.882405000000000328e-01 3.410938000000000025e-01
8.084620000000000140e-01 0.000000000000000000e+00 6.877689000000000163e-01 3.407547000000000215e-01
8.087117000000000333e-01 0.000000000000000000e+00 6.872971999999999415e-01 3.404153999999999791e-01
8.089614000000000527e-01 0.000000000000000000e+00 6.868252999999999719e-01 3.400758999999999865e-01
8.092110999999999610e-01 0.000000000000000000e+00 6.863531999999999966e-01 3.397362999999999911e-01
8.094607999999999803e-01 0.000000000000000000e+00 6.858809999999999629e-01 3.393966999999999956e-01
8.097104999999999997e-01 0.000000000000000000e+00 6.854086999999999819e-01 3.390568999999999944e-01
8.099602999999999664e-01 0.000000000000000000e+00 6.849361999999999950e-01 3.387169999999999903e-01
8.102099999999999858e-01 0.000000000000000000e+00 6.844636000000000609e-01 3.383768999999999805e-01
8.104597000000000051e-01 0.000000000000000000e+00 6.839910000000000156e-01 3.380367000000000233e-01
8.107094000000000245e-01 0.000000000000000000e+00 6.835181999999999647e-01 3.376964000000000077e-01
8.109591000000000438e-01 0.000000000000000000e+00 6.830452999999999664e-01 3.373558999999999863e-01
8.112087999999999521e-01 0.000000000000000000e+00 6.825723000000000207e-01 3.370152000000000148e-01
8.114584999999999715e-01 0.000000000000000000e+00 6.820992999999999640e-01 3.366743999999999848e-01
8.117083000000000492e-01 0.000000000000000000e+00 6.816262000000000709e-01 3.363333000000000017e-01
8.119579999999999576e-01 0.000000000000000000e+00 6.811530000000000085e-01 3.359921000000000157e-01
8.122076999999999769e-01 0.000000000000000000e+00 6.806797999999999460e-01 3.356507000000000240e-01
8.124573999999999963e-01 0.000000000000000000e+00 6.802065000000000472e-01 3.353091000000000266e-01
8.127071000000000156e-01 0.000000000000000000e+00 6.797329999999999206e-01 3.349674000000000262e-01
8.129568000000000350e-01 0.000000000000000000e+00 6.792595999999999634e-01 3.346255000000000202e-01
8.132065000000000543e-01 0.000000000000000000e+00 6.787859999999998895e-01 3.342835000000000112e-01
8.134563000000000210e-01 0.000000000000000000e+00 6.783123000000000902e-01 3.339412999999999965e-01
8.137060000000000404e-01 0.000000000000000000e+00 6.778384999999998994e-01 3.335989999999999789e-01
8.139556999999999487e-01 0.000000000000000000e+00 6.773646999999999307e-01 3.332565000000000111e-01
8.142053999999999681e-01 0.000000000000000000e+00 6.768907000000000673e-01 3.329138999999999848e-01
8.144550999999999874e-01 0.000000000000000000e+00 6.764166999999999819e-01 3.325712000000000113e-01
8.147048000000000068e-01 0.000000000000000000e+00 6.759425999999999490e-01 3.322283999999999793e-01
8.149545000000000261e-01 0.000000000000000000e+00 6.754683999999999688e-01 3.318853999999999971e-01
8.152042000000000455e-01 0.000000000000000000e+00 6.749941999999999886e-01 3.315423000000000120e-01
8.154540000000000122e-01 0.000000000000000000e+00 6.745198000000000027e-01 3.311991000000000240e-01
8.157037000000000315e-01 0.000000000000000000e+00 6.740454000000000168e-01 3.308557999999999777e-01
8.159534000000000509e-01 0.000000000000000000e+00 6.735709000000000835e-01 3.305123999999999840e-01
8.162030999999999592e-01 0.000000000000000000e+00 6.730964000000000391e-01 3.301687999999999845e-01
8.164527999999999786e-01 0.000000000000000000e+00 6.726218000000000474e-01 3.298250999999999822e-01
8.167024999999999979e-01 0.000000000000000000e+00 6.721471999999999447e-01 3.294811999999999741e-01
8.169522000000000173e-01 0.000000000000000000e+00 6.716725000000000056e-01 3.291372000000000186e-01
8.172019999999999840e-01 0.000000000000000000e+00 6.711979000000000140e-01 3.287930000000000019e-01
8.174517000000000033e-01 0.000000000000000000e+00 6.707231000000000165e-01 3.284486999999999823e-01
8.177014000000000227e-01 0.000000000000000000e+00 6.702483999999999664e-01 3.281042000000000125e-01
8.179511000000000420e-01 0.000000000000000000e+00 6.697736999999999163e-01 3.277594999999999814e-01
8.182007999999999504e-01 0.000000000000000000e+00 6.692989000000000299e-01 3.274147000000000030e-01
8.184504999999999697e-01 0.000000000000000000e+00 6.688239999999999741e-01 3.270697000000000187e-01
8.187001999999999891e-01 0.000000000000000000e+00 6.683491999999999766e-01 3.267245999999999762e-01
8.189499000000000084e-01 0.000000000000000000e+00 6.678741999999999734e-01 3.263793999999999862e-01
8.191996999999999751e-01 0.000000000000000000e+00 6.673993000000000286e-01 3.260340999999999934e-01
8.194493999999999945e-01 0.000000000000000000e+00 6.669242000000000781e-01 3.256886999999999976e-01
8.196991000000000138e-01 0.000000000000000000e+00 6.664491000000000165e-01 3.253431999999999991e-01
8.199488000000000332e-01 0.000000000000000000e+00 6.659739000000000075e-01 3.249975999999999976e-01
8.201985000000000525e-01 0.000000000000000000e+00 6.654986999999999986e-01 3.246518999999999933e-01
8.204481999999999609e-01 0.000000000000000000e+00 6.650234999999999896e-01 3.243060999999999860e-01
8.206978999999999802e-01 0.000000000000000000e+00 6.645481999999999223e-01 3.239601999999999760e-01
8.209476999999999469e-01 0.000000000000000000e+00 6.640728999999999660e-01 3.236142000000000185e-01
8.211973999999999663e-01 0.000000000000000000e+00 6.635976000000000097e-01 3.232679999999999998e-01
8.214470999999999856e-01 0.000000000000000000e+00 6.631222999999999423e-01 3.229216999999999782e-01
8.216968000000000050e-01 0.000000000000000000e+00 6.626471000000000444e-01 3.225753000000000092e-01
8.219465000000000243e-01 0.000000000000000000e+00 6.621717999999999771e-01 3.222287999999999819e-01
8.221962000000000437e-01 0.000000000000000000e+00 6.616965999999999681e-01 3.218821000000000043e-01
8.224458999999999520e-01 0.000000000000000000e+00 6.612214000000000702e-01 3.215353000000000239e-01
8.226955999999999714e-01 0.000000000000000000e+00 6.607462000000000613e-01 3.211882999999999821e-01
8.229454000000000491e-01 0.000000000000000000e+00 6.602708999999999939e-01 3.208412999999999959e-01
8.231950999999999574e-01 0.000000000000000000e+00 6.597956999999999850e-01 3.204941000000000040e-01
8.234447999999999768e-01 0.000000000000000000e+00 6.593205000000000870e-01 3.201469000000000120e-01
8.236944999999999961e-01 0.000000000000000000e+00 6.588452000000000197e-01 3.197996000000000172e-01
8.239442000000000155e-01 0.000000000000000000e+00 6.583700000000000108e-01 3.194521000000000166e-01
8.241939000000000348e-01 0.000000000000000000e+00 6.578946999999999434e-01 3.191046000000000160e-01
8.244436000000000542e-01 0.000000000000000000e+00 6.574194999999999345e-01 3.187570000000000126e-01
8.246934000000000209e-01 0.000000000000000000e+00 6.569441999999999782e-01 3.184093000000000062e-01
8.249431000000000402e-01 0.000000000000000000e+00 6.564690000000000802e-01 3.180614999999999970e-01
8.251927999999999486e-01 0.000000000000000000e+00 6.559937999999999603e-01 3.177135999999999849e-01
8.254424999999999679e-01 0.000000000000000000e+00 6.555185999999999513e-01 3.173656000000000255e-01
8.256921999999999873e-01 0.000000000000000000e+00 6.550435000000000008e-01 3.170175000000000076e-01
8.259419000000000066e-01 0.000000000000000000e+00 6.545684000000000502e-01 3.166692999999999869e-01
8.261916000000000260e-01 0.000000000000000000e+00 6.540933999999999360e-01 3.163211000000000217e-01
8.264413000000000453e-01 0.000000000000000000e+00 6.536183999999999328e-01 3.159726999999999952e-01
8.266911000000000120e-01 0.000000000000000000e+00 6.531434000000000406e-01 3.156242000000000214e-01
8.269408000000000314e-01 0.000000000000000000e+00 6.526684999999999848e-01 3.152755999999999892e-01
8.271905000000000507e-01 0.000000000000000000e+00 6.521935999999999289e-01 3.149270000000000125e-01
8.274401999999999591e-01 0.000000000000000000e+00 6.517186999999999841e-01 3.145781999999999745e-01
8.276898999999999784e-01 0.000000000000000000e+00 6.512437999999999283e-01 3.142292999999999892e-01
8.279395999999999978e-01 0.000000000000000000e+00 6.507688999999999835e-01 3.138804000000000038e-01
8.281893000000000171e-01 0.000000000000000000e+00 6.502939999999999277e-01 3.135314000000000156e-01
8.284390999999999838e-01 0.000000000000000000e+00 6.498192000000000412e-01 3.131822000000000217e-01
8.286888000000000032e-01 0.000000000000000000e+00 6.493443999999999328e-01 3.128330000000000277e-01
8.289385000000000225e-01 0.000000000000000000e+00 6.488696000000000463e-01 3.124837999999999782e-01
8.291882000000000419e-01 0.000000000000000000e+00 6.483948999999999963e-01 3.121343999999999785e-01
8.294378999999999502e-01 0.000000000000000000e+00 6.479200999999999988e-01 3.117849999999999788e-01
8.296875999999999696e-01 0.000000000000000000e+00 6.474453999999999487e-01 3.114354999999999762e-01
8.299372999999999889e-01 0.000000000000000000e+00 6.469708000000000681e-01 3.110859999999999737e-01
8.301870999999999556e-01 0.000000000000000000e+00 6.464962000000000764e-01 3.107364000000000237e-01
8.304367999999999750e-01 0.000000000000000000e+00 6.460217000000000320e-01 3.103867000000000154e-01
8.306864999999999943e-01 0.000000000000000000e+00 6.455471999999999877e-01 3.100370000000000070e-01
8.309362000000000137e-01 0.000000000000000000e+00 6.450728000000000018e-01 3.096871999999999958e-01
8.311859000000000330e-01 0.000000000000000000e+00 6.445984000000000158e-01 3.093371999999999788e-01
8.314356000000000524e-01 0.000000000000000000e+00 6.441240999999999772e-01 3.089872000000000174e-01
8.316852999999999607e-01 0.000000000000000000e+00 6.436498999999999970e-01 3.086369999999999947e-01
8.319349999999999801e-01 0.000000000000000000e+00 6.431757999999999642e-01 3.082867000000000246e-01
8.321847999999999468e-01 0.000000000000000000e+00 6.427018000000001008e-01 3.079362999999999961e-01
8.324344999999999661e-01 0.000000000000000000e+00 6.422278000000000153e-01 3.075858000000000203e-01
8.326841999999999855e-01 0.000000000000000000e+00 6.417540000000000466e-01 3.072351999999999861e-01
8.329339000000000048e-01 0.000000000000000000e+00 6.412802000000000779e-01 3.068845000000000045e-01
8.331836000000000242e-01 0.000000000000000000e+00 6.408065000000000566e-01 3.065338000000000229e-01
8.334333000000000435e-01 0.000000000000000000e+00 6.403328000000000353e-01 3.061830999999999858e-01
8.336829999999999519e-01 0.000000000000000000e+00 6.398592999999999087e-01 3.058324000000000042e-01
8.339328000000000296e-01 0.000000000000000000e+00 6.393858000000000041e-01 3.054817000000000227e-01
8.341825000000000490e-01 0.000000000000000000e+00 6.389122999999999886e-01 3.051309999999999856e-01
8.344321999999999573e-01 0.000000000000000000e+00 6.384389000000000314e-01 3.047804000000000069e-01
8.346818999999999766e-01 0.000000000000000000e+00 6.379656000000000216e-01 3.044297999999999726e-01
8.349315999999999960e-01 0.000000000000000000e+00 6.374923000000000117e-01 3.040791999999999939e-01
8.351813000000000153e-01 0.000000000000000000e+00 6.370190999999999493e-01 3.037285000000000124e-01
8.354310000000000347e-01 0.000000000000000000e+00 6.365461000000000036e-01 3.033777999999999753e-01
8.356807000000000540e-01 0.000000000000000000e+00 6.360730999999999469e-01 3.030269999999999908e-01
8.359305000000000208e-01 0.000000000000000000e+00 6.356001999999999486e-01 3.026761000000000035e-01
8.361802000000000401e-01 0.000000000000000000e+00 6.351274000000000086e-01 3.023251000000000133e-01
8.364298999999999484e-01 0.000000000000000000e+00 6.346548000000000744e-01 3.019739000000000173e-01
8.366795999999999678e-01 0.000000000000000000e+00 6.341821999999999182e-01 3.016226000000000185e-01
8.369292999999999871e-01 0.000000000000000000e+00 6.337097999999999898e-01 3.012712000000000168e-01
8.371790000000000065e-01 0.000000000000000000e+00 6.332375000000000087e-01 3.009197000000000122e-01
8.374287000000000258e-01 0.000000000000000000e+00 6.327652000000000276e-01 3.005681000000000047e-01
8.376784999999999926e-01 0.000000000000000000e+00 6.322930999999999413e-01 3.002163999999999944e-01
8.379282000000000119e-01 0.000000000000000000e+00 6.318210000000000770e-01 2.998646999999999840e-01
8.381779000000000313e-01 0.000000000000000000e+00 6.313490000000000490e-01 2.995129999999999737e-01
8.384276000000000506e-01 0.000000000000000000e+00 6.308771000000000795e-01 2.991613000000000189e-01
8.386772999999999589e-01 0.000000000000000000e+00 6.304053000000000573e-01 2.988096000000000085e-01
8.389269999999999783e-01 0.000000000000000000e+00 6.299335000000000351e-01 2.984578999999999982e-01
8.391766999999999976e-01 0.000000000000000000e+00 6.294618000000000713e-01 2.981061999999999879e-01
8.394264000000000170e-01 0.000000000000000000e+00 6.289903000000000022e-01 2.977543999999999746e-01
8.396761999999999837e-01 0.000000000000000000e+00 6.285188000000000441e-01 2.974027000000000198e-01
8.399259000000000031e-01 0.000000000000000000e+00 6.280474999999999808e-01 2.970509000000000066e-01
8.401756000000000224e-01 0.000000000000000000e+00 6.275762999999999758e-01 2.966991999999999963e-01
8.404253000000000418e-01 0.000000000000000000e+00 6.271051999999999182e-01 2.963473999999999831e-01
8.406749999999999501e-01 0.000000000000000000e+00 6.266343000000000885e-01 2.959956000000000254e-01
8.409246999999999694e-01 0.000000000000000000e+00 6.261634999999999840e-01 2.956437000000000093e-01
8.411743999999999888e-01 0.000000000000000000e+00 6.256928000000000489e-01 2.952917999999999932e-01
8.414241999999999555e-01 0.000000000000000000e+00 6.252223000000000086e-01 2.949399999999999800e-01
8.416738999999999749e-01 0.000000000000000000e+00 6.247519000000000267e-01 2.945880000000000165e-01
8.419235999999999942e-01 0.000000000000000000e+00 6.242817000000000505e-01 2.942361000000000004e-01
8.421733000000000136e-01 0.000000000000000000e+00 6.238115000000000743e-01 2.938840999999999815e-01
8.424230000000000329e-01 0.000000000000000000e+00 6.233414000000000454e-01 2.935321000000000180e-01
8.426727000000000523e-01 0.000000000000000000e+00 6.228715000000000224e-01 2.931800999999999990e-01
8.429223999999999606e-01 0.000000000000000000e+00 6.224015999999999993e-01 2.928279999999999772e-01
8.431720999999999799e-01 0.000000000000000000e+00 6.219317999999999236e-01 2.924760000000000137e-01
8.434218999999999467e-01 0.000000000000000000e+00 6.214622000000000757e-01 2.921237999999999890e-01
8.436715999999999660e-01 0.000000000000000000e+00 6.209926000000000057e-01 2.917717000000000227e-01
8.439212999999999854e-01 0.000000000000000000e+00 6.205231999999999415e-01 2.914196000000000009e-01
8.441710000000000047e-01 0.000000000000000000e+00 6.200539999999999941e-01 2.910673999999999761e-01
8.444207000000000241e-01 0.000000000000000000e+00 6.195847999999999356e-01 2.907152000000000069e-01
8.446704000000000434e-01 0.000000000000000000e+00 6.191157999999999939e-01 2.903629999999999822e-01
8.449200999999999517e-01 0.000000000000000000e+00 6.186470000000000580e-01 2.900108000000000130e-01
8.451699000000000295e-01 0.000000000000000000e+00 6.181783000000000694e-01 2.896585999999999883e-01
8.454196000000000488e-01 0.000000000000000000e+00 6.177097000000000282e-01 2.893063000000000162e-01
8.456692999999999572e-01 0.000000000000000000e+00 6.172412999999999927e-01 2.889540999999999915e-01
8.459189999999999765e-01 0.000000000000000000e+00 6.167730999999999630e-01 2.886018000000000194e-01
8.461686999999999959e-01 0.000000000000000000e+00 6.163049999999999917e-01 2.882495999999999947e-01
8.464184000000000152e-01 0.000000000000000000e+00 6.158369999999999678e-01 2.878973000000000226e-01
8.466681000000000346e-01 0.000000000000000000e+00 6.153691000000000022e-01 2.875450999999999979e-01
8.469179000000000013e-01 0.000000000000000000e+00 6.149013999999999314e-01 2.871928000000000258e-01
8.471676000000000206e-01 0.000000000000000000e+00 6.144338000000000299e-01 2.868404999999999982e-01
8.474173000000000400e-01 0.000000000000000000e+00 6.139663000000000759e-01 2.864882000000000262e-01
8.476669999999999483e-01 0.000000000000000000e+00 6.134989000000000692e-01 2.861360000000000015e-01
8.479166999999999677e-01 0.000000000000000000e+00 6.130316999999999572e-01 2.857836999999999739e-01
8.481663999999999870e-01 0.000000000000000000e+00 6.125646999999999620e-01 2.854314000000000018e-01
8.484161000000000064e-01 0.000000000000000000e+00 6.120978000000000252e-01 2.850791999999999771e-01
8.486658000000000257e-01 0.000000000000000000e+00 6.116309999999999247e-01 2.847269000000000050e-01
8.489155999999999924e-01 0.000000000000000000e+00 6.111644000000000521e-01 2.843746999999999803e-01
8.491653000000000118e-01 0.000000000000000000e+00 6.106979999999999631e-01 2.840225000000000111e-01
8.494150000000000311e-01 0.000000000000000000e+00 6.102317999999999909e-01 2.836702999999999864e-01
8.496647000000000505e-01 0.000000000000000000e+00 6.097658000000000245e-01 2.833181000000000171e-01
8.499143999999999588e-01 0.000000000000000000e+00 6.092999000000000054e-01 2.829659999999999953e-01
8.501640999999999782e-01 0.000000000000000000e+00 6.088341999999999921e-01 2.826138000000000261e-01
8.504137999999999975e-01 0.000000000000000000e+00 6.083686000000000371e-01 2.822617000000000043e-01
8.506635999999999642e-01 0.000000000000000000e+00 6.079031999999999769e-01 2.819095999999999824e-01
8.509132999999999836e-01 0.000000000000000000e+00 6.074380000000000335e-01 2.815575000000000161e-01
8.511630000000000029e-01 0.000000000000000000e+00 6.069727999999999790e-01 2.812053999999999943e-01
8.514127000000000223e-01 0.000000000000000000e+00 6.065077999999999303e-01 2.808532999999999724e-01
8.516624000000000416e-01 0.000000000000000000e+00 6.060429999999999984e-01 2.805012000000000061e-01
8.519120999999999500e-01 0.000000000000000000e+00 6.055782000000000664e-01 2.801490999999999842e-01
8.521617999999999693e-01 0.000000000000000000e+00 6.051136000000000292e-01 2.797970000000000179e-01
8.524114999999999887e-01 0.000000000000000000e+00 6.046491999999999978e-01 2.794448999999999961e-01
8.526612999999999554e-01 0.000000000000000000e+00 6.041849000000000247e-01 2.790928999999999771e-01
8.529109999999999747e-01 0.000000000000000000e+00 6.037208000000000574e-01 2.787408000000000108e-01
8.531606999999999941e-01 0.000000000000000000e+00 6.032568999999999848e-01 2.783887999999999918e-01
8.534104000000000134e-01 0.000000000000000000e+00 6.027930999999999706e-01 2.780367999999999729e-01
8.536601000000000328e-01 0.000000000000000000e+00 6.023295000000000732e-01 2.776848000000000094e-01
8.539098000000000521e-01 0.000000000000000000e+00 6.018662000000000178e-01 2.773327999999999904e-01
8.541594999999999605e-01 0.000000000000000000e+00 6.014030000000000209e-01 2.769808000000000270e-01
8.544093000000000382e-01 0.000000000000000000e+00 6.009400999999999771e-01 2.766289000000000109e-01
8.546589999999999465e-01 0.000000000000000000e+00 6.004772999999999916e-01 2.762769999999999948e-01
8.549086999999999659e-01 0.000000000000000000e+00 6.000148000000000703e-01 2.759250999999999787e-01
8.551583999999999852e-01 0.000000000000000000e+00 5.995523999999999853e-01 2.755732000000000181e-01
8.554081000000000046e-01 0.000000000000000000e+00 5.990902000000000172e-01 2.752214000000000049e-01
8.556578000000000239e-01 0.000000000000000000e+00 5.986281999999999437e-01 2.748695999999999917e-01
8.559075000000000433e-01 0.000000000000000000e+00 5.981662999999999286e-01 2.745178999999999814e-01
8.561571999999999516e-01 0.000000000000000000e+00 5.977046999999999777e-01 2.741662000000000265e-01
8.564070000000000293e-01 0.000000000000000000e+00 5.972431999999999741e-01 2.738146000000000191e-01
8.566567000000000487e-01 0.000000000000000000e+00 5.967818999999999763e-01 2.734630000000000116e-01
8.569063999999999570e-01 0.000000000000000000e+00 5.963207000000000368e-01 2.731114000000000042e-01
8.571560999999999764e-01 0.000000000000000000e+00 5.958597999999999395e-01 2.727598999999999996e-01
8.574057999999999957e-01 0.000000000000000000e+00 5.953990999999999589e-01 2.724084999999999979e-01
8.576555000000000151e-01 0.000000000000000000e+00 5.949384999999999257e-01 2.720571999999999990e-01
8.579052000000000344e-01 0.000000000000000000e+00 5.944782000000000677e-01 2.717059000000000002e-01
8.581550000000000011e-01 0.000000000000000000e+00 5.940180000000000460e-01 2.713547000000000042e-01
8.584047000000000205e-01 0.000000000000000000e+00 5.935580999999999774e-01 2.710036000000000111e-01
8.586544000000000398e-01 0.000000000000000000e+00 5.930982999999999672e-01 2.706525000000000181e-01
8.589040999999999482e-01 0.000000000000000000e+00 5.926387999999999101e-01 2.703015999999999752e-01
8.591537999999999675e-01 0.000000000000000000e+00 5.921794000000000224e-01 2.699506999999999879e-01
8.594034999999999869e-01 0.000000000000000000e+00 5.917202999999999768e-01 2.695999000000000034e-01
8.596532000000000062e-01 0.000000000000000000e+00 5.912613999999999370e-01 2.692493000000000247e-01
8.599029000000000256e-01 0.000000000000000000e+00 5.908027000000000140e-01 2.688986999999999905e-01
8.601526999999999923e-01 0.000000000000000000e+00 5.903441999999999856e-01 2.685483000000000176e-01
8.604024000000000116e-01 0.000000000000000000e+00 5.898860000000000214e-01 2.681978999999999891e-01
8.606521000000000310e-01 0.000000000000000000e+00 5.894279000000000046e-01 2.678477000000000219e-01
8.609018000000000503e-01 0.000000000000000000e+00 5.889701000000000519e-01 2.674976000000000020e-01
8.611514999999999587e-01 0.000000000000000000e+00 5.885124999999999940e-01 2.671475999999999851e-01
8.614011999999999780e-01 0.000000000000000000e+00 5.880551000000000528e-01 2.667977999999999739e-01
8.616508999999999974e-01 0.000000000000000000e+00 5.875979000000000063e-01 2.664480000000000182e-01
8.619006999999999641e-01 0.000000000000000000e+00 5.871408999999999656e-01 2.660982000000000069e-01
8.621503999999999834e-01 0.000000000000000000e+00 5.866841999999999890e-01 2.657486000000000015e-01
8.624001000000000028e-01 0.000000000000000000e+00 5.862277000000000182e-01 2.653989999999999960e-01
8.626498000000000221e-01 0.000000000000000000e+00 5.857713999999999421e-01 2.650493999999999906e-01
8.628995000000000415e-01 0.000000000000000000e+00 5.853153999999999302e-01 2.646998999999999880e-01
8.631491999999999498e-01 0.000000000000000000e+00 5.848596000000000350e-01 2.643503999999999854e-01
8.633988999999999692e-01 0.000000000000000000e+00 5.844040000000000346e-01 2.640009999999999857e-01
8.636487000000000469e-01 0.000000000000000000e+00 5.839486000000000399e-01 2.636516999999999888e-01
8.638983999999999552e-01 0.000000000000000000e+00 5.834934999999999983e-01 2.633024999999999949e-01
8.641480999999999746e-01 0.000000000000000000e+00 5.830385999999999624e-01 2.629534000000000038e-01
8.643977999999999939e-01 0.000000000000000000e+00 5.825838999999999324e-01 2.626044000000000156e-01
8.646475000000000133e-01 0.000000000000000000e+00 5.821294999999999664e-01 2.622555999999999776e-01
8.648972000000000326e-01 0.000000000000000000e+00 5.816753000000000062e-01 2.619068999999999980e-01
8.651469000000000520e-01 0.000000000000000000e+00 5.812213000000000518e-01 2.615584000000000242e-01
8.653965999999999603e-01 0.000000000000000000e+00 5.807674999999999921e-01 2.612101000000000006e-01
8.656464000000000381e-01 0.000000000000000000e+00 5.803138999999999381e-01 2.608619999999999828e-01
8.658960999999999464e-01 0.000000000000000000e+00 5.798605999999999483e-01 2.605141000000000262e-01
8.661457999999999657e-01 0.000000000000000000e+00 5.794075000000000752e-01 2.601663000000000170e-01
8.663954999999999851e-01 0.000000000000000000e+00 5.789545999999999859e-01 2.598187000000000135e-01
8.666452000000000044e-01 0.000000000000000000e+00 5.785019999999999607e-01 2.594712000000000129e-01
8.668949000000000238e-01 0.000000000000000000e+00 5.780496000000000523e-01 2.591239000000000181e-01
8.671446000000000431e-01 0.000000000000000000e+00 5.775974999999999859e-01 2.587766000000000233e-01
8.673944000000000099e-01 0.000000000000000000e+00 5.771455999999999253e-01 2.584294999999999787e-01
8.676441000000000292e-01 0.000000000000000000e+00 5.766939999999999289e-01 2.580824999999999925e-01
8.678938000000000486e-01 0.000000000000000000e+00 5.762426000000000492e-01 2.577356000000000091e-01
8.681434999999999569e-01 0.000000000000000000e+00 5.757915000000000116e-01 2.573888999999999760e-01
8.683931999999999762e-01 0.000000000000000000e+00 5.753405999999999798e-01 2.570421999999999985e-01
8.686428999999999956e-01 0.000000000000000000e+00 5.748900000000000121e-01 2.566957000000000266e-01
8.688926000000000149e-01 0.000000000000000000e+00 5.744396999999999975e-01 2.563493000000000022e-01
8.691423000000000343e-01 0.000000000000000000e+00 5.739895999999999887e-01 2.560030999999999834e-01
8.693921000000000010e-01 0.000000000000000000e+00 5.735396999999999856e-01 2.556570000000000231e-01
8.696418000000000204e-01 0.000000000000000000e+00 5.730901999999999941e-01 2.553111000000000130e-01
8.698915000000000397e-01 0.000000000000000000e+00 5.726409000000000082e-01 2.549654000000000087e-01
8.701411999999999480e-01 0.000000000000000000e+00 5.721917999999999171e-01 2.546198000000000072e-01
8.703908999999999674e-01 0.000000000000000000e+00 5.717431000000000596e-01 2.542744000000000115e-01
8.706405999999999867e-01 0.000000000000000000e+00 5.712944999999999274e-01 2.539291000000000187e-01
8.708903000000000061e-01 0.000000000000000000e+00 5.708463000000000287e-01 2.535840999999999790e-01
8.711400999999999728e-01 0.000000000000000000e+00 5.703981999999999664e-01 2.532391999999999976e-01
8.713897999999999922e-01 0.000000000000000000e+00 5.699505000000000265e-01 2.528945000000000221e-01
8.716395000000000115e-01 0.000000000000000000e+00 5.695030000000000925e-01 2.525499999999999967e-01
8.718892000000000309e-01 0.000000000000000000e+00 5.690557000000000532e-01 2.522055999999999742e-01
8.721389000000000502e-01 0.000000000000000000e+00 5.686086000000000196e-01 2.518614000000000130e-01
8.723885999999999585e-01 0.000000000000000000e+00 5.681617999999999391e-01 2.515174000000000021e-01
8.726382999999999779e-01 0.000000000000000000e+00 5.677152999999999228e-01 2.511735999999999969e-01
8.728879999999999972e-01 0.000000000000000000e+00 5.672689000000000759e-01 2.508299999999999974e-01
8.731377999999999640e-01 0.000000000000000000e+00 5.668229000000000184e-01 2.504865000000000008e-01
8.733874999999999833e-01 0.000000000000000000e+00 5.663771000000000777e-01 2.501433000000000129e-01
8.736372000000000027e-01 0.000000000000000000e+00 5.659315000000000317e-01 2.498002000000000000e-01
8.738869000000000220e-01 0.000000000000000000e+00 5.654862999999999973e-01 2.494573999999999958e-01
8.741366000000000414e-01 0.000000000000000000e+00 5.650412999999999686e-01 2.491146999999999945e-01
8.743862999999999497e-01 0.000000000000000000e+00 5.645966000000000040e-01 2.487723000000000018e-01
8.746359999999999690e-01 0.000000000000000000e+00 5.641521999999999926e-01 2.484300000000000119e-01
8.748858000000000468e-01 0.000000000000000000e+00 5.637080999999999342e-01 2.480880000000000030e-01
8.751354999999999551e-01 0.000000000000000000e+00 5.632641999999999927e-01 2.477460999999999969e-01
8.753851999999999745e-01 0.000000000000000000e+00 5.628206999999999516e-01 2.474044999999999994e-01
8.756348999999999938e-01 0.000000000000000000e+00 5.623775000000000857e-01 2.470630000000000048e-01
8.758846000000000132e-01 0.000000000000000000e+00 5.619345000000000034e-01 2.467216999999999882e-01
8.761343000000000325e-01 0.000000000000000000e+00 5.614917999999999854e-01 2.463807000000000080e-01
8.763840000000000519e-01 0.000000000000000000e+00 5.610494000000000314e-01 2.460398000000000029e-01
8.766336999999999602e-01 0.000000000000000000e+00 5.606072000000000832e-01 2.456991000000000036e-01
8.768835000000000379e-01 0.000000000000000000e+00 5.601652999999999771e-01 2.453586000000000100e-01
8.771331999999999463e-01 0.000000000000000000e+00 5.597237000000000462e-01 2.450182999999999944e-01
8.773828999999999656e-01 0.000000000000000000e+00 5.592823000000000100e-01 2.446781000000000095e-01
8.776325999999999850e-01 0.000000000000000000e+00 5.588413000000000963e-01 2.443382000000000054e-01
8.778823000000000043e-01 0.000000000000000000e+00 5.584004000000000190e-01 2.439984000000000042e-01
8.781320000000000237e-01 0.000000000000000000e+00 5.579598999999999531e-01 2.436589000000000116e-01
8.783817000000000430e-01 0.000000000000000000e+00 5.575196000000000041e-01 2.433195999999999970e-01
8.786315000000000097e-01 0.000000000000000000e+00 5.570796000000000081e-01 2.429804999999999882e-01
8.788812000000000291e-01 0.000000000000000000e+00 5.566398999999999653e-01 2.426416000000000128e-01
8.791309000000000484e-01 0.000000000000000000e+00 5.562004999999999866e-01 2.423029999999999906e-01
8.793805999999999568e-01 0.000000000000000000e+00 5.557613999999999610e-01 2.419646000000000019e-01
8.796302999999999761e-01 0.000000000000000000e+00 5.553225999999999996e-01 2.416263999999999912e-01
8.798799999999999955e-01 0.000000000000000000e+00 5.548840000000000439e-01 2.412884999999999891e-01
8.801297000000000148e-01 0.000000000000000000e+00 5.544457999999999886e-01 2.409508999999999956e-01
8.803794999999999815e-01 0.000000000000000000e+00 5.540078999999999976e-01 2.406134000000000051e-01
8.806292000000000009e-01 0.000000000000000000e+00 5.535702000000000123e-01 2.402761999999999953e-01
8.808789000000000202e-01 0.000000000000000000e+00 5.531327999999999800e-01 2.399391999999999914e-01
8.811286000000000396e-01 0.000000000000000000e+00 5.526957000000000120e-01 2.396023999999999932e-01
8.813782999999999479e-01 0.000000000000000000e+00 5.522588999999999970e-01 2.392659000000000036e-01
8.816279999999999673e-01 0.000000000000000000e+00 5.518224000000000462e-01 2.389294999999999891e-01
8.818776999999999866e-01 0.000000000000000000e+00 5.513862000000000485e-01 2.385933000000000082e-01
8.821274000000000060e-01 0.000000000000000000e+00 5.509501999999999455e-01 2.382573000000000052e-01
8.823771999999999727e-01 0.000000000000000000e+00 5.505145999999999651e-01 2.379214000000000051e-01
8.826268999999999920e-01 0.000000000000000000e+00 5.500791999999999904e-01 2.375858000000000136e-01
8.828766000000000114e-01 0.000000000000000000e+00 5.496440999999999688e-01 2.372504000000000002e-01
8.831263000000000307e-01 0.000000000000000000e+00 5.492093000000000114e-01 2.369152999999999953e-01
8.833760000000000501e-01 0.000000000000000000e+00 5.487748000000000070e-01 2.365802999999999934e-01
8.836256999999999584e-01 0.000000000000000000e+00 5.483405999999999558e-01 2.362457000000000029e-01
8.838753999999999778e-01 0.000000000000000000e+00 5.479066999999999688e-01 2.359111999999999876e-01
8.841252000000000555e-01 0.000000000000000000e+00 5.474731000000000458e-01 2.355771000000000115e-01
8.843748999999999638e-01 0.000000000000000000e+00 5.470397999999999650e-01 2.352432000000000134e-01
8.846245999999999832e-01 0.000000000000000000e+00 5.466068000000000593e-01 2.349095999999999962e-01
8.848743000000000025e-01 0.000000000000000000e+00 5.461740999999999957e-01 2.345762999999999876e-01
8.851240000000000219e-01 0.000000000000000000e+00 5.457416999999999963e-01 2.342432999999999876e-01
8.853737000000000412e-01 0.000000000000000000e+00 5.453096000000000609e-01 2.339104999999999934e-01
8.856233999999999496e-01 0.000000000000000000e+00 5.448777000000000204e-01 2.335780000000000078e-01
8.858730999999999689e-01 0.000000000000000000e+00 5.444461999999999913e-01 2.332458000000000031e-01
8.861229000000000466e-01 0.000000000000000000e+00 5.440150000000000263e-01 2.329139000000000070e-01
8.863725999999999550e-01 0.000000000000000000e+00 5.435841000000000145e-01 2.325821999999999889e-01
8.866222999999999743e-01 0.000000000000000000e+00 5.431534999999999558e-01 2.322508000000000072e-01
8.868719999999999937e-01 0.000000000000000000e+00 5.427231000000000138e-01 2.319196000000000035e-01
8.871217000000000130e-01 0.000000000000000000e+00 5.422930999999999724e-01 2.315887000000000084e-01
8.873714000000000324e-01 0.000000000000000000e+00 5.418632999999999367e-01 2.312579999999999913e-01
8.876211000000000517e-01 0.000000000000000000e+00 5.414339000000000235e-01 2.309276000000000106e-01
8.878709000000000184e-01 0.000000000000000000e+00 5.410047000000000050e-01 2.305975000000000108e-01
8.881206000000000378e-01 0.000000000000000000e+00 5.405757999999999397e-01 2.302675000000000138e-01
8.883702999999999461e-01 0.000000000000000000e+00 5.401472000000000495e-01 2.299377999999999977e-01
8.886199999999999655e-01 0.000000000000000000e+00 5.397190000000000598e-01 2.296082999999999874e-01
8.888696999999999848e-01 0.000000000000000000e+00 5.392910000000000759e-01 2.292791000000000134e-01
8.891194000000000042e-01 0.000000000000000000e+00 5.388631999999999866e-01 2.289500999999999897e-01
8.893691000000000235e-01 0.000000000000000000e+00 5.384358000000000199e-01 2.286211999999999966e-01
8.896188000000000429e-01 0.000000000000000000e+00 5.380087000000000064e-01 2.282926000000000122e-01
8.898686000000000096e-01 0.000000000000000000e+00 5.375819000000000569e-01 2.279642000000000057e-01
8.901183000000000289e-01 0.000000000000000000e+00 5.371553999999999496e-01 2.276361000000000079e-01
8.903680000000000483e-01 0.000000000000000000e+00 5.367291000000000700e-01 2.273081000000000129e-01
8.906176999999999566e-01 0.000000000000000000e+00 5.363031999999999799e-01 2.269803999999999988e-01
8.908673999999999760e-01 0.000000000000000000e+00 5.358776000000000650e-01 2.266529999999999934e-01
8.911170999999999953e-01 0.000000000000000000e+00 5.354522999999999922e-01 2.263258999999999965e-01
8.913668000000000147e-01 0.000000000000000000e+00 5.350272999999999834e-01 2.259990000000000054e-01
8.916165999999999814e-01 0.000000000000000000e+00 5.346026999999999862e-01 2.256723999999999952e-01
8.918663000000000007e-01 0.000000000000000000e+00 5.341782999999999948e-01 2.253461999999999965e-01
8.921160000000000201e-01 0.000000000000000000e+00 5.337542999999999038e-01 2.250202000000000035e-01
8.923657000000000394e-01 0.000000000000000000e+00 5.333305999999999880e-01 2.246945999999999943e-01
8.926153999999999478e-01 0.000000000000000000e+00 5.329072000000000253e-01 2.243691999999999909e-01
8.928650999999999671e-01 0.000000000000000000e+00 5.324841999999999631e-01 2.240441999999999989e-01
8.931147999999999865e-01 0.000000000000000000e+00 5.320614000000000177e-01 2.237194000000000127e-01
8.933645000000000058e-01 0.000000000000000000e+00 5.316389999999999727e-01 2.233950000000000102e-01
8.936142999999999725e-01 0.000000000000000000e+00 5.312168000000000445e-01 2.230708000000000135e-01
8.938639999999999919e-01 0.000000000000000000e+00 5.307949999999999058e-01 2.227468999999999977e-01
8.941137000000000112e-01 0.000000000000000000e+00 5.303733999999999948e-01 2.224232999999999905e-01
8.943634000000000306e-01 0.000000000000000000e+00 5.299521999999999844e-01 2.220998999999999890e-01
8.946131000000000499e-01 0.000000000000000000e+00 5.295311999999999797e-01 2.217767999999999962e-01
8.948627999999999583e-01 0.000000000000000000e+00 5.291105999999999865e-01 2.214539000000000091e-01
8.951124999999999776e-01 0.000000000000000000e+00 5.286901999999999990e-01 2.211314000000000057e-01
8.953623000000000554e-01 0.000000000000000000e+00 5.282700999999999647e-01 2.208090000000000053e-01
8.956119999999999637e-01 0.000000000000000000e+00 5.278502999999999945e-01 2.204869999999999886e-01
8.958616999999999830e-01 0.000000000000000000e+00 5.274308999999999248e-01 2.201652000000000053e-01
8.961114000000000024e-01 0.000000000000000000e+00 5.270116999999999718e-01 2.198436000000000001e-01
8.963611000000000217e-01 0.000000000000000000e+00 5.265929000000000304e-01 2.195224000000000064e-01
8.966108000000000411e-01 0.000000000000000000e+00 5.261742999999999837e-01 2.192013999999999907e-01
8.968604999999999494e-01 0.000000000000000000e+00 5.257560999999999485e-01 2.188806000000000085e-01
8.971103000000000272e-01 0.000000000000000000e+00 5.253381999999999774e-01 2.185602000000000100e-01
8.973600000000000465e-01 0.000000000000000000e+00 5.249207000000000178e-01 2.182399999999999896e-01
8.976096999999999548e-01 0.000000000000000000e+00 5.245034000000000640e-01 2.179201000000000055e-01
8.978593999999999742e-01 0.000000000000000000e+00 5.240865000000000107e-01 2.176003999999999994e-01
8.981090999999999935e-01 0.000000000000000000e+00 5.236699000000000215e-01 2.172811000000000048e-01
8.983588000000000129e-01 0.000000000000000000e+00 5.232535999999999854e-01 2.169620999999999911e-01
8.986085000000000322e-01 0.000000000000000000e+00 5.228375999999999024e-01 2.166433000000000109e-01
8.988582000000000516e-01 0.000000000000000000e+00 5.224220000000000530e-01 2.163248000000000115e-01
8.991080000000000183e-01 0.000000000000000000e+00 5.220066000000000983e-01 2.160066999999999959e-01
8.993577000000000377e-01 0.000000000000000000e+00 5.215915999999999331e-01 2.156888000000000138e-01
8.996073999999999460e-01 0.000000000000000000e+00 5.211767999999999956e-01 2.153712999999999878e-01
8.998570999999999653e-01 0.000000000000000000e+00 5.207623999999999587e-01 2.150540999999999980e-01
9.001067999999999847e-01 0.000000000000000000e+00 5.203482999999999858e-01 2.147371999999999892e-01
9.003565000000000040e-01 0.000000000000000000e+00 5.199344000000000188e-01 2.144205999999999890e-01
9.006062000000000234e-01 0.000000000000000000e+00 5.195208999999999522e-01 2.141042999999999974e-01
9.008559999999999901e-01 0.000000000000000000e+00 5.191077000000000607e-01 2.137882999999999867e-01
9.011057000000000095e-01 0.000000000000000000e+00 5.186947000000000640e-01 2.134726000000000123e-01
9.013554000000000288e-01 0.000000000000000000e+00 5.182820999999999678e-01 2.131571999999999911e-01
9.016051000000000482e-01 0.000000000000000000e+00 5.178698000000000468e-01 2.128421000000000063e-01
9.018547999999999565e-01 0.000000000000000000e+00 5.174577999999999678e-01 2.125273000000000023e-01
9.021044999999999758e-01 0.000000000000000000e+00 5.170462000000000113e-01 2.122128000000000070e-01
9.023541999999999952e-01 0.000000000000000000e+00 5.166348000000000606e-01 2.118985999999999925e-01
9.026039000000000145e-01 0.000000000000000000e+00 5.162238000000000104e-01 2.115846000000000116e-01
9.028536999999999813e-01 0.000000000000000000e+00 5.158129999999999660e-01 2.112709999999999866e-01
9.031034000000000006e-01 0.000000000000000000e+00 5.154026000000000440e-01 2.109575999999999951e-01
9.033531000000000200e-01 0.000000000000000000e+00 5.149924999999999642e-01 2.106445000000000123e-01
9.036028000000000393e-01 0.000000000000000000e+00 5.145828000000000069e-01 2.103316000000000074e-01
9.038524999999999476e-01 0.000000000000000000e+00 5.141733000000000553e-01 2.100190999999999864e-01
9.041021999999999670e-01 0.000000000000000000e+00 5.137642000000000042e-01 2.097067999999999988e-01
9.043518999999999863e-01 0.000000000000000000e+00 5.133554000000000173e-01 2.093947999999999920e-01
9.046016999999999531e-01 0.000000000000000000e+00 5.129468999999999834e-01 2.090830999999999940e-01
9.048513999999999724e-01 0.000000000000000000e+00 5.125386999999999027e-01 2.087716000000000016e-01
9.051010999999999918e-01 0.000000000000000000e+00 5.121308999999999445e-01 2.084603999999999902e-01
9.053508000000000111e-01 0.000000000000000000e+00 5.117232999999999921e-01 2.081495999999999902e-01
9.056005000000000305e-01 0.000000000000000000e+00 5.113161000000000511e-01 2.078388999999999931e-01
9.058502000000000498e-01 0.000000000000000000e+00 5.109091999999999523e-01 2.075286000000000075e-01
9.060998999999999581e-01 0.000000000000000000e+00 5.105026999999999759e-01 2.072186000000000028e-01
9.063495999999999775e-01 0.000000000000000000e+00 5.100964000000000054e-01 2.069088000000000038e-01
9.065994000000000552e-01 0.000000000000000000e+00 5.096904999999999353e-01 2.065993999999999886e-01
9.068490999999999636e-01 0.000000000000000000e+00 5.092849000000000403e-01 2.062903000000000098e-01
9.070987999999999829e-01 0.000000000000000000e+00 5.088795000000000401e-01 2.059814000000000089e-01
9.073485000000000023e-01 0.000000000000000000e+00 5.084744999999999404e-01 2.056728999999999918e-01
9.075982000000000216e-01 0.000000000000000000e+00 5.080698999999999632e-01 2.053647000000000111e-01
9.078479000000000410e-01 0.000000000000000000e+00 5.076654999999999918e-01 2.050568000000000113e-01
9.080975999999999493e-01 0.000000000000000000e+00 5.072613999999999734e-01 2.047492999999999952e-01
9.083474000000000270e-01 0.000000000000000000e+00 5.068577000000000776e-01 2.044420000000000126e-01
9.085971000000000464e-01 0.000000000000000000e+00 5.064541999999999655e-01 2.041351000000000138e-01
9.088467999999999547e-01 0.000000000000000000e+00 5.060510999999999759e-01 2.038284999999999958e-01
9.090964999999999741e-01 0.000000000000000000e+00 5.056483000000000505e-01 2.035221999999999865e-01
9.093461999999999934e-01 0.000000000000000000e+00 5.052457999999999672e-01 2.032162000000000135e-01
9.095959000000000128e-01 0.000000000000000000e+00 5.048435000000000006e-01 2.029105999999999965e-01
9.098456000000000321e-01 0.000000000000000000e+00 5.044416000000000455e-01 2.026052000000000131e-01
9.100953000000000515e-01 0.000000000000000000e+00 5.040400999999999909e-01 2.023001000000000105e-01
9.103451000000000182e-01 0.000000000000000000e+00 5.036388000000000531e-01 2.019953999999999916e-01
9.105948000000000375e-01 0.000000000000000000e+00 5.032377999999999574e-01 2.016909000000000063e-01
9.108444999999999458e-01 0.000000000000000000e+00 5.028371000000000368e-01 2.013867000000000018e-01
9.110941999999999652e-01 0.000000000000000000e+00 5.024368000000000167e-01 2.010828000000000060e-01
9.113438999999999846e-01 0.000000000000000000e+00 5.020367000000000024e-01 2.007792999999999939e-01
9.115936000000000039e-01 0.000000000000000000e+00 5.016369999999999996e-01 2.004759999999999875e-01
9.118433000000000233e-01 0.000000000000000000e+00 5.012375999999999499e-01 2.001729999999999898e-01
9.120930999999999900e-01 0.000000000000000000e+00 5.008384999999999643e-01 1.998703000000000007e-01
9.123428000000000093e-01 0.000000000000000000e+00 5.004397000000000428e-01 1.995678999999999925e-01
9.125925000000000287e-01 0.000000000000000000e+00 5.000411999999999635e-01 1.992657999999999929e-01
9.128422000000000480e-01 0.000000000000000000e+00 4.996431000000000067e-01 1.989640000000000020e-01
9.130918999999999563e-01 0.000000000000000000e+00 4.992453000000000030e-01 1.986624999999999919e-01
9.133415999999999757e-01 0.000000000000000000e+00 4.988478000000000079e-01 1.983612999999999904e-01
9.135912999999999951e-01 0.000000000000000000e+00 4.984506000000000214e-01 1.980603999999999976e-01
9.138410999999999618e-01 0.000000000000000000e+00 4.980538000000000465e-01 1.977598000000000134e-01
9.140907999999999811e-01 0.000000000000000000e+00 4.976573000000000246e-01 1.974594000000000071e-01
9.143405000000000005e-01 0.000000000000000000e+00 4.972611999999999588e-01 1.971594000000000124e-01
9.145902000000000198e-01 0.000000000000000000e+00 4.968653000000000097e-01 1.968596999999999986e-01
9.148399000000000392e-01 0.000000000000000000e+00 4.964698000000000166e-01 1.965603999999999962e-01
9.150895999999999475e-01 0.000000000000000000e+00 4.960745999999999767e-01 1.962612999999999996e-01
9.153392999999999669e-01 0.000000000000000000e+00 4.956797000000000009e-01 1.959625000000000117e-01
9.155889999999999862e-01 0.000000000000000000e+00 4.952850999999999781e-01 1.956641000000000075e-01
9.158387999999999529e-01 0.000000000000000000e+00 4.948908000000000196e-01 1.953660000000000119e-01
9.160884999999999723e-01 0.000000000000000000e+00 4.944968000000000141e-01 1.950681999999999972e-01
9.163381999999999916e-01 0.000000000000000000e+00 4.941032000000000202e-01 1.947707999999999939e-01
9.165879000000000110e-01 0.000000000000000000e+00 4.937097999999999764e-01 1.944736999999999993e-01
9.168376000000000303e-01 0.000000000000000000e+00 4.933167000000000524e-01 1.941769000000000134e-01
9.170873000000000497e-01 0.000000000000000000e+00 4.929239999999999733e-01 1.938804000000000083e-01
9.173369999999999580e-01 0.000000000000000000e+00 4.925316000000000138e-01 1.935842000000000118e-01
9.175868000000000357e-01 0.000000000000000000e+00 4.921395000000000075e-01 1.932883999999999991e-01
9.178365000000000551e-01 0.000000000000000000e+00 4.917477000000000098e-01 1.929928999999999950e-01
9.180861999999999634e-01 0.000000000000000000e+00 4.913562000000000207e-01 1.926975999999999967e-01
9.183358999999999828e-01 0.000000000000000000e+00 4.909650999999999876e-01 1.924027000000000098e-01
9.185856000000000021e-01 0.000000000000000000e+00 4.905743000000000187e-01 1.921081000000000039e-01
9.188353000000000215e-01 0.000000000000000000e+00 4.901839000000000057e-01 1.918137000000000036e-01
9.190850000000000408e-01 0.000000000000000000e+00 4.897938000000000014e-01 1.915196999999999872e-01
9.193346999999999491e-01 0.000000000000000000e+00 4.894040000000000057e-01 1.912259000000000042e-01
9.195845000000000269e-01 0.000000000000000000e+00 4.890145000000000186e-01 1.909324000000000021e-01
9.198342000000000462e-01 0.000000000000000000e+00 4.886253999999999875e-01 1.906393000000000115e-01
9.200838999999999546e-01 0.000000000000000000e+00 4.882366999999999679e-01 1.903463999999999989e-01
9.203335999999999739e-01 0.000000000000000000e+00 4.878482000000000096e-01 1.900538999999999978e-01
9.205832999999999933e-01 0.000000000000000000e+00 4.874601000000000073e-01 1.897617000000000054e-01
9.208330000000000126e-01 0.000000000000000000e+00 4.870724000000000165e-01 1.894697999999999938e-01
9.210827000000000320e-01 0.000000000000000000e+00 4.866849000000000314e-01 1.891782999999999937e-01
9.213324999999999987e-01 0.000000000000000000e+00 4.862978000000000023e-01 1.888871000000000022e-01
9.215822000000000180e-01 0.000000000000000000e+00 4.859109999999999818e-01 1.885962999999999945e-01
9.218319000000000374e-01 0.000000000000000000e+00 4.855244999999999700e-01 1.883057999999999954e-01
9.220815999999999457e-01 0.000000000000000000e+00 4.851383999999999697e-01 1.880158000000000107e-01
9.223312999999999651e-01 0.000000000000000000e+00 4.847524999999999751e-01 1.877261000000000069e-01
9.225809999999999844e-01 0.000000000000000000e+00 4.843669999999999920e-01 1.874367000000000116e-01
9.228307000000000038e-01 0.000000000000000000e+00 4.839819000000000204e-01 1.871477000000000002e-01
9.230804000000000231e-01 0.000000000000000000e+00 4.835969999999999991e-01 1.868591000000000002e-01
9.233301999999999898e-01 0.000000000000000000e+00 4.832124999999999893e-01 1.865708000000000089e-01
9.235799000000000092e-01 0.000000000000000000e+00 4.828282999999999880e-01 1.862827999999999984e-01
9.238296000000000285e-01 0.000000000000000000e+00 4.824443999999999955e-01 1.859950999999999965e-01
9.240793000000000479e-01 0.000000000000000000e+00 4.820609000000000144e-01 1.857078000000000062e-01
9.243289999999999562e-01 0.000000000000000000e+00 4.816777000000000419e-01 1.854206999999999939e-01
9.245786999999999756e-01 0.000000000000000000e+00 4.812948999999999700e-01 1.851338999999999901e-01
9.248283999999999949e-01 0.000000000000000000e+00 4.809124000000000176e-01 1.848473999999999950e-01
9.250781999999999616e-01 0.000000000000000000e+00 4.805301999999999629e-01 1.845612000000000086e-01
9.253278999999999810e-01 0.000000000000000000e+00 4.801483999999999752e-01 1.842752000000000001e-01
9.255776000000000003e-01 0.000000000000000000e+00 4.797669999999999990e-01 1.839896000000000031e-01
9.258273000000000197e-01 0.000000000000000000e+00 4.793858000000000286e-01 1.837042000000000119e-01
9.260770000000000390e-01 0.000000000000000000e+00 4.790051000000000170e-01 1.834192000000000045e-01
9.263266999999999474e-01 0.000000000000000000e+00 4.786246000000000111e-01 1.831345000000000056e-01
9.265763999999999667e-01 0.000000000000000000e+00 4.782445000000000168e-01 1.828500999999999876e-01
9.268260999999999861e-01 0.000000000000000000e+00 4.778647000000000311e-01 1.825661000000000089e-01
9.270758999999999528e-01 0.000000000000000000e+00 4.774853000000000014e-01 1.822824999999999862e-01
9.273255999999999721e-01 0.000000000000000000e+00 4.771061999999999803e-01 1.819991999999999999e-01
9.275752999999999915e-01 0.000000000000000000e+00 4.767273999999999679e-01 1.817162999999999973e-01
9.278250000000000108e-01 0.000000000000000000e+00 4.763489000000000195e-01 1.814338000000000062e-01
9.280747000000000302e-01 0.000000000000000000e+00 4.759707999999999717e-01 1.811516999999999988e-01
9.283244000000000495e-01 0.000000000000000000e+00 4.755930000000000435e-01 1.808700000000000030e-01
9.285740999999999579e-01 0.000000000000000000e+00 4.752155000000000129e-01 1.805885999999999880e-01
9.288239000000000356e-01 0.000000000000000000e+00 4.748383999999999938e-01 1.803076000000000123e-01
9.290736000000000550e-01 0.000000000000000000e+00 4.744615999999999834e-01 1.800269999999999926e-01
9.293232999999999633e-01 0.000000000000000000e+00 4.740851999999999844e-01 1.797468000000000121e-01
9.295729999999999826e-01 0.000000000000000000e+00 4.737090999999999941e-01 1.794669000000000125e-01
9.298227000000000020e-01 0.000000000000000000e+00 4.733333000000000124e-01 1.791872999999999938e-01
9.300724000000000213e-01 0.000000000000000000e+00 4.729578999999999867e-01 1.789080999999999866e-01
9.303221000000000407e-01 0.000000000000000000e+00 4.725828000000000251e-01 1.786291999999999880e-01
9.305719000000000074e-01 0.000000000000000000e+00 4.722081000000000195e-01 1.783505999999999980e-01
9.308216000000000268e-01 0.000000000000000000e+00 4.718337000000000225e-01 1.780723999999999918e-01
9.310713000000000461e-01 0.000000000000000000e+00 4.714596999999999816e-01 1.777943999999999913e-01
9.313209999999999544e-01 0.000000000000000000e+00 4.710860000000000047e-01 1.775166999999999995e-01
9.315706999999999738e-01 0.000000000000000000e+00 4.707126999999999839e-01 1.772393999999999914e-01
9.318203999999999931e-01 0.000000000000000000e+00 4.703396999999999717e-01 1.769623999999999919e-01
9.320701000000000125e-01 0.000000000000000000e+00 4.699671000000000265e-01 1.766857000000000011e-01
9.323198000000000318e-01 0.000000000000000000e+00 4.695948999999999818e-01 1.764092999999999911e-01
9.325695999999999986e-01 0.000000000000000000e+00 4.692228999999999983e-01 1.761332999999999926e-01
9.328193000000000179e-01 0.000000000000000000e+00 4.688514000000000292e-01 1.758577000000000057e-01
9.330690000000000373e-01 0.000000000000000000e+00 4.684801000000000104e-01 1.755823999999999996e-01
9.333186999999999456e-01 0.000000000000000000e+00 4.681092000000000031e-01 1.753074000000000021e-01
9.335683999999999649e-01 0.000000000000000000e+00 4.677387000000000072e-01 1.750328999999999913e-01
9.338180999999999843e-01 0.000000000000000000e+00 4.673684999999999645e-01 1.747586999999999890e-01
9.340678000000000036e-01 0.000000000000000000e+00 4.669985999999999859e-01 1.744848999999999983e-01
9.343175999999999704e-01 0.000000000000000000e+00 4.666291000000000189e-01 1.742113999999999885e-01
9.345672999999999897e-01 0.000000000000000000e+00 4.662599000000000049e-01 1.739383999999999930e-01
9.348170000000000091e-01 0.000000000000000000e+00 4.658911000000000024e-01 1.736657000000000062e-01
9.350667000000000284e-01 0.000000000000000000e+00 4.655226000000000086e-01 1.733934000000000031e-01
9.353164000000000478e-01 0.000000000000000000e+00 4.651544999999999708e-01 1.731214000000000086e-01
9.355660999999999561e-01 0.000000000000000000e+00 4.647866999999999971e-01 1.728499000000000008e-01
9.358157999999999754e-01 0.000000000000000000e+00 4.644191999999999765e-01 1.725787000000000015e-01
9.360654999999999948e-01 0.000000000000000000e+00 4.640522000000000258e-01 1.723078000000000110e-01
9.363152999999999615e-01 0.000000000000000000e+00 4.636854000000000253e-01 1.720373000000000041e-01
9.365649999999999809e-01 0.000000000000000000e+00 4.633190999999999837e-01 1.717672000000000088e-01
9.368147000000000002e-01 0.000000000000000000e+00 4.629531000000000063e-01 1.714973999999999943e-01
9.370644000000000196e-01 0.000000000000000000e+00 4.625873999999999819e-01 1.712279999999999913e-01
9.373141000000000389e-01 0.000000000000000000e+00 4.622221000000000246e-01 1.709588999999999970e-01
9.375637999999999472e-01 0.000000000000000000e+00 4.618571999999999678e-01 1.706901999999999864e-01
9.378134999999999666e-01 0.000000000000000000e+00 4.614925999999999751e-01 1.704218999999999873e-01
9.380633000000000443e-01 0.000000000000000000e+00 4.611283999999999939e-01 1.701538999999999968e-01
9.383129999999999526e-01 0.000000000000000000e+00 4.607645999999999686e-01 1.698862999999999901e-01
9.385626999999999720e-01 0.000000000000000000e+00 4.604010000000000047e-01 1.696189999999999920e-01
9.388123999999999914e-01 0.000000000000000000e+00 4.600378999999999996e-01 1.693521000000000054e-01
9.390621000000000107e-01 0.000000000000000000e+00 4.596751000000000031e-01 1.690856000000000026e-01
9.393118000000000301e-01 0.000000000000000000e+00 4.593125999999999598e-01 1.688194000000000083e-01
9.395615000000000494e-01 0.000000000000000000e+00 4.589504999999999835e-01 1.685537000000000007e-01
9.398111999999999577e-01 0.000000000000000000e+00 4.585887000000000158e-01 1.682881999999999989e-01
9.400610000000000355e-01 0.000000000000000000e+00 4.582273000000000041e-01 1.680232000000000114e-01
9.403107000000000548e-01 0.000000000000000000e+00 4.578662000000000010e-01 1.677585000000000048e-01
9.405603999999999631e-01 0.000000000000000000e+00 4.575054000000000065e-01 1.674943000000000126e-01
9.408100999999999825e-01 0.000000000000000000e+00 4.571449999999999680e-01 1.672302999999999984e-01
9.410598000000000019e-01 0.000000000000000000e+00 4.567850000000000521e-01 1.669667999999999985e-01
9.413095000000000212e-01 0.000000000000000000e+00 4.564252999999999783e-01 1.667036000000000073e-01
9.415592000000000406e-01 0.000000000000000000e+00 4.560659000000000241e-01 1.664409000000000027e-01
9.418090000000000073e-01 0.000000000000000000e+00 4.557069000000000258e-01 1.661784000000000039e-01
9.420587000000000266e-01 0.000000000000000000e+00 4.553482999999999836e-01 1.659163999999999917e-01
9.423084000000000460e-01 0.000000000000000000e+00 4.549900000000000055e-01 1.656546999999999881e-01
9.425580999999999543e-01 0.000000000000000000e+00 4.546320999999999835e-01 1.653933999999999960e-01
9.428077999999999737e-01 0.000000000000000000e+00 4.542744999999999700e-01 1.651324999999999876e-01
9.430574999999999930e-01 0.000000000000000000e+00 4.539173000000000235e-01 1.648719999999999908e-01
9.433072000000000124e-01 0.000000000000000000e+00 4.535604000000000302e-01 1.646118000000000026e-01
9.435569000000000317e-01 0.000000000000000000e+00 4.532038999999999929e-01 1.643519999999999981e-01
9.438066999999999984e-01 0.000000000000000000e+00 4.528478000000000225e-01 1.640926000000000051e-01
9.440564000000000178e-01 0.000000000000000000e+00 4.524920000000000053e-01 1.638334999999999930e-01
9.443061000000000371e-01 0.000000000000000000e+00 4.521365999999999996e-01 1.635747999999999924e-01
9.445557999999999454e-01 0.000000000000000000e+00 4.517815000000000025e-01 1.633164000000000005e-01
9.448054999999999648e-01 0.000000000000000000e+00 4.514268000000000169e-01 1.630584999999999951e-01
9.450551999999999842e-01 0.000000000000000000e+00 4.510724999999999874e-01 1.628008999999999984e-01
9.453049000000000035e-01 0.000000000000000000e+00 4.507185000000000219e-01 1.625436000000000103e-01
9.455546999999999702e-01 0.000000000000000000e+00 4.503648000000000096e-01 1.622867000000000060e-01
9.458043999999999896e-01 0.000000000000000000e+00 4.500115000000000087e-01 1.620302000000000131e-01
9.460541000000000089e-01 0.000000000000000000e+00 4.496585999999999639e-01 1.617740000000000011e-01
9.463038000000000283e-01 0.000000000000000000e+00 4.493059000000000358e-01 1.615180999999999978e-01
9.465535000000000476e-01 0.000000000000000000e+00 4.489537000000000111e-01 1.612627000000000088e-01
9.468031999999999559e-01 0.000000000000000000e+00 4.486018000000000505e-01 1.610074999999999978e-01
9.470528999999999753e-01 0.000000000000000000e+00 4.482501999999999875e-01 1.607528000000000012e-01
9.473027000000000530e-01 0.000000000000000000e+00 4.478989999999999916e-01 1.604984000000000133e-01
9.475523999999999614e-01 0.000000000000000000e+00 4.475481000000000043e-01 1.602443000000000062e-01
9.478020999999999807e-01 0.000000000000000000e+00 4.471976000000000284e-01 1.599906000000000106e-01
9.480518000000000001e-01 0.000000000000000000e+00 4.468474000000000057e-01 1.597372999999999987e-01
9.483015000000000194e-01 0.000000000000000000e+00 4.464975999999999945e-01 1.594843999999999984e-01
9.485512000000000388e-01 0.000000000000000000e+00 4.461481999999999948e-01 1.592319000000000095e-01
9.488008999999999471e-01 0.000000000000000000e+00 4.457991000000000037e-01 1.589797000000000016e-01
9.490505999999999664e-01 0.000000000000000000e+00 4.454503000000000212e-01 1.587279000000000051e-01
9.493004000000000442e-01 0.000000000000000000e+00 4.451018999999999948e-01 1.584765999999999952e-01
9.495500999999999525e-01 0.000000000000000000e+00 4.447538999999999798e-01 1.582255999999999940e-01
9.497997999999999719e-01 0.000000000000000000e+00 4.444062000000000290e-01 1.579750000000000043e-01
9.500494999999999912e-01 0.000000000000000000e+00 4.440588999999999786e-01 1.577247999999999983e-01
9.502992000000000106e-01 0.000000000000000000e+00 4.437118999999999924e-01 1.574750000000000039e-01
9.505489000000000299e-01 0.000000000000000000e+00 4.433653000000000177e-01 1.572254999999999903e-01
9.507986000000000493e-01 0.000000000000000000e+00 4.430190999999999990e-01 1.569764999999999910e-01
9.510484000000000160e-01 0.000000000000000000e+00 4.426731999999999889e-01 1.567279000000000033e-01
9.512981000000000353e-01 0.000000000000000000e+00 4.423276999999999903e-01 1.564796999999999993e-01
9.515478000000000547e-01 0.000000000000000000e+00 4.419826000000000032e-01 1.562318000000000040e-01
9.517974999999999630e-01 0.000000000000000000e+00 4.416378000000000248e-01 1.559843999999999953e-01
9.520471999999999824e-01 0.000000000000000000e+00 4.412934000000000023e-01 1.557372999999999952e-01
9.522969000000000017e-01 0.000000000000000000e+00 4.409492999999999885e-01 1.554906000000000066e-01
9.525466000000000211e-01 0.000000000000000000e+00 4.406056999999999890e-01 1.552444000000000046e-01
9.527963000000000404e-01 0.000000000000000000e+00 4.402622999999999953e-01 1.549985000000000113e-01
9.530461000000000071e-01 0.000000000000000000e+00 4.399194000000000160e-01 1.547530000000000017e-01
9.532958000000000265e-01 0.000000000000000000e+00 4.395767999999999898e-01 1.545078000000000007e-01
9.535455000000000458e-01 0.000000000000000000e+00 4.392346999999999779e-01 1.542630999999999863e-01
9.537951999999999542e-01 0.000000000000000000e+00 4.388928999999999747e-01 1.540188000000000113e-01
9.540448999999999735e-01 0.000000000000000000e+00 4.385514999999999830e-01 1.537748999999999922e-01
9.542945999999999929e-01 0.000000000000000000e+00 4.382105000000000028e-01 1.535313000000000094e-01
9.545443000000000122e-01 0.000000000000000000e+00 4.378698999999999786e-01 1.532882000000000133e-01
9.547940999999999789e-01 0.000000000000000000e+00 4.375296999999999659e-01 1.530455000000000010e-01
9.550437999999999983e-01 0.000000000000000000e+00 4.371900000000000230e-01 1.528032000000000001e-01
9.552935000000000176e-01 0.000000000000000000e+00 4.368505999999999778e-01 1.525613000000000108e-01
9.555432000000000370e-01 0.000000000000000000e+00 4.365118000000000054e-01 1.523199000000000081e-01
9.557928999999999453e-01 0.000000000000000000e+00 4.361732999999999860e-01 1.520787999999999862e-01
9.560425999999999647e-01 0.000000000000000000e+00 4.358353000000000366e-01 1.518382000000000065e-01
9.562922999999999840e-01 0.000000000000000000e+00 4.354977999999999905e-01 1.515980000000000105e-01
9.565420000000000034e-01 0.000000000000000000e+00 4.351607000000000114e-01 1.513583000000000012e-01
9.567917999999999701e-01 0.000000000000000000e+00 4.348239999999999883e-01 1.511189000000000004e-01
9.570414999999999894e-01 0.000000000000000000e+00 4.344879000000000380e-01 1.508799999999999863e-01
9.572912000000000088e-01 0.000000000000000000e+00 4.341521999999999881e-01 1.506415999999999866e-01
9.575409000000000281e-01 0.000000000000000000e+00 4.338168999999999498e-01 1.504035999999999984e-01
9.577906000000000475e-01 0.000000000000000000e+00 4.334821999999999842e-01 1.501660999999999968e-01
9.580402999999999558e-01 0.000000000000000000e+00 4.331478999999999746e-01 1.499290000000000067e-01
9.582899999999999752e-01 0.000000000000000000e+00 4.328140999999999794e-01 1.496924000000000032e-01
9.585398000000000529e-01 0.000000000000000000e+00 4.324807999999999986e-01 1.494562999999999864e-01
9.587894999999999612e-01 0.000000000000000000e+00 4.321478999999999737e-01 1.492206000000000088e-01
9.590391999999999806e-01 0.000000000000000000e+00 4.318156000000000216e-01 1.489854999999999929e-01
9.592888999999999999e-01 0.000000000000000000e+00 4.314837000000000256e-01 1.487507999999999886e-01
9.595386000000000193e-01 0.000000000000000000e+00 4.311523999999999912e-01 1.485165999999999986e-01
9.597883000000000386e-01 0.000000000000000000e+00 4.308215000000000239e-01 1.482828999999999953e-01
9.600379999999999470e-01 0.000000000000000000e+00 4.304911000000000154e-01 1.480497000000000063e-01
9.602876999999999663e-01 0.000000000000000000e+00 4.301612000000000213e-01 1.478170000000000039e-01
9.605375000000000441e-01 0.000000000000000000e+00 4.298319000000000445e-01 1.475847999999999882e-01
9.607871999999999524e-01 0.000000000000000000e+00 4.295029999999999681e-01 1.473530999999999869e-01
9.610368999999999717e-01 0.000000000000000000e+00 4.291746000000000172e-01 1.471218999999999999e-01
9.612865999999999911e-01 0.000000000000000000e+00 4.288467999999999725e-01 1.468911999999999995e-01
9.615363000000000104e-01 0.000000000000000000e+00 4.285194999999999976e-01 1.466610000000000136e-01
9.617860000000000298e-01 0.000000000000000000e+00 4.281926999999999817e-01 1.464312000000000114e-01
9.620357000000000491e-01 0.000000000000000000e+00 4.278663999999999801e-01 1.462019999999999986e-01
9.622855000000000159e-01 0.000000000000000000e+00 4.275405999999999929e-01 1.459733000000000003e-01
9.625352000000000352e-01 0.000000000000000000e+00 4.272153999999999674e-01 1.457450999999999885e-01
9.627849000000000546e-01 0.000000000000000000e+00 4.268906999999999563e-01 1.455173999999999912e-01
9.630345999999999629e-01 0.000000000000000000e+00 4.265665000000000151e-01 1.452901000000000054e-01
9.632842999999999822e-01 0.000000000000000000e+00 4.262427999999999773e-01 1.450634000000000090e-01
9.635340000000000016e-01 0.000000000000000000e+00 4.259196999999999567e-01 1.448371999999999993e-01
9.637837000000000209e-01 0.000000000000000000e+00 4.255972000000000088e-01 1.446115000000000039e-01
9.640334999999999877e-01 0.000000000000000000e+00 4.252751000000000170e-01 1.443861999999999923e-01
9.642832000000000070e-01 0.000000000000000000e+00 4.249537000000000453e-01 1.441614999999999980e-01
9.645329000000000264e-01 0.000000000000000000e+00 4.246326999999999741e-01 1.439372999999999903e-01
9.647826000000000457e-01 0.000000000000000000e+00 4.243122999999999756e-01 1.437135999999999969e-01
9.650322999999999540e-01 0.000000000000000000e+00 4.239924999999999944e-01 1.434904999999999931e-01
9.652819999999999734e-01 0.000000000000000000e+00 4.236732000000000276e-01 1.432678000000000007e-01
9.655316999999999927e-01 0.000000000000000000e+00 4.233544999999999670e-01 1.430456999999999979e-01
9.657814000000000121e-01 0.000000000000000000e+00 4.230362999999999762e-01 1.428240000000000065e-01
9.660311999999999788e-01 0.000000000000000000e+00 4.227187000000000028e-01 1.426029000000000047e-01
9.662808999999999982e-01 0.000000000000000000e+00 4.224016999999999911e-01 1.423823999999999923e-01
9.665306000000000175e-01 0.000000000000000000e+00 4.220851999999999937e-01 1.421622999999999915e-01
9.667803000000000369e-01 0.000000000000000000e+00 4.217694000000000165e-01 1.419428000000000079e-01
9.670299999999999452e-01 0.000000000000000000e+00 4.214539999999999953e-01 1.417238000000000109e-01
9.672796999999999645e-01 0.000000000000000000e+00 4.211392999999999942e-01 1.415053000000000005e-01
9.675293999999999839e-01 0.000000000000000000e+00 4.208251000000000075e-01 1.412874000000000074e-01
9.677791999999999506e-01 0.000000000000000000e+00 4.205115000000000380e-01 1.410700000000000010e-01
9.680288999999999699e-01 0.000000000000000000e+00 4.201985000000000303e-01 1.408531000000000089e-01
9.682785999999999893e-01 0.000000000000000000e+00 4.198860999999999843e-01 1.406367000000000034e-01
9.685283000000000087e-01 0.000000000000000000e+00 4.195742000000000083e-01 1.404208000000000123e-01
9.687780000000000280e-01 0.000000000000000000e+00 4.192628999999999939e-01 1.402054000000000078e-01
9.690277000000000474e-01 0.000000000000000000e+00 4.189521999999999968e-01 1.399905999999999928e-01
9.692773999999999557e-01 0.000000000000000000e+00 4.186421000000000170e-01 1.397761999999999893e-01
9.695270999999999750e-01 0.000000000000000000e+00 4.183324999999999960e-01 1.395624000000000031e-01
9.697769000000000528e-01 0.000000000000000000e+00 4.180234999999999923e-01 1.393491000000000035e-01
9.700265999999999611e-01 0.000000000000000000e+00 4.177151000000000058e-01 1.391361999999999877e-01
9.702762999999999805e-01 0.000000000000000000e+00 4.174073000000000366e-01 1.389238999999999891e-01
9.705259999999999998e-01 0.000000000000000000e+00 4.171000999999999737e-01 1.387120000000000020e-01
9.707757000000000192e-01 0.000000000000000000e+00 4.167934000000000361e-01 1.385007000000000044e-01
9.710254000000000385e-01 0.000000000000000000e+00 4.164873999999999521e-01 1.382897999999999905e-01
9.712750999999999468e-01 0.000000000000000000e+00 4.161818999999999935e-01 1.380794999999999939e-01
9.715249000000000246e-01 0.000000000000000000e+00 4.158769999999999967e-01 1.378697000000000117e-01
9.717746000000000439e-01 0.000000000000000000e+00 4.155727000000000171e-01 1.376603999999999883e-01
9.720242999999999522e-01 0.000000000000000000e+00 4.152688999999999964e-01 1.374516000000000071e-01
9.722739999999999716e-01 0.000000000000000000e+00 4.149657999999999958e-01 1.372433000000000125e-01
9.725236999999999910e-01 0.000000000000000000e+00 4.146632000000000096e-01 1.370355000000000045e-01
9.727734000000000103e-01 0.000000000000000000e+00 4.143613000000000435e-01 1.368283000000000138e-01
9.730231000000000297e-01 0.000000000000000000e+00 4.140599000000000363e-01 1.366216000000000097e-01
9.732728000000000490e-01 0.000000000000000000e+00 4.137590999999999908e-01 1.364153999999999922e-01
9.735226000000000157e-01 0.000000000000000000e+00 4.134589000000000181e-01 1.362096999999999891e-01
9.737723000000000351e-01 0.000000000000000000e+00 4.131592000000000042e-01 1.360046000000000033e-01
9.740220000000000544e-01 0.000000000000000000e+00 4.128602000000000105e-01 1.358000000000000040e-01
9.742716999999999627e-01 0.000000000000000000e+00 4.125617999999999785e-01 1.355958999999999914e-01
9.745213999999999821e-01 0.000000000000000000e+00 4.122638999999999609e-01 1.353923999999999961e-01
9.747711000000000015e-01 0.000000000000000000e+00 4.119666000000000161e-01 1.351894999999999902e-01
9.750208000000000208e-01 0.000000000000000000e+00 4.116700000000000359e-01 1.349869999999999959e-01
9.752705999999999875e-01 0.000000000000000000e+00 4.113739000000000146e-01 1.347850999999999910e-01
9.755203000000000069e-01 0.000000000000000000e+00 4.110784000000000105e-01 1.345838000000000034e-01
9.757700000000000262e-01 0.000000000000000000e+00 4.107835000000000236e-01 1.343830000000000024e-01
9.760197000000000456e-01 0.000000000000000000e+00 4.104891999999999985e-01 1.341826999999999881e-01
9.762693999999999539e-01 0.000000000000000000e+00 4.101953999999999878e-01 1.339828999999999881e-01
9.765190999999999732e-01 0.000000000000000000e+00 4.099023000000000527e-01 1.337837000000000054e-01
9.767687999999999926e-01 0.000000000000000000e+00 4.096098000000000239e-01 1.335850000000000093e-01
9.770185999999999593e-01 0.000000000000000000e+00 4.093177999999999539e-01 1.333867999999999998e-01
9.772682999999999787e-01 0.000000000000000000e+00 4.090265000000000151e-01 1.331892000000000076e-01
9.775179999999999980e-01 0.000000000000000000e+00 4.087357000000000351e-01 1.329921000000000020e-01
9.777677000000000174e-01 0.000000000000000000e+00 4.084456000000000198e-01 1.327955000000000108e-01
9.780174000000000367e-01 0.000000000000000000e+00 4.081560000000000188e-01 1.325995000000000090e-01
9.782670999999999450e-01 0.000000000000000000e+00 4.078670999999999824e-01 1.324039999999999939e-01
9.785167999999999644e-01 0.000000000000000000e+00 4.075787000000000160e-01 1.322089999999999932e-01
9.787664999999999837e-01 0.000000000000000000e+00 4.072909000000000113e-01 1.320145000000000068e-01
9.790162999999999505e-01 0.000000000000000000e+00 4.070036999999999683e-01 1.318206000000000100e-01
9.792659999999999698e-01 0.000000000000000000e+00 4.067170999999999981e-01 1.316270999999999969e-01
9.795156999999999892e-01 0.000000000000000000e+00 4.064310999999999896e-01 1.314342000000000010e-01
9.797654000000000085e-01 0.000000000000000000e+00 4.061456999999999984e-01 1.312417999999999918e-01
9.800151000000000279e-01 0.000000000000000000e+00 4.058609000000000244e-01 1.310498999999999969e-01
9.802648000000000472e-01 0.000000000000000000e+00 4.055766000000000093e-01 1.308585999999999916e-01
9.805144999999999555e-01 0.000000000000000000e+00 4.052930000000000144e-01 1.306676999999999977e-01
9.807643000000000333e-01 0.000000000000000000e+00 4.050099999999999811e-01 1.304772999999999905e-01
9.810140000000000526e-01 0.000000000000000000e+00 4.047275000000000178e-01 1.302875000000000005e-01
9.812636999999999610e-01 0.000000000000000000e+00 4.044456999999999636e-01 1.300980999999999943e-01
9.815133999999999803e-01 0.000000000000000000e+00 4.041643999999999792e-01 1.299092000000000025e-01
9.817630999999999997e-01 0.000000000000000000e+00 4.038836999999999566e-01 1.297207999999999972e-01
9.820128000000000190e-01 0.000000000000000000e+00 4.036035999999999513e-01 1.295329000000000064e-01
9.822625000000000384e-01 0.000000000000000000e+00 4.033240999999999632e-01 1.293455000000000021e-01
9.825121999999999467e-01 0.000000000000000000e+00 4.030452000000000479e-01 1.291586000000000123e-01
9.827620000000000244e-01 0.000000000000000000e+00 4.027669000000000388e-01 1.289722000000000091e-01
9.830117000000000438e-01 0.000000000000000000e+00 4.024890999999999885e-01 1.287862999999999924e-01
9.832613999999999521e-01 0.000000000000000000e+00 4.022119000000000111e-01 1.286008999999999902e-01
9.835110999999999715e-01 0.000000000000000000e+00 4.019353999999999982e-01 1.284158999999999995e-01
9.837607999999999908e-01 0.000000000000000000e+00 4.016592999999999969e-01 1.282314999999999983e-01
9.840105000000000102e-01 0.000000000000000000e+00 4.013838999999999602e-01 1.280475000000000085e-01
9.842602000000000295e-01 0.000000000000000000e+00 4.011090999999999962e-01 1.278640000000000054e-01
9.845099999999999962e-01 0.000000000000000000e+00 4.008347999999999911e-01 1.276810999999999918e-01
9.847597000000000156e-01 0.000000000000000000e+00 4.005611000000000033e-01 1.274985999999999897e-01
9.850094000000000349e-01 0.000000000000000000e+00 4.002880000000000327e-01 1.273166000000000020e-01
9.852591000000000543e-01 0.000000000000000000e+00 4.000154000000000210e-01 1.271351000000000009e-01
9.855087999999999626e-01 0.000000000000000000e+00 3.997434000000000265e-01 1.269540999999999864e-01
9.857584999999999820e-01 0.000000000000000000e+00 3.994719999999999938e-01 1.267735000000000112e-01
9.860082000000000013e-01 0.000000000000000000e+00 3.992010999999999754e-01 1.265934999999999977e-01
9.862579000000000207e-01 0.000000000000000000e+00 3.989307999999999743e-01 1.264139999999999986e-01
9.865076999999999874e-01 0.000000000000000000e+00 3.986610999999999905e-01 1.262349000000000110e-01
9.867574000000000067e-01 0.000000000000000000e+00 3.983919999999999684e-01 1.260564000000000129e-01
9.870071000000000261e-01 0.000000000000000000e+00 3.981234000000000162e-01 1.258782999999999985e-01
9.872568000000000454e-01 0.000000000000000000e+00 3.978553000000000228e-01 1.257006999999999985e-01
9.875064999999999538e-01 0.000000000000000000e+00 3.975877999999999912e-01 1.255236000000000129e-01
9.877561999999999731e-01 0.000000000000000000e+00 3.973208999999999769e-01 1.253469999999999862e-01
9.880058999999999925e-01 0.000000000000000000e+00 3.970545999999999798e-01 1.251707999999999987e-01
9.882556999999999592e-01 0.000000000000000000e+00 3.967887999999999971e-01 1.249952000000000008e-01
9.885053999999999785e-01 0.000000000000000000e+00 3.965235000000000287e-01 1.248200000000000004e-01
9.887550999999999979e-01 0.000000000000000000e+00 3.962588000000000221e-01 1.246453000000000005e-01
9.890048000000000172e-01 0.000000000000000000e+00 3.959947000000000328e-01 1.244711000000000012e-01
9.892545000000000366e-01 0.000000000000000000e+00 3.957311000000000023e-01 1.242972999999999995e-01
9.895041999999999449e-01 0.000000000000000000e+00 3.954680999999999891e-01 1.241241000000000011e-01
9.897538999999999643e-01 0.000000000000000000e+00 3.952055999999999902e-01 1.239513000000000004e-01
9.900035999999999836e-01 0.000000000000000000e+00 3.949436999999999531e-01 1.237788999999999973e-01
9.902533999999999503e-01 0.000000000000000000e+00 3.946822999999999859e-01 1.236070999999999975e-01
9.905030999999999697e-01 0.000000000000000000e+00 3.944214999999999804e-01 1.234356999999999954e-01
9.907527999999999890e-01 0.000000000000000000e+00 3.941611999999999894e-01 1.232647999999999938e-01
9.910025000000000084e-01 0.000000000000000000e+00 3.939015000000000155e-01 1.230943000000000037e-01
9.912522000000000277e-01 0.000000000000000000e+00 3.936423000000000005e-01 1.229244000000000031e-01
9.915019000000000471e-01 0.000000000000000000e+00 3.933837000000000028e-01 1.227549000000000001e-01
9.917515999999999554e-01 0.000000000000000000e+00 3.931256000000000195e-01 1.225857999999999948e-01
9.920014000000000332e-01 0.000000000000000000e+00 3.928679999999999950e-01 1.224172000000000038e-01
9.922511000000000525e-01 0.000000000000000000e+00 3.926109999999999878e-01 1.222490999999999994e-01
9.925007999999999608e-01 0.000000000000000000e+00 3.923545999999999978e-01 1.220814000000000066e-01
9.927504999999999802e-01 0.000000000000000000e+00 3.920985999999999638e-01 1.219142000000000003e-01
9.930001999999999995e-01 0.000000000000000000e+00 3.918433000000000055e-01 1.217474000000000056e-01
9.932499000000000189e-01 0.000000000000000000e+00 3.915884000000000031e-01 1.215810999999999975e-01
9.934996000000000382e-01 0.000000000000000000e+00 3.913340999999999625e-01 1.214152000000000009e-01
9.937494000000000050e-01 0.000000000000000000e+00 3.910803000000000473e-01 1.212498000000000048e-01
9.939991000000000243e-01 0.000000000000000000e+00 3.908270999999999828e-01 1.210848999999999953e-01
9.942488000000000437e-01 0.000000000000000000e+00 3.905744000000000438e-01 1.209202999999999945e-01
9.944984999999999520e-01 0.000000000000000000e+00 3.903222000000000080e-01 1.207562999999999970e-01
9.947481999999999713e-01 0.000000000000000000e+00 3.900705999999999896e-01 1.205926999999999971e-01
9.949978999999999907e-01 0.000000000000000000e+00 3.898194999999999855e-01 1.204294999999999949e-01
9.952476000000000100e-01 0.000000000000000000e+00 3.895688999999999957e-01 1.202667000000000042e-01
9.954973000000000294e-01 0.000000000000000000e+00 3.893188999999999678e-01 1.201044000000000000e-01
9.957470999999999961e-01 0.000000000000000000e+00 3.890693999999999542e-01 1.199425999999999964e-01
9.959968000000000155e-01 0.000000000000000000e+00 3.888204000000000105e-01 1.197812000000000043e-01
9.962465000000000348e-01 0.000000000000000000e+00 3.885719000000000256e-01 1.196201999999999960e-01
9.964962000000000542e-01 0.000000000000000000e+00 3.883240000000000025e-01 1.194595999999999991e-01
9.967458999999999625e-01 0.000000000000000000e+00 3.880765999999999938e-01 1.192995000000000028e-01
9.969955999999999818e-01 0.000000000000000000e+00 3.878296999999999994e-01 1.191398000000000040e-01
9.972453000000000012e-01 0.000000000000000000e+00 3.875833000000000195e-01 1.189805000000000029e-01
9.974950999999999679e-01 0.000000000000000000e+00 3.873375000000000012e-01 1.188217000000000023e-01
9.977447999999999873e-01 0.000000000000000000e+00 3.870920999999999945e-01 1.186632999999999993e-01
9.979945000000000066e-01 0.000000000000000000e+00 3.868473000000000050e-01 1.185052999999999940e-01
9.982442000000000260e-01 0.000000000000000000e+00 3.866030000000000300e-01 1.183477000000000001e-01
9.984939000000000453e-01 0.000000000000000000e+00 3.863592000000000137e-01 1.181906000000000068e-01
9.987435999999999536e-01 0.000000000000000000e+00 3.861159999999999592e-01 1.180338999999999972e-01
9.989932999999999730e-01 0.000000000000000000e+00 3.858731999999999718e-01 1.178775999999999990e-01
9.992429999999999923e-01 0.000000000000000000e+00 3.856309999999999460e-01 1.177216999999999986e-01
