shot,campaign,case,path,ncscal,coordinate,replay,rhotTopPed,omt,omne,ip_error_rel,iterations,converged,amplitude,q_0.85,s_0.85,q_0.9,s_0.9,q_0.95,s_0.95,q_0.975,s_0.975,q0
DIIID153764,chease,omt0p7_omne0p7,C:\Users\joesc\git\cheaseBS_tests\data\lleppin_DIIID_chease_tests\DIIID153764\chease\omt0p7_omne0p7,1,rhot,jparallel,0.8,0.7,0.7,0.0005577224853430576,10,True,0.8282438250882507,2.2290989972737405,2.1912415810330357,2.557558923991923,2.678370063788702,3.0485200975381006,4.034899150542382,3.4434075721045545,5.282683096344276,0.88424827
DIIID153764,chease,omt0p7_omne0p8,C:\Users\joesc\git\cheaseBS_tests\data\lleppin_DIIID_chease_tests\DIIID153764\chease\omt0p7_omne0p8,1,rhot,jparallel,0.8,0.7,0.8,0.002395589526635481,12,False,0.8385742691596887,2.237903913886157,2.188950712095002,2.56729860921765,2.6759185825209957,3.0597893820866098,4.031679412169987,3.4520178576688516,5.162868162854779,0.88424827
DIIID153764,chease,omt0p7_omne0p9,C:\Users\joesc\git\cheaseBS_tests\data\lleppin_DIIID_chease_tests\DIIID153764\chease\omt0p7_omne0p9,1,rhot,jparallel,0.8,0.7,0.9,0.0005352946919098753,12,False,0.8325857902258607,2.2401643613132043,2.180672947769009,2.5689679106389334,2.671209459102901,3.060647229795348,4.021154853934721,3.4475252265143035,5.006125707684367,0.88424827
DIIID153764,chease,omt0p8_omne0p8,C:\Users\joesc\git\cheaseBS_tests\data\lleppin_DIIID_chease_tests\DIIID153764\chease\omt0p8_omne0p8,1,rhot,jparallel,0.8,0.8,0.8,0.001987393102494318,12,False,0.882697583433312,2.2537919693726733,2.169326694680197,2.5824895160503223,2.653578997085874,3.0726370562256045,3.982953111766865,3.4531086757555607,4.815771492189053,0.88424827
DIIID153764,chease,omt0p8_omne0p9,C:\Users\joesc\git\cheaseBS_tests\data\lleppin_DIIID_chease_tests\DIIID153764\chease\omt0p8_omne0p9,1,rhot,jparallel,0.8,0.8,0.9,0.0004975537466253612,11,True,0.8803246316022767,2.258723683274782,2.1629700601806174,2.5870885189205177,2.645726590039703,3.0766907186105588,3.9719799805086122,3.450933147510785,4.615305343310848,0.88424827
DIIID153764,chease,omt0p8_omne1p0,C:\Users\joesc\git\cheaseBS_tests\data\lleppin_DIIID_chease_tests\DIIID153764\chease\omt0p8_omne1p0,1,rhot,jparallel,0.8,0.8,1.0,0.00041997935191897867,11,True,0.8834881567189532,2.2667548306185514,2.1580382112985506,2.5954181158782674,2.6390477607912177,3.0853949035206782,3.9619676687036036,3.454019166091677,4.416236295453947,0.88424827
DIIID153764,chease,omt0p8_omne1p1,C:\Users\joesc\git\cheaseBS_tests\data\lleppin_DIIID_chease_tests\DIIID153764\chease\omt0p8_omne1p1,1,rhot,jparallel,0.8,0.8,1.1,0.0005043036982721032,10,True,0.8896028439552244,2.275949682478454,2.1535123879729303,2.6050903797719553,2.6321771973847676,3.0955835413442956,3.9501406252419815,3.457605253765347,4.190427960157313,0.88424827
DIIID153764,chease,omt0p9_omne0p9,C:\Users\joesc\git\cheaseBS_tests\data\lleppin_DIIID_chease_tests\DIIID153764\chease\omt0p9_omne0p9,1,rhot,jparallel,0.8,0.9,0.9,0.00024558232974732384,11,True,0.9330959789975339,2.278501121468453,2.14643268404971,2.6065693218934927,2.619021029072519,3.0935989404147177,3.912966474252548,3.453448400973195,4.189295788361634,0.88424827
DIIID153764,chease,omt0p9_omne1p0,C:\Users\joesc\git\cheaseBS_tests\data\lleppin_DIIID_chease_tests\DIIID153764\chease\omt0p9_omne1p0,1,rhot,jparallel,0.8,0.9,1.0,0.0007884615521937473,9,True,0.9444448739684281,2.2898133239128313,2.1428814915645216,2.618718147307069,2.6119925649046087,3.1065072949812746,3.8977686528781685,3.458997481559719,3.9368414078329166,0.88424827
DIIID153764,chease,omt0p9_omne1p1,C:\Users\joesc\git\cheaseBS_tests\data\lleppin_DIIID_chease_tests\DIIID153764\chease\omt0p9_omne1p1,1,rhot,jparallel,0.8,0.9,1.1,0.000430271003896032,10,True,0.940969228316312,2.2973195520057113,2.1378487561480752,2.626307312231509,2.6038006991965705,3.1138521865509214,3.8826136770070305,3.459129805573431,3.6908731847739653,0.88424827
DIIID153764,chease,omt1p0_omne1p0,C:\Users\joesc\git\cheaseBS_tests\data\lleppin_DIIID_chease_tests\DIIID153764\chease\omt1p0_omne1p0,1,rhot,jparallel,0.8,1.0,1.0,0.0009520753560599016,2,True,0.999533501828924,2.308664022848092,2.128258467861298,2.6373033493755282,2.5825815692648133,3.1187240434212478,3.8001239094300305,3.453237638664672,3.463886537824135,0.88424827
DIIID153764,chease,omt1p0_omne1p1,C:\Users\joesc\git\cheaseBS_tests\data\lleppin_DIIID_chease_tests\DIIID153764\chease\omt1p0_omne1p1,1,rhot,jparallel,0.8,1.0,1.1,0.0003707640626479174,5,True,1.011022946430922,2.319687918421587,2.127086681586863,2.649374808401417,2.57765111702602,3.132190374442694,3.7880781532456256,3.4590506505423133,3.2142741311993857,0.88424827
DIIID153764,chease,omt1p1_omne1p0,C:\Users\joesc\git\cheaseBS_tests\data\lleppin_DIIID_chease_tests\DIIID153764\chease\omt1p1_omne1p0,1,rhot,jparallel,0.8,1.1,1.0,0.0002259630313558972,8,True,1.0776845764735352,2.3353447293777387,2.1177478466904263,2.6648812618649558,2.5552358236088937,3.144466410722891,3.722663480516708,3.4602928558580106,2.9460596561364323,0.88424827
DIIID153764,chease,omt1p1_omne1p1,C:\Users\joesc\git\cheaseBS_tests\data\lleppin_DIIID_chease_tests\DIIID153764\chease\omt1p1_omne1p1,1,rhot,jparallel,0.8,1.1,1.1,9.517387191956738e-05,12,True,1.098409796634116,2.351105052964113,2.1170418153476533,2.6821132878042344,2.5467714621637643,3.1630367363849436,3.6987651152916845,3.4669039751491164,2.5648313674633085,0.88424827
DIIID153764,chease_fixedamp,omt0p7_omne0p7,C:\Users\joesc\git\cheaseBS_tests\data\lleppin_DIIID_chease_tests\DIIID153764\chease_fixedamp\omt0p7_omne0p7,1,rhot,jparallel,0.8,0.7,0.7,0.032831433273269185,12,False,1.0,2.3008452284841416,2.215484180726995,2.643419723743029,2.693693029074603,3.1539385318652284,4.058762321345267,3.567720774952427,5.409275446199289,0.88424827
DIIID153764,chease_fixedamp,omt0p7_omne0p8,C:\Users\joesc\git\cheaseBS_tests\data\lleppin_DIIID_chease_tests\DIIID153764\chease_fixedamp\omt0p7_omne0p8,1,rhot,jparallel,0.8,0.7,0.8,0.032373062017283134,12,False,1.0,2.304965469298465,2.2103754548056003,2.647031011952689,2.692031683062382,3.157719516233762,4.045330122032254,3.567303942526524,5.2949759716258535,0.88424827
DIIID153764,chease_fixedamp,omt0p7_omne0p9,C:\Users\joesc\git\cheaseBS_tests\data\lleppin_DIIID_chease_tests\DIIID153764\chease_fixedamp\omt0p7_omne0p9,1,rhot,jparallel,0.8,0.7,0.9,0.03192681861434558,12,False,1.0,2.3095335105824635,2.2055165456473724,2.65155408527969,2.687364453792194,3.1623396938519357,4.040368632035966,3.5682078826365284,5.169289842719666,0.88424827
DIIID153764,chease_fixedamp,omt0p8_omne0p8,C:\Users\joesc\git\cheaseBS_tests\data\lleppin_DIIID_chease_tests\DIIID153764\chease_fixedamp\omt0p8_omne0p8,1,rhot,jparallel,0.8,0.8,0.8,0.02377967224422941,12,False,1.0,2.3008724944140524,2.188218286379168,2.638787585208395,2.6664440871644093,3.1423557461682514,4.001292656915616,3.5365547484895825,4.94642720969182,0.88424827
DIIID153764,chease_fixedamp,omt0p8_omne0p9,C:\Users\joesc\git\cheaseBS_tests\data\lleppin_DIIID_chease_tests\DIIID153764\chease_fixedamp\omt0p8_omne0p9,1,rhot,jparallel,0.8,0.8,0.9,0.023009155094519375,12,False,1.0,2.306102662257257,2.1818475713452177,2.6440239781394785,2.6622842510167364,3.147462576819893,3.9900268602922275,3.536250292730217,4.777497830511479,0.88424827
DIIID153764,chease_fixedamp,omt0p8_omne1p0,C:\Users\joesc\git\cheaseBS_tests\data\lleppin_DIIID_chease_tests\DIIID153764\chease_fixedamp\omt0p8_omne1p0,1,rhot,jparallel,0.8,0.8,1.0,0.022234429984020893,12,False,1.0,2.311934082069972,2.177017900110121,2.6498762494039974,2.6561762112752176,3.1533148571530734,3.981274137946992,3.536429922544616,4.592676166243098,0.88424827
DIIID153764,chease_fixedamp,omt0p8_omne1p1,C:\Users\joesc\git\cheaseBS_tests\data\lleppin_DIIID_chease_tests\DIIID153764\chease_fixedamp\omt0p8_omne1p1,1,rhot,jparallel,0.8,0.8,1.1,0.021457875048149288,12,False,1.0,2.318269477498521,2.1723231337881503,2.6562954855387426,2.6498863101162278,3.1598059962813574,3.972075120534238,3.536735836487098,4.392437759023157,0.88424827
DIIID153764,chease_fixedamp,omt0p9_omne0p9,C:\Users\joesc\git\cheaseBS_tests\data\lleppin_DIIID_chease_tests\DIIID153764\chease_fixedamp\omt0p9_omne0p9,1,rhot,jparallel,0.8,0.9,0.9,0.012772339859803963,12,False,1.0,2.3036546427598985,2.1580335035398175,2.637024257415939,2.629992048050893,3.1319201319515706,3.9274095687609103,3.5004008678962593,4.302152170984276,0.88424827
DIIID153764,chease_fixedamp,omt0p9_omne1p0,C:\Users\joesc\git\cheaseBS_tests\data\lleppin_DIIID_chease_tests\DIIID153764\chease_fixedamp\omt0p9_omne1p0,1,rhot,jparallel,0.8,0.9,1.0,0.011567963463271075,12,False,1.0,2.3105251928215074,2.1532546609798704,2.6439559511625497,2.6224469526624206,3.1386240324380785,3.9134048439376934,3.4994049866327934,4.060850230422544,0.88424827
DIIID153764,chease_fixedamp,omt0p9_omne1p1,C:\Users\joesc\git\cheaseBS_tests\data\lleppin_DIIID_chease_tests\DIIID153764\chease_fixedamp\omt0p9_omne1p1,1,rhot,jparallel,0.8,0.9,1.1,0.010334943605164437,12,False,1.0,2.318002188742726,2.148713384774798,2.651586583131795,2.614767599573457,3.1460671415638664,3.8979220975664783,3.4984220723455537,3.7992768174089155,0.88424827
DIIID153764,chease_fixedamp,omt1p0_omne1p0,C:\Users\joesc\git\cheaseBS_tests\data\lleppin_DIIID_chease_tests\DIIID153764\chease_fixedamp\omt1p0_omne1p0,1,rhot,jparallel,0.8,1.0,1.0,0.000862607096427568,2,True,1.0,2.308827307184413,2.128348639562434,2.6375039849751554,2.582675846509081,3.1189781801507026,3.800252489421906,3.4535714255752876,3.4652785483071122,0.88424827
DIIID153764,chease_fixedamp,omt1p0_omne1p1,C:\Users\joesc\git\cheaseBS_tests\data\lleppin_DIIID_chease_tests\DIIID153764\chease_fixedamp\omt1p0_omne1p1,1,rhot,jparallel,0.8,1.0,1.1,0.0025412582904478526,12,False,1.0,2.3182236214653287,2.124347197242112,2.6471562185276105,2.5734123183979065,3.128755398486688,3.7802841764238737,3.452394511531202,3.131868254588383,0.88424827
DIIID153764,chease_fixedamp,omt1p1_omne1p0,C:\Users\joesc\git\cheaseBS_tests\data\lleppin_DIIID_chease_tests\DIIID153764\chease_fixedamp\omt1p1_omne1p0,1,rhot,jparallel,0.8,1.1,1.0,0.014957977645884165,12,False,1.0,2.310944072353423,2.101013592670861,2.634220757008993,2.535151011061334,3.1043758533437917,3.690844422162534,3.408336954493209,2.7159913858134783,0.88424827
DIIID153764,chease_fixedamp,omt1p1_omne1p1,C:\Users\joesc\git\cheaseBS_tests\data\lleppin_DIIID_chease_tests\DIIID153764\chease_fixedamp\omt1p1_omne1p1,1,rhot,jparallel,0.8,1.1,1.1,0.01745593920766705,12,False,1.0,2.3218207044832355,2.097573557128185,2.6454053059290215,2.523166439834813,3.1151105003068142,3.6611430775016496,3.405105977353112,2.2850829977128333,0.88424827
DIIID153764,chease_ncscal4,omt0p7_omne0p7,C:\Users\joesc\git\cheaseBS_tests\data\lleppin_DIIID_chease_tests\DIIID153764\chease_ncscal4\omt0p7_omne0p7,4,rhot,jparallel,0.8,0.7,0.7,0.0007408516637205948,11,True,1.0435236380444866,2.22373962508523,2.2094726071161834,2.553753347891776,2.684768220766278,3.045367950308232,4.0500794681461,3.445108105941173,5.426280097704502,0.8543131885
DIIID153764,chease_ncscal4,omt0p7_omne0p8,C:\Users\joesc\git\cheaseBS_tests\data\lleppin_DIIID_chease_tests\DIIID153764\chease_ncscal4\omt0p7_omne0p8,4,rhot,jparallel,0.8,0.7,0.8,0.0006681463897021736,11,True,1.0429286997441403,2.22842173115406,2.2045473588197115,2.5580809158468214,2.6834551523353958,3.05006354175142,4.036823006947637,3.4460562142976605,5.316644620294639,0.8546823143
DIIID153764,chease_ncscal4,omt0p7_omne0p9,C:\Users\joesc\git\cheaseBS_tests\data\lleppin_DIIID_chease_tests\DIIID153764\chease_ncscal4\omt0p7_omne0p9,4,rhot,jparallel,0.8,0.7,0.9,0.0006257142057083997,11,True,1.0423278761596424,2.233582631314357,2.1999789449986467,2.5633440010044466,2.679010604830945,3.055635575596739,4.032293490820576,3.4483921636811243,5.195777487098639,0.855056409
DIIID153764,chease_ncscal4,omt0p8_omne0p8,C:\Users\joesc\git\cheaseBS_tests\data\lleppin_DIIID_chease_tests\DIIID153764\chease_ncscal4\omt0p8_omne0p8,4,rhot,jparallel,0.8,0.8,0.8,0.0004656108612517743,11,True,1.0319180555758085,2.244147636016044,2.184707118207236,2.573076410090701,2.66095243517213,3.0631834677629084,3.9976591519191387,3.44829668974251,4.970883507747231,0.8621564605
DIIID153764,chease_ncscal4,omt0p8_omne0p9,C:\Users\joesc\git\cheaseBS_tests\data\lleppin_DIIID_chease_tests\DIIID153764\chease_ncscal4\omt0p8_omne0p9,4,rhot,jparallel,0.8,0.8,0.9,0.00043406836972278306,11,True,1.0308321316386109,2.2508193316491654,2.178572587501876,2.580024949344306,2.6571168939729786,3.0704192859759964,3.98702218815442,3.4507317530085606,4.805833087039291,0.8628498683
DIIID153764,chease_ncscal4,omt0p8_omne1p0,C:\Users\joesc\git\cheaseBS_tests\data\lleppin_DIIID_chease_tests\DIIID153764\chease_ncscal4\omt0p8_omne1p0,4,rhot,jparallel,0.8,0.8,1.0,0.0004065891106339364,11,True,1.029740284424113,2.258112207612151,2.1739784587378654,2.5876072196528503,2.6512765281777244,3.07842247468347,3.9790103407027337,3.4536863564387548,4.624712436647847,0.8635540665
DIIID153764,chease_ncscal4,omt0p8_omne1p1,C:\Users\joesc\git\cheaseBS_tests\data\lleppin_DIIID_chease_tests\DIIID153764\chease_ncscal4\omt0p8_omne1p1,4,rhot,jparallel,0.8,0.8,1.1,0.00038232384098976975,11,True,1.0286497121612996,2.2659103277609405,2.1694924404133005,2.5957641690734348,2.64533843998235,3.087067978055959,3.970397204269551,3.4567688718687,4.428114047594117,0.8642654863
DIIID153764,chease_ncscal4,omt0p9_omne0p9,C:\Users\joesc\git\cheaseBS_tests\data\lleppin_DIIID_chease_tests\DIIID153764\chease_ncscal4\omt0p9_omne0p9,4,rhot,jparallel,0.8,0.9,0.9,0.00045582671484851984,10,True,1.0165444772408556,2.2735709027395337,2.156162577769397,2.602243711624474,2.6270735669466077,3.0902055728466244,3.928016497979442,3.4546156751819557,4.3103544570182475,0.8727241212
DIIID153764,chease_ncscal4,omt0p9_omne1p0,C:\Users\joesc\git\cheaseBS_tests\data\lleppin_DIIID_chease_tests\DIIID153764\chease_ncscal4\omt0p9_omne1p0,4,rhot,jparallel,0.8,0.9,1.0,0.00044150115864278696,10,True,1.0148221512411875,2.283081334838235,2.1515837582565873,2.6122488081050927,2.619874409804662,3.1006512557473895,3.9147609246006763,3.4580215352086436,4.069878569317652,0.8738692253
DIIID153764,chease_ncscal4,omt0p9_omne1p1,C:\Users\joesc\git\cheaseBS_tests\data\lleppin_DIIID_chease_tests\DIIID153764\chease_ncscal4\omt0p9_omne1p1,4,rhot,jparallel,0.8,0.9,1.1,0.0004349341895335204,10,True,1.0130344844950776,2.293325795428662,2.147210971853172,2.623091999476317,2.612509541642051,3.1119948749618835,3.90002702153855,3.461576220371605,3.8081258884541915,0.8750704758
DIIID153764,chease_ncscal4,omt1p0_omne1p0,C:\Users\joesc\git\cheaseBS_tests\data\lleppin_DIIID_chease_tests\DIIID153764\chease_ncscal4\omt1p0_omne1p0,4,rhot,jparallel,0.8,1.0,1.0,0.00035077178591374564,2,True,0.9996959246059862,2.310090136934315,2.128419429982282,2.6389615360308833,2.5827452545866474,3.1207653122955863,3.8017842488948563,3.4555701731700026,3.45728872354066,0.8846588084
DIIID153764,chease_ncscal4,omt1p0_omne1p1,C:\Users\joesc\git\cheaseBS_tests\data\lleppin_DIIID_chease_tests\DIIID153764\chease_ncscal4\omt1p0_omne1p1,4,rhot,jparallel,0.8,1.0,1.1,0.0002261594028593374,6,True,0.9974130260158031,2.322576672285052,2.124812381864038,2.6522879924511904,2.5747604470038623,3.135257260765426,3.7876439031717597,3.4604732024728895,3.131541396896083,0.886266446
DIIID153764,chease_ncscal4,omt1p1_omne1p0,C:\Users\joesc\git\cheaseBS_tests\data\lleppin_DIIID_chease_tests\DIIID153764\chease_ncscal4\omt1p1_omne1p0,4,rhot,jparallel,0.8,1.1,1.0,0.0005011847067302066,10,True,0.9803950743920918,2.3485766462994087,2.101030079560551,2.677142216820229,2.535312319014305,3.1551651540125834,3.6943180203202974,3.4616960521996916,2.610715430446683,0.8988085599
DIIID153764,chease_ncscal4,omt1p1_omne1p1,C:\Users\joesc\git\cheaseBS_tests\data\lleppin_DIIID_chease_tests\DIIID153764\chease_ncscal4\omt1p1_omne1p1,4,rhot,jparallel,0.8,1.1,1.1,0.0006349162508691281,10,True,0.9769352233547707,2.3661105225612653,2.097632258648516,2.6958578084413234,2.522812764931168,3.1746082974468752,3.6631645727719016,3.4668756097529823,2.1566370523785947,0.9013103608
DIIID153764,chease_rhotTopPed0p3,omt0p7_omne0p7,C:\Users\joesc\git\cheaseBS_tests\data\lleppin_DIIID_chease_tests\DIIID153764\chease_rhotTopPed0p3\omt0p7_omne0p7,1,rhot,jparallel,0.3,0.7,0.7,0.0036470192131918253,12,False,0.37593554323173417,2.2891746953879677,2.1443597740743954,2.6174583291088735,2.6044503064137694,3.104489015687454,3.9080258787527145,3.4498620145499097,3.638374807176861,0.8843931147
DIIID153764,chease_rhotTopPed0p3,omt0p7_omne0p8,C:\Users\joesc\git\cheaseBS_tests\data\lleppin_DIIID_chease_tests\DIIID153764\chease_rhotTopPed0p3\omt0p7_omne0p8,1,rhot,jparallel,0.3,0.7,0.8,0.007747421336125969,12,False,0.4221833648657239,2.29886320585177,2.1443042746403305,2.628661785265342,2.6064217429095438,3.118451724032503,3.9138939145860423,3.4663565040065856,3.6705720914842206,0.8843835175
DIIID153764,chease_rhotTopPed0p3,omt0p7_omne0p9,C:\Users\joesc\git\cheaseBS_tests\data\lleppin_DIIID_chease_tests\DIIID153764\chease_rhotTopPed0p3\omt0p7_omne0p9,1,rhot,jparallel,0.3,0.7,0.9,0.004651248417806745,12,False,0.45337552928446073,2.2954935084579717,2.140693308223119,2.6244113938014677,2.604799484075215,3.113309581541584,3.913524719993751,3.4581987900682023,3.6027439792760307,0.8843635736
DIIID153764,chease_rhotTopPed0p3,omt0p8_omne0p8,C:\Users\joesc\git\cheaseBS_tests\data\lleppin_DIIID_chease_tests\DIIID153764\chease_rhotTopPed0p3\omt0p8_omne0p8,1,rhot,jparallel,0.3,0.8,0.8,0.0035520761415457885,12,False,0.5228807152609799,2.2980998440620275,2.1325680385469856,2.625771711189584,2.590458914972743,3.110880408698357,3.872772624391671,3.4514350599116668,3.553508880250132,0.8843638913
DIIID153764,chease_rhotTopPed0p3,omt0p8_omne0p9,C:\Users\joesc\git\cheaseBS_tests\data\lleppin_DIIID_chease_tests\DIIID153764\chease_rhotTopPed0p3\omt0p8_omne0p9,1,rhot,jparallel,0.3,0.8,0.9,0.004048281428009523,12,False,0.5748289862207121,2.300486582654861,2.1327861366702243,2.6288982275296107,2.592004349828181,3.11243719497194,3.8489127795817137,3.452335764611773,3.5730179294118067,0.8843418502
DIIID153764,chease_rhotTopPed0p3,omt0p8_omne1p0,C:\Users\joesc\git\cheaseBS_tests\data\lleppin_DIIID_chease_tests\DIIID153764\chease_rhotTopPed0p3\omt0p8_omne1p0,1,rhot,jparallel,0.3,0.8,1.0,0.0014352825066755528,12,False,0.6187311520622365,2.2988818786929763,2.1302032126955233,2.6268333745428643,2.5918399771046587,3.110255660373799,3.851345604345844,3.447826024116037,3.505073740744299,0.8843180028
DIIID153764,chease_rhotTopPed0p3,omt0p8_omne1p1,C:\Users\joesc\git\cheaseBS_tests\data\lleppin_DIIID_chease_tests\DIIID153764\chease_rhotTopPed0p3\omt0p8_omne1p1,1,rhot,jparallel,0.3,0.8,1.1,0.09087087114887436,12,False,0.45596574333234074,2.1458457861289726,2.0587774400471615,2.4415835648589512,2.518506393931378,2.87956819643028,3.7577195983051817,3.1448773214343086,2.1200770139083254,0.8843042814
DIIID153764,chease_rhotTopPed0p3,omt0p9_omne0p9,C:\Users\joesc\git\cheaseBS_tests\data\lleppin_DIIID_chease_tests\DIIID153764\chease_rhotTopPed0p3\omt0p9_omne0p9,1,rhot,jparallel,0.3,0.9,0.9,0.01196163349671436,12,False,0.7635860149994033,2.323343483074759,2.13461518161582,2.6548651798905323,2.59125183480262,3.1447389593813213,3.857991002931243,3.4902092433798018,3.628006701550319,0.8843093091
DIIID153764,chease_rhotTopPed0p3,omt0p9_omne1p0,C:\Users\joesc\git\cheaseBS_tests\data\lleppin_DIIID_chease_tests\DIIID153764\chease_rhotTopPed0p3\omt0p9_omne1p0,1,rhot,jparallel,0.3,0.9,1.0,0.0016194961913109382,12,False,0.7878678889272154,2.3064803743357984,2.127089339049794,2.634838231272167,2.5851407666588737,3.117402158900211,3.823608692458656,3.454964981584626,3.516359016174931,0.884279723
DIIID153764,chease_rhotTopPed0p3,omt0p9_omne1p1,C:\Users\joesc\git\cheaseBS_tests\data\lleppin_DIIID_chease_tests\DIIID153764\chease_rhotTopPed0p3\omt0p9_omne1p1,1,rhot,jparallel,0.3,0.9,1.1,0.00025285827649275183,10,True,0.8538652017259214,2.3072388722271158,2.126829854372707,2.6358304617264863,2.5871972450366134,3.1191713230463285,3.8271040355276233,3.4552657414687498,3.454851239551738,0.8842597385
DIIID153764,chease_rhotTopPed0p3,omt1p0_omne1p0,C:\Users\joesc\git\cheaseBS_tests\data\lleppin_DIIID_chease_tests\DIIID153764\chease_rhotTopPed0p3\omt1p0_omne1p0,1,rhot,jparallel,0.3,1.0,1.0,0.0009512841319175946,2,True,0.9995291070226762,2.3086660278387083,2.128257583547274,2.6373055058413364,2.582580696115185,3.1187264146735147,3.800122812936266,3.453240239747867,3.463884576738407,0.8842507035
DIIID153764,chease_rhotTopPed0p3,omt1p0_omne1p1,C:\Users\joesc\git\cheaseBS_tests\data\lleppin_DIIID_chease_tests\DIIID153764\chease_rhotTopPed0p3\omt1p0_omne1p1,1,rhot,jparallel,0.3,1.0,1.1,0.0007502411544073544,10,True,1.092056703644385,2.3138808543327434,2.1321399296906116,2.644035716526831,2.589100822520884,3.1279637981312227,3.806055715584243,3.463374350414455,3.453625794395922,0.8842477464
DIIID153764,chease_rhotTopPed0p3,omt1p1_omne1p0,C:\Users\joesc\git\cheaseBS_tests\data\lleppin_DIIID_chease_tests\DIIID153764\chease_rhotTopPed0p3\omt1p1_omne1p0,1,rhot,jparallel,0.3,1.1,1.0,0.00045295318768596055,12,True,1.2907027200874215,2.3157748742303372,2.1395368655892297,2.646985923230209,2.590918421144733,3.1302876284640537,3.7848189625456317,3.467031007358994,3.544038870596483,0.8842527153
DIIID153764,chease_rhotTopPed0p3,omt1p1_omne1p1,C:\Users\joesc\git\cheaseBS_tests\data\lleppin_DIIID_chease_tests\DIIID153764\chease_rhotTopPed0p3\omt1p1_omne1p1,1,rhot,jparallel,0.3,1.1,1.1,0.0007636205570055219,12,True,1.4150857836174795,2.321044261952446,2.1457397054362937,2.6541351972565748,2.599514842720907,3.14049168159143,3.7959421272916463,3.4781533977385166,3.508663668960785,0.884281325
DIIID153764,chease_rhotTopPed0p3_fixedamp,omt0p7_omne0p7,C:\Users\joesc\git\cheaseBS_tests\data\lleppin_DIIID_chease_tests\DIIID153764\chease_rhotTopPed0p3_fixedamp\omt0p7_omne0p7,1,rhot,jparallel,0.3,0.7,0.7,0.1141288748433108,12,False,1.0,2.513847223022195,2.2091360767018684,2.884668693411066,2.661766140742282,3.4356299657452958,4.0033945480779884,3.8746565297952427,5.155297466897028,0.8845025093
DIIID153764,chease_rhotTopPed0p3_fixedamp,omt0p7_omne0p8,C:\Users\joesc\git\cheaseBS_tests\data\lleppin_DIIID_chease_tests\DIIID153764\chease_rhotTopPed0p3_fixedamp\omt0p7_omne0p8,1,rhot,jparallel,0.3,0.7,0.8,0.10810439986420271,12,False,1.0,2.5030310517976355,2.208424797123463,2.8723053060172545,2.663285349920846,3.421077773381423,4.004490081063838,3.854374664683146,5.048622461111607,0.8844689486
DIIID153764,chease_rhotTopPed0p3_fixedamp,omt0p7_omne0p9,C:\Users\joesc\git\cheaseBS_tests\data\lleppin_DIIID_chease_tests\DIIID153764\chease_rhotTopPed0p3_fixedamp\omt0p7_omne0p9,1,rhot,jparallel,0.3,0.7,0.9,0.10165793336283496,12,False,1.0,2.4914090657567756,2.205831694360109,2.8588101882657533,2.669264276624165,3.4052036983410456,3.997038966420513,3.8317383934147946,4.936137124281584,0.8844327312
DIIID153764,chease_rhotTopPed0p3_fixedamp,omt0p8_omne0p8,C:\Users\joesc\git\cheaseBS_tests\data\lleppin_DIIID_chease_tests\DIIID153764\chease_rhotTopPed0p3_fixedamp\omt0p8_omne0p8,1,rhot,jparallel,0.3,0.8,0.8,0.08881934234826454,12,False,1.0,2.4677809903842345,2.195623178828743,2.829640485728651,2.654047162041311,3.366840148544016,3.969590716632638,3.77907493002778,4.703498566400765,0.8844159339
DIIID153764,chease_rhotTopPed0p3_fixedamp,omt0p8_omne0p9,C:\Users\joesc\git\cheaseBS_tests\data\lleppin_DIIID_chease_tests\DIIID153764\chease_rhotTopPed0p3_fixedamp\omt0p8_omne0p9,1,rhot,jparallel,0.3,0.8,0.9,0.08014670328459642,12,False,1.0,2.452588814499954,2.1923424342187077,2.8118632468688687,2.6524299462147547,3.3453280434107318,3.966900214881008,3.7493654401960708,4.55418146436217,0.8843742026
DIIID153764,chease_rhotTopPed0p3_fixedamp,omt0p8_omne1p0,C:\Users\joesc\git\cheaseBS_tests\data\lleppin_DIIID_chease_tests\DIIID153764\chease_rhotTopPed0p3_fixedamp\omt0p8_omne1p0,1,rhot,jparallel,0.3,0.8,1.0,0.07084331448880975,12,False,1.0,2.4364811762287073,2.1876648868389,2.793023170743243,2.651388018914063,3.3224262268479765,3.962078796859303,3.7177653119392438,4.396814651387434,0.8843352073
DIIID153764,chease_rhotTopPed0p3_fixedamp,omt0p8_omne1p1,C:\Users\joesc\git\cheaseBS_tests\data\lleppin_DIIID_chease_tests\DIIID153764\chease_rhotTopPed0p3_fixedamp\omt0p8_omne1p1,1,rhot,jparallel,0.3,0.8,1.1,0.06086112742439743,12,False,1.0,2.419651757889943,2.183182655297094,2.773167432368598,2.6486268565681463,3.2982851659256363,3.958881594309108,3.684713246198406,4.230021992017713,0.8843000093
DIIID153764,chease_rhotTopPed0p3_fixedamp,omt0p9_omne0p9,C:\Users\joesc\git\cheaseBS_tests\data\lleppin_DIIID_chease_tests\DIIID153764\chease_rhotTopPed0p3_fixedamp\omt0p9_omne0p9,1,rhot,jparallel,0.3,0.9,0.9,0.05210533523012903,12,False,1.0,2.401807177887369,2.170494802025124,2.7502510343261473,2.6292570884409106,3.2659448894156897,3.9159018270813686,3.643013725859443,4.125130793132374,0.8843143207
DIIID153764,chease_rhotTopPed0p3_fixedamp,omt0p9_omne1p0,C:\Users\joesc\git\cheaseBS_tests\data\lleppin_DIIID_chease_tests\DIIID153764\chease_rhotTopPed0p3_fixedamp\omt0p9_omne1p0,1,rhot,jparallel,0.3,0.9,1.0,0.03975329350715212,12,False,1.0,2.381078105229104,2.1626057197551525,2.7254432285072756,2.622873471940573,3.235066140808962,3.9046262060036403,3.6015149709773095,3.930340642683036,0.8842823701
DIIID153764,chease_rhotTopPed0p3_fixedamp,omt0p9_omne1p1,C:\Users\joesc\git\cheaseBS_tests\data\lleppin_DIIID_chease_tests\DIIID153764\chease_rhotTopPed0p3_fixedamp\omt0p9_omne1p1,1,rhot,jparallel,0.3,0.9,1.1,0.026483255172374345,12,False,1.0,2.3593358595616087,2.1535115255975006,2.6992990329747837,2.6153396416672066,3.2024726938199164,3.8918934882512426,3.5579730183280573,3.7259568365160054,0.8842593093
DIIID153764,chease_rhotTopPed0p3_fixedamp,omt1p0_omne1p0,C:\Users\joesc\git\cheaseBS_tests\data\lleppin_DIIID_chease_tests\DIIID153764\chease_rhotTopPed0p3_fixedamp\omt1p0_omne1p0,1,rhot,jparallel,0.3,1.0,1.0,0.0008590035518250186,2,True,1.0,2.308835553996461,2.12834994951828,2.6375135970738306,2.582677176733604,3.1189897947623773,3.8002542854566252,3.45358499417476,3.4652927843604706,0.8842505327
DIIID153764,chease_rhotTopPed0p3_fixedamp,omt1p0_omne1p1,C:\Users\joesc\git\cheaseBS_tests\data\lleppin_DIIID_chease_tests\DIIID153764\chease_rhotTopPed0p3_fixedamp\omt1p0_omne1p1,1,rhot,jparallel,0.3,1.0,1.1,0.018170972481670628,12,False,1.0,2.2821330483595452,2.1130112826853718,2.6047670778147713,2.569174896513811,3.0780204746599416,3.7803671602819584,3.4001463676214136,3.221530266359263,0.884247211
DIIID153764,chease_rhotTopPed0p3_fixedamp,omt1p1_omne1p0,C:\Users\joesc\git\cheaseBS_tests\data\lleppin_DIIID_chease_tests\DIIID153764\chease_rhotTopPed0p3_fixedamp\omt1p1_omne1p0,1,rhot,jparallel,0.3,1.1,1.0,0.05361338804294426,12,False,1.0,2.220485443783447,2.081098098671205,2.5292320299517663,2.529425998114738,2.980226806083083,3.700982959966246,3.2810027444297556,2.9261739677379333,0.8842512736
DIIID153764,chease_rhotTopPed0p3_fixedamp,omt1p1_omne1p1,C:\Users\joesc\git\cheaseBS_tests\data\lleppin_DIIID_chease_tests\DIIID153764\chease_rhotTopPed0p3_fixedamp\omt1p1_omne1p1,1,rhot,jparallel,0.3,1.1,1.1,0.0763511181903463,12,False,1.0,2.187571528555146,2.057821035161514,2.4884594972348895,2.5072211659472305,2.928477853065255,3.6719605495368786,3.2162963144087904,2.614523822391845,0.8842744964
DIIID153764,chease_rhotTopPed0p3_fixedamp_ncscal4,omt0p7_omne0p7,C:\Users\joesc\git\cheaseBS_tests\data\lleppin_DIIID_chease_tests\DIIID153764\chease_rhotTopPed0p3_fixedamp_ncscal4\omt0p7_omne0p7,4,rhot,jparallel,0.3,0.7,0.7,0.10576622477467769,12,False,1.0,2.489816011895482,2.207629244341198,2.8568173137232864,2.6598166079640038,3.4020192629347146,4.001269600934888,3.8367167300570437,5.159335655884201,0.8767254589
DIIID153764,chease_rhotTopPed0p3_fixedamp_ncscal4,omt0p7_omne0p8,C:\Users\joesc\git\cheaseBS_tests\data\lleppin_DIIID_chease_tests\DIIID153764\chease_rhotTopPed0p3_fixedamp_ncscal4\omt0p7_omne0p8,4,rhot,jparallel,0.3,0.7,0.8,0.09942756176572355,12,False,1.0,2.4783198722313102,2.2067624935318477,2.8436470627843087,2.6611501569333216,3.3864715887466033,4.002220352236344,3.8153641422057984,5.053081572641745,0.8765270568
DIIID153764,chease_rhotTopPed0p3_fixedamp_ncscal4,omt0p7_omne0p9,C:\Users\joesc\git\cheaseBS_tests\data\lleppin_DIIID_chease_tests\DIIID153764\chease_rhotTopPed0p3_fixedamp_ncscal4\omt0p7_omne0p9,4,rhot,jparallel,0.3,0.7,0.9,0.09264247173372475,12,False,1.0,2.465977942096403,2.2039852244465457,2.829295490304518,2.6669385558009737,3.3695415537264877,3.994430392931816,3.7915847018146467,4.941057649626599,0.8763177701
DIIID153764,chease_rhotTopPed0p3_fixedamp_ncscal4,omt0p8_omne0p8,C:\Users\joesc\git\cheaseBS_tests\data\lleppin_DIIID_chease_tests\DIIID153764\chease_rhotTopPed0p3_fixedamp_ncscal4\omt0p8_omne0p8,4,rhot,jparallel,0.3,0.8,0.8,0.07929535312084814,12,False,1.0,2.44146399879098,2.193832193567595,2.7991234922797044,2.65158865690961,3.330037279870738,3.9671064081934997,3.7378191472558986,4.710997790738025,0.8759405333
DIIID153764,chease_rhotTopPed0p3_fixedamp_ncscal4,omt0p8_omne0p9,C:\Users\joesc\git\cheaseBS_tests\data\lleppin_DIIID_chease_tests\DIIID153764\chease_rhotTopPed0p3_fixedamp_ncscal4\omt0p8_omne0p9,4,rhot,jparallel,0.3,0.8,0.9,0.07082559387333147,12,False,1.0,2.427141950659477,2.1904094487796977,2.7823433343723796,2.6499754386183016,3.3097056256596895,3.9643185927587434,3.709511150181797,4.562022228174753,0.8762084289
DIIID153764,chease_rhotTopPed0p3_fixedamp_ncscal4,omt0p8_omne1p0,C:\Users\joesc\git\cheaseBS_tests\data\lleppin_DIIID_chease_tests\DIIID153764\chease_rhotTopPed0p3_fixedamp_ncscal4\omt0p8_omne1p0,4,rhot,jparallel,0.3,0.8,1.0,0.0617480731109979,12,False,1.0,2.411969427531581,2.1856550517078728,2.7645682878748388,2.6488945337713576,3.2880727426051344,3.959441761127537,3.6794125465041545,4.404934695223154,0.8764924012
DIIID153764,chease_rhotTopPed0p3_fixedamp_ncscal4,omt0p8_omne1p1,C:\Users\joesc\git\cheaseBS_tests\data\lleppin_DIIID_chease_tests\DIIID153764\chease_rhotTopPed0p3_fixedamp_ncscal4\omt0p8_omne1p1,4,rhot,jparallel,0.3,0.8,1.1,0.05202407568188343,12,False,1.0,2.3961556660811323,2.181113251111507,2.7458747994853834,2.646070451959943,3.265318896887477,3.9562268472290674,3.6479920934942753,4.2383315275296995,0.8767972262
DIIID153764,chease_rhotTopPed0p3_fixedamp_ncscal4,omt0p9_omne0p9,C:\Users\joesc\git\cheaseBS_tests\data\lleppin_DIIID_chease_tests\DIIID153764\chease_rhotTopPed0p3_fixedamp_ncscal4\omt0p9_omne0p9,4,rhot,jparallel,0.3,0.9,0.9,0.04466708998752201,12,False,1.0,2.3823118392822282,2.16893580931725,2.727655349018814,2.6273290751959406,3.2387357053857624,3.913852248352675,3.612813213356702,4.133570279678845,0.8779516638
DIIID153764,chease_rhotTopPed0p3_fixedamp_ncscal4,omt0p9_omne1p0,C:\Users\joesc\git\cheaseBS_tests\data\lleppin_DIIID_chease_tests\DIIID153764\chease_rhotTopPed0p3_fixedamp_ncscal4\omt0p9_omne1p0,4,rhot,jparallel,0.3,0.9,1.0,0.03340321608577421,12,False,1.0,2.3647064946123355,2.161218508679581,2.70646477467155,2.6211773457891216,3.212207183095537,3.902861075695451,3.5762148259065416,3.9379587564101053,0.8789334288
DIIID153764,chease_rhotTopPed0p3_fixedamp_ncscal4,omt0p9_omne1p1,C:\Users\joesc\git\cheaseBS_tests\data\lleppin_DIIID_chease_tests\DIIID153764\chease_rhotTopPed0p3_fixedamp_ncscal4\omt0p9_omne1p1,4,rhot,jparallel,0.3,0.9,1.1,0.021317130873599096,12,False,1.0,2.346242185259742,2.152329354712094,2.6841173953893764,2.6139015977003295,3.1841932068701504,3.8904524230500663,3.537795291453683,3.7324950162322263,0.8799689969
DIIID153764,chease_rhotTopPed0p3_fixedamp_ncscal4,omt1p0_omne1p0,C:\Users\joesc\git\cheaseBS_tests\data\lleppin_DIIID_chease_tests\DIIID153764\chease_rhotTopPed0p3_fixedamp_ncscal4\omt1p0_omne1p0,4,rhot,jparallel,0.3,1.0,1.0,0.0005621606088354132,2,True,1.0,2.3095457243533195,2.128433647754728,2.6383384242017214,2.582772790626548,3.119983088305505,3.8003604792083086,3.4546895380863245,3.4652438328839836,0.8844685071
DIIID153764,chease_rhotTopPed0p3_fixedamp_ncscal4,omt1p0_omne1p1,C:\Users\joesc\git\cheaseBS_tests\data\lleppin_DIIID_chease_tests\DIIID153764\chease_rhotTopPed0p3_fixedamp_ncscal4\omt1p0_omne1p1,4,rhot,jparallel,0.3,1.0,1.1,0.015374000239522281,12,False,1.0,2.288806503590829,2.1136247581863232,2.612484511751023,2.569899673482151,3.087272922665261,3.7810578473162737,3.410269529273368,3.217238328509183,0.886513621
DIIID153764,chease_rhotTopPed0p3_fixedamp_ncscal4,omt1p1_omne1p0,C:\Users\joesc\git\cheaseBS_tests\data\lleppin_DIIID_chease_tests\DIIID153764\chease_rhotTopPed0p3_fixedamp_ncscal4\omt1p1_omne1p0,4,rhot,jparallel,0.3,1.1,1.0,0.04082110946227057,12,False,1.0,2.2496343534171572,2.083555515392275,2.5628238442506093,2.5322667162288943,3.0202994282625113,3.7032067957574992,3.3245861303440725,2.9039538262006843,0.8945691917
DIIID153764,chease_rhotTopPed0p3_fixedamp_ncscal4,omt1p1_omne1p1,C:\Users\joesc\git\cheaseBS_tests\data\lleppin_DIIID_chease_tests\DIIID153764\chease_rhotTopPed0p3_fixedamp_ncscal4\omt1p1_omne1p1,4,rhot,jparallel,0.3,1.1,1.1,0.05901850411227435,12,False,1.0,2.226007986412416,2.061240703112068,2.5327087666046735,2.511041831509952,2.981189569051601,3.674594269364953,3.2734385824615964,2.5838266149518194,0.8980684225
DIIID153764,chease_rhotTopPed0p3_ncscal4,omt0p7_omne0p7,C:\Users\joesc\git\cheaseBS_tests\data\lleppin_DIIID_chease_tests\DIIID153764\chease_rhotTopPed0p3_ncscal4\omt0p7_omne0p7,4,rhot,jparallel,0.3,0.7,0.7,0.00048348194320660203,12,False,1.1564178141571118,2.2177214533062446,2.192881532503311,2.5421139439842544,2.6383488246754103,3.0231817369377487,3.9800697548115185,3.4125737513402905,5.307898360400885,0.7903701409
DIIID153764,chease_rhotTopPed0p3_ncscal4,omt0p7_omne0p8,C:\Users\joesc\git\cheaseBS_tests\data\lleppin_DIIID_chease_tests\DIIID153764\chease_rhotTopPed0p3_ncscal4\omt0p7_omne0p8,4,rhot,jparallel,0.3,0.7,0.8,0.00046633832841222895,12,False,1.1471917722170826,2.222769508268493,2.1926808871284016,2.548009286652679,2.6405070634120347,3.0305281339235375,3.982343842501103,3.417818305546474,5.207713205866877,0.7946740813
DIIID153764,chease_rhotTopPed0p3_ncscal4,omt0p7_omne0p9,C:\Users\joesc\git\cheaseBS_tests\data\lleppin_DIIID_chease_tests\DIIID153764\chease_rhotTopPed0p3_ncscal4\omt0p7_omne0p9,4,rhot,jparallel,0.3,0.7,0.9,0.0003518805198244334,12,False,1.137968309860232,2.227894906389728,2.1925233124818027,2.553998163185706,2.642838908326208,3.03803183098473,3.9842841689959636,3.4230191258068356,5.102662793080905,0.7989555134
DIIID153764,chease_rhotTopPed0p3_ncscal4,omt0p8_omne0p8,C:\Users\joesc\git\cheaseBS_tests\data\lleppin_DIIID_chease_tests\DIIID153764\chease_rhotTopPed0p3_ncscal4\omt0p8_omne0p8,4,rhot,jparallel,0.3,0.8,0.8,0.00035433898903659014,12,False,1.1182409820206654,2.2383016674685656,2.183716460841625,2.5643919780673983,2.636942545776244,3.0481519850622174,3.9549252615889157,3.4258596499473106,4.8783622855177375,0.8087090273
DIIID153764,chease_rhotTopPed0p3_ncscal4,omt0p8_omne0p9,C:\Users\joesc\git\cheaseBS_tests\data\lleppin_DIIID_chease_tests\DIIID153764\chease_rhotTopPed0p3_ncscal4\omt0p8_omne0p9,4,rhot,jparallel,0.3,0.8,0.9,0.0002201452067806865,12,False,1.10684482754604,2.245149462226733,2.1818738414850594,2.572151673823345,2.637159085985782,3.0574203165247167,3.954813056556766,3.4316024620167087,4.733677472234264,0.8146758145
DIIID153764,chease_rhotTopPed0p3_ncscal4,omt0p8_omne1p0,C:\Users\joesc\git\cheaseBS_tests\data\lleppin_DIIID_chease_tests\DIIID153764\chease_rhotTopPed0p3_ncscal4\omt0p8_omne1p0,4,rhot,jparallel,0.3,0.8,1.0,0.0002504584637035251,12,True,1.0937324591323407,2.2533384215818737,2.179373753629428,2.581363978209964,2.6369345905039925,3.06833895646022,3.9541686350398115,3.438572237894574,4.570399353223402,0.8217593188
DIIID153764,chease_rhotTopPed0p3_ncscal4,omt0p8_omne1p1,C:\Users\joesc\git\cheaseBS_tests\data\lleppin_DIIID_chease_tests\DIIID153764\chease_rhotTopPed0p3_ncscal4\omt0p8_omne1p1,4,rhot,jparallel,0.3,0.8,1.1,0.0004893673501823001,12,True,1.0789993786507526,2.262918749187145,2.1754255105599354,2.5921272891051945,2.6373438264110964,3.0809846874064153,3.9511759436171463,3.4467899525698535,4.390360214510323,0.8299575434
DIIID153764,chease_rhotTopPed0p3_ncscal4,omt0p9_omne0p9,C:\Users\joesc\git\cheaseBS_tests\data\lleppin_DIIID_chease_tests\DIIID153764\chease_rhotTopPed0p3_ncscal4\omt0p9_omne0p9,4,rhot,jparallel,0.3,0.9,0.9,7.553353372401518e-05,12,False,1.0683447531689805,2.2675104106498827,2.164876191504976,2.595456112004216,2.62114413281442,3.0808509097152075,3.913670232400648,3.44126409291794,4.270051203271032,0.8370231789
DIIID153764,chease_rhotTopPed0p3_ncscal4,omt0p9_omne1p0,C:\Users\joesc\git\cheaseBS_tests\data\lleppin_DIIID_chease_tests\DIIID153764\chease_rhotTopPed0p3_ncscal4\omt0p9_omne1p0,4,rhot,jparallel,0.3,0.9,1.0,0.00023764267282314508,11,True,1.0508317325427183,2.2793187090025393,2.158299902114414,2.608182660297844,2.616584669140897,3.0949512296007486,3.904489786579288,3.4495461606719697,4.0437484658716185,0.8479228097
DIIID153764,chease_rhotTopPed0p3_ncscal4,omt0p9_omne1p1,C:\Users\joesc\git\cheaseBS_tests\data\lleppin_DIIID_chease_tests\DIIID153764\chease_rhotTopPed0p3_ncscal4\omt0p9_omne1p1,4,rhot,jparallel,0.3,0.9,1.1,0.0005740168571418176,10,True,1.0314771907571731,2.2929555569098627,2.150342282238217,2.6227813653599146,2.6107434729238714,3.1110545004572803,3.893136096258043,3.4592761772461436,3.7948129057749713,0.8604023311
DIIID153764,chease_rhotTopPed0p3_ncscal4,omt1p0_omne1p0,C:\Users\joesc\git\cheaseBS_tests\data\lleppin_DIIID_chease_tests\DIIID153764\chease_rhotTopPed0p3_ncscal4\omt1p0_omne1p0,4,rhot,jparallel,0.3,1.0,1.0,0.00035077178591374564,2,True,0.9996959252427808,2.310090136114936,2.1284194272245864,2.6389615352251465,2.5827453121844584,3.1207653111809326,3.8017841642033874,3.4555701722903613,3.457288716607236,0.8846588081
DIIID153764,chease_rhotTopPed0p3_ncscal4,omt1p0_omne1p1,C:\Users\joesc\git\cheaseBS_tests\data\lleppin_DIIID_chease_tests\DIIID153764\chease_rhotTopPed0p3_ncscal4\omt1p0_omne1p1,4,rhot,jparallel,0.3,1.0,1.1,0.00037663735579704724,11,True,0.9760525519568831,2.328007268994361,2.112859265312749,2.6571642960999236,2.569711513326024,3.140231533791302,3.7841704980130197,3.4664572719827134,3.107163833792906,0.9026205995
DIIID153764,chease_rhotTopPed0p3_ncscal4,omt1p1_omne1p0,C:\Users\joesc\git\cheaseBS_tests\data\lleppin_DIIID_chease_tests\DIIID153764\chease_rhotTopPed0p3_ncscal4\omt1p1_omne1p0,4,rhot,jparallel,0.3,1.1,1.0,0.000830435323489768,12,False,0.9353350501772308,2.354281927095439,2.078764105775406,2.681371737051682,2.528579727943919,3.1594063078317216,3.6956018160304676,3.470070976291527,2.6146270055131775,0.9410025844
DIIID153764,chease_rhotTopPed0p3_ncscal4,omt1p1_omne1p1,C:\Users\joesc\git\cheaseBS_tests\data\lleppin_DIIID_chease_tests\DIIID153764\chease_rhotTopPed0p3_ncscal4\omt1p1_omne1p1,4,rhot,jparallel,0.3,1.1,1.1,0.0030050265749301656,12,False,0.911455612276723,2.371794667939549,2.0551571798141945,2.6976662284812187,2.5055037690240054,3.1742023453720014,3.6600873570027934,3.473670226407469,2.166536590018753,0.9637523307
DIIID162940,chease,omt0p7_omne0p7,C:\Users\joesc\git\cheaseBS_tests\data\lleppin_DIIID_chease_tests\DIIID162940\chease\omt0p7_omne0p7,1,rhot,jparallel,0.8,0.7,0.7,0.0006111644421066256,12,True,0.8448730124046997,2.8133975227424783,2.3541466285796666,3.289254067091218,3.2107052135371683,4.084291548369537,5.161598476125103,4.76960407151877,5.9418702699838,0.851180252
DIIID162940,chease,omt0p7_omne0p8,C:\Users\joesc\git\cheaseBS_tests\data\lleppin_DIIID_chease_tests\DIIID162940\chease\omt0p7_omne0p8,1,rhot,jparallel,0.8,0.7,0.8,0.0018275765080617336,12,False,0.8337756142347652,2.817062174214924,2.344795148211322,3.291786643775406,3.202089038659024,4.0835158338906625,5.0951344354650265,4.748458379240838,5.7669228935389265,0.851180252
DIIID162940,chease,omt0p7_omne0p9,C:\Users\joesc\git\cheaseBS_tests\data\lleppin_DIIID_chease_tests\DIIID162940\chease\omt0p7_omne0p9,1,rhot,jparallel,0.8,0.7,0.9,0.010689585114077147,12,False,0.8021418075538471,2.804665977619414,2.3325952096007003,3.274655961211066,3.1801280006357024,4.0572296883526375,5.012035380167978,4.689791375934639,5.521491288845845,0.851180252
DIIID162940,chease,omt0p8_omne0p8,C:\Users\joesc\git\cheaseBS_tests\data\lleppin_DIIID_chease_tests\DIIID162940\chease\omt0p8_omne0p8,1,rhot,jparallel,0.8,0.8,0.8,0.00044220892600145133,12,True,0.8855683137721717,2.852414633998,2.317616915410764,3.3268066588305625,3.1573111549989124,4.113696427933921,4.93880452006262,4.733893917158361,5.306957334949044,0.851180252
DIIID162940,chease,omt0p8_omne0p9,C:\Users\joesc\git\cheaseBS_tests\data\lleppin_DIIID_chease_tests\DIIID162940\chease\omt0p8_omne0p9,1,rhot,jparallel,0.8,0.8,0.9,0.0023740022355184143,12,False,0.8721472951827087,2.8590330445809684,2.308451887990307,3.3329958629933834,3.149593539178696,4.116012702588303,4.850683203506366,4.710059562064936,5.098540744435598,0.851180252
DIIID162940,chease,omt0p8_omne1p0,C:\Users\joesc\git\cheaseBS_tests\data\lleppin_DIIID_chease_tests\DIIID162940\chease\omt0p8_omne1p0,1,rhot,jparallel,0.8,0.8,1.0,0.00013992738217866987,11,True,0.8774242991325163,2.880400898119272,2.3040036784623843,3.3567587301444504,3.1429633737751885,4.141137406224324,4.769961904607264,4.715243630821454,4.909200554702646,0.851180252
DIIID162940,chease,omt0p8_omne1p1,C:\Users\joesc\git\cheaseBS_tests\data\lleppin_DIIID_chease_tests\DIIID162940\chease\omt0p8_omne1p1,1,rhot,jparallel,0.8,0.8,1.1,0.0005847290712369973,11,True,0.8815971184601621,2.898527596097208,2.3003107587620657,3.376605431527697,3.135738953345424,4.159707779819331,4.641126359371884,4.7071467330013785,4.749328573239952,0.851180252
DIIID162940,chease,omt0p9_omne0p9,C:\Users\joesc\git\cheaseBS_tests\data\lleppin_DIIID_chease_tests\DIIID162940\chease\omt0p9_omne0p9,1,rhot,jparallel,0.8,0.9,0.9,0.00023035921713018622,12,True,0.9362041209249226,2.9030671903289975,2.2819594535531356,3.378043559404721,3.120453430008166,4.155542611411322,4.637263015643195,4.696595714655012,4.645680801295474,0.851180252
DIIID162940,chease,omt0p9_omne1p0,C:\Users\joesc\git\cheaseBS_tests\data\lleppin_DIIID_chease_tests\DIIID162940\chease\omt0p9_omne1p0,1,rhot,jparallel,0.8,0.9,1.0,0.0009439104039274882,12,False,0.941472099329688,2.923520287861993,2.2806954300063897,3.4008609542080954,3.1054459562711285,4.177206831148073,4.509590094559593,4.687882997519879,4.422246580516219,0.851180252
DIIID162940,chease,omt0p9_omne1p1,C:\Users\joesc\git\cheaseBS_tests\data\lleppin_DIIID_chease_tests\DIIID162940\chease\omt0p9_omne1p1,1,rhot,jparallel,0.8,0.9,1.1,0.00034964019842053675,11,True,0.9371226797303531,2.9426923407919885,2.276704847988413,3.421857979079008,3.0971183378560596,4.1971007861475575,4.394399318212803,4.676135125215125,4.13978868999761,0.851180252
DIIID162940,chease,omt1p0_omne1p0,C:\Users\joesc\git\cheaseBS_tests\data\lleppin_DIIID_chease_tests\DIIID162940\chease\omt1p0_omne1p0,1,rhot,jparallel,0.8,1.0,1.0,0.00017632907415933075,2,True,0.9999048562521926,2.9652654651057833,2.2540149384590498,3.4421517545214724,3.0615103932226324,4.209420686358054,4.2556201493224135,4.646903599142816,3.6943061081653283,0.851180252
DIIID162940,chease,omt1p0_omne1p1,C:\Users\joesc\git\cheaseBS_tests\data\lleppin_DIIID_chease_tests\DIIID162940\chease\omt1p0_omne1p1,1,rhot,jparallel,0.8,1.0,1.1,0.00012284319956748984,6,True,1.0031326972398225,2.987626485613619,2.2542045587081345,3.467467955494784,3.055399072885503,4.233609373195473,4.126636768697486,4.64202286146699,3.458868434253211,0.851180252
DIIID162940,chease,omt1p1_omne1p0,C:\Users\joesc\git\cheaseBS_tests\data\lleppin_DIIID_chease_tests\DIIID162940\chease\omt1p1_omne1p0,1,rhot,jparallel,0.8,1.1,1.0,0.00011070272718635823,10,True,1.077361869338321,3.016223099488519,2.2393689503346734,3.4964497607332627,3.024624106116626,4.253911081225549,3.994577320463172,4.6279464754732125,3.0901815536092188,0.851180252
DIIID162940,chease,omt1p1_omne1p1,C:\Users\joesc\git\cheaseBS_tests\data\lleppin_DIIID_chease_tests\DIIID162940\chease\omt1p1_omne1p1,1,rhot,jparallel,0.8,1.1,1.1,0.0005243576537284524,11,True,1.0801820642797515,3.044436458179091,2.241036190140164,3.5280576664667214,3.0154017549847314,4.285263874802272,3.8453502247653355,4.616022541364448,2.6168930168956495,0.851180252
DIIID162940,chease_fixedamp,omt0p7_omne0p7,C:\Users\joesc\git\cheaseBS_tests\data\lleppin_DIIID_chease_tests\DIIID162940\chease_fixedamp\omt0p7_omne0p7,1,rhot,jparallel,0.8,0.7,0.7,0.03625023268386416,12,False,1.0,2.914278076874673,2.384227031337002,3.4121259803666666,3.2237929598429518,4.242228206348246,5.194457892994524,4.975732497924364,6.143028867598501,0.851180252
DIIID162940,chease_fixedamp,omt0p7_omne0p8,C:\Users\joesc\git\cheaseBS_tests\data\lleppin_DIIID_chease_tests\DIIID162940\chease_fixedamp\omt0p7_omne0p8,1,rhot,jparallel,0.8,0.7,0.8,0.03670337738619674,12,False,1.0,2.9245462475585784,2.378155222824292,3.4229708543723993,3.218138497378417,4.252173527163403,5.133758953444258,4.97154493450066,6.023384093523311,0.851180252
DIIID162940,chease_fixedamp,omt0p7_omne0p9,C:\Users\joesc\git\cheaseBS_tests\data\lleppin_DIIID_chease_tests\DIIID162940\chease_fixedamp\omt0p7_omne0p9,1,rhot,jparallel,0.8,0.7,0.9,0.0372858979697694,12,False,1.0,2.9357681028356883,2.372368967019471,3.434959819278115,3.2126147660526208,4.263312282162216,5.067796951638503,4.968103994280194,5.906844290528287,0.851180252
DIIID162940,chease_fixedamp,omt0p8_omne0p8,C:\Users\joesc\git\cheaseBS_tests\data\lleppin_DIIID_chease_tests\DIIID162940\chease_fixedamp\omt0p8_omne0p8,1,rhot,jparallel,0.8,0.8,0.8,0.02652908146492217,12,False,1.0,2.9227997111619968,2.340613519322205,3.413626337895996,3.1883625934486592,4.2255848589972365,4.967762577700384,4.887274008279491,5.575640109562181,0.851180252
DIIID162940,chease_fixedamp,omt0p8_omne0p9,C:\Users\joesc\git\cheaseBS_tests\data\lleppin_DIIID_chease_tests\DIIID162940\chease_fixedamp\omt0p8_omne0p9,1,rhot,jparallel,0.8,0.8,0.9,0.02678841694610649,12,False,1.0,2.9360512429299175,2.336568192027512,3.4277193198433613,3.1724474439261954,4.2387994380438405,4.888844886020276,4.879260042347786,5.394532233802645,0.851180252
DIIID162940,chease_fixedamp,omt0p8_omne1p0,C:\Users\joesc\git\cheaseBS_tests\data\lleppin_DIIID_chease_tests\DIIID162940\chease_fixedamp\omt0p8_omne1p0,1,rhot,jparallel,0.8,0.8,1.0,0.027188321242539105,12,False,1.0,2.9507744350903495,2.331511500823733,3.443740399386693,3.1662657953943434,4.253737701387109,4.79784146097342,4.873207248018132,5.228667620459335,0.851180252
DIIID162940,chease_fixedamp,omt0p8_omne1p1,C:\Users\joesc\git\cheaseBS_tests\data\lleppin_DIIID_chease_tests\DIIID162940\chease_fixedamp\omt0p8_omne1p1,1,rhot,jparallel,0.8,0.8,1.1,0.027750234144987215,12,False,1.0,2.966913140494607,2.3270690468092834,3.4614802916584466,3.160309286056576,4.2704215203976394,4.698745914167173,4.868286889216876,5.066590361519285,0.851180252
DIIID162940,chease_fixedamp,omt0p9_omne0p9,C:\Users\joesc\git\cheaseBS_tests\data\lleppin_DIIID_chease_tests\DIIID162940\chease_fixedamp\omt0p9_omne0p9,1,rhot,jparallel,0.8,0.9,0.9,0.014649675265376475,12,False,1.0,2.9389073715406706,2.2988557645702854,3.4230737401425366,3.1280548582089724,4.214293417411312,4.6683868747173785,4.779935115075777,4.798663806533019,0.851180252
DIIID162940,chease_fixedamp,omt0p9_omne1p0,C:\Users\joesc\git\cheaseBS_tests\data\lleppin_DIIID_chease_tests\DIIID162940\chease_fixedamp\omt0p9_omne1p0,1,rhot,jparallel,0.8,0.9,1.0,0.014600654583178172,12,False,1.0,2.956971884166858,2.293180077119041,3.442680302938606,3.1285033795992607,4.232534117753311,4.548950561622641,4.770535435712191,4.593215076814865,0.851180252
DIIID162940,chease_fixedamp,omt0p9_omne1p1,C:\Users\joesc\git\cheaseBS_tests\data\lleppin_DIIID_chease_tests\DIIID162940\chease_fixedamp\omt0p9_omne1p1,1,rhot,jparallel,0.8,0.9,1.1,0.0146893257647153,12,False,1.0,2.9764208417866107,2.2919128335301657,3.464188788764279,3.112452388669676,4.252916499250294,4.431174455208766,4.760835480430696,4.364460574109689,0.851180252
DIIID162940,chease_fixedamp,omt1p0_omne1p0,C:\Users\joesc\git\cheaseBS_tests\data\lleppin_DIIID_chease_tests\DIIID162940\chease_fixedamp\omt1p0_omne1p0,1,rhot,jparallel,0.8,1.0,1.0,0.00014195907394009695,2,True,1.0,2.9653517465932673,2.254047487117954,3.442258125548406,3.0615438009139195,4.209563313032028,4.2557677788182176,4.647106688890103,3.6946826209111276,0.851180252
DIIID162940,chease_fixedamp,omt1p0_omne1p1,C:\Users\joesc\git\cheaseBS_tests\data\lleppin_DIIID_chease_tests\DIIID162940\chease_fixedamp\omt1p0_omne1p1,1,rhot,jparallel,0.8,1.0,1.1,0.0005752851016576483,5,True,1.0,2.984226015247096,2.253155273841974,3.463354858079516,3.0547670545718244,4.228690394605705,4.131717495225364,4.638437496021134,3.4799014601309906,0.851180252
DIIID162940,chease_fixedamp,omt1p1_omne1p0,C:\Users\joesc\git\cheaseBS_tests\data\lleppin_DIIID_chease_tests\DIIID162940\chease_fixedamp\omt1p1_omne1p0,1,rhot,jparallel,0.8,1.1,1.0,0.01708764620363668,12,False,1.0,2.9803572261569404,2.216519450882142,3.449651535048565,2.9972019718906067,4.1919380808205675,3.9699694517750337,4.531423842137768,2.64172122146053,0.851180252
DIIID162940,chease_fixedamp,omt1p1_omne1p1,C:\Users\joesc\git\cheaseBS_tests\data\lleppin_DIIID_chease_tests\DIIID162940\chease_fixedamp\omt1p1_omne1p1,1,rhot,jparallel,0.8,1.1,1.1,0.01838125452034984,12,False,1.0,3.0093022453608738,2.2203860196906158,3.482904367392457,2.9903804941225487,4.222415330739956,3.786099193369299,4.515000187593885,2.1724317519014624,0.851180252
DIIID162940,chease_ncscal4,omt0p7_omne0p7,C:\Users\joesc\git\cheaseBS_tests\data\lleppin_DIIID_chease_tests\DIIID162940\chease_ncscal4\omt0p7_omne0p7,4,rhot,jparallel,0.8,0.7,0.7,5.5029551215985736e-05,12,True,1.0546576971486055,2.800438242594203,2.3801178339362403,3.2779830041166327,3.218643789573463,4.075393123914353,5.229771121184782,4.788267855244067,6.237760921904924,0.8136453207
DIIID162940,chease_ncscal4,omt0p7_omne0p8,C:\Users\joesc\git\cheaseBS_tests\data\lleppin_DIIID_chease_tests\DIIID162940\chease_ncscal4\omt0p7_omne0p8,4,rhot,jparallel,0.8,0.7,0.8,4.842527450845346e-05,11,True,1.0548047608269837,2.8092927606976064,2.373529744181613,3.2870969864621395,3.2122730466208425,4.083342798833327,5.173366495780585,4.781790052937455,6.102830980084697,0.8136143567
DIIID162940,chease_ncscal4,omt0p7_omne0p9,C:\Users\joesc\git\cheaseBS_tests\data\lleppin_DIIID_chease_tests\DIIID162940\chease_ncscal4\omt0p7_omne0p9,4,rhot,jparallel,0.8,0.7,0.9,0.00037556344562061456,11,True,1.0545848190476244,2.819126049496307,2.367798643717726,3.2975094016438775,3.206764601116035,4.092827293992996,5.111948042102265,4.777567565213544,5.988983796842481,0.8138434832
DIIID162940,chease_ncscal4,omt0p8_omne0p8,C:\Users\joesc\git\cheaseBS_tests\data\lleppin_DIIID_chease_tests\DIIID162940\chease_ncscal4\omt0p8_omne0p8,4,rhot,jparallel,0.8,0.8,0.8,0.0008679122741651385,10,True,1.0373555750850014,2.8423229836226427,2.3379831777148645,3.319050140134437,3.184211110871269,4.108830768595779,5.005081454953067,4.757593835982927,5.608921780067548,0.8253192278
DIIID162940,chease_ncscal4,omt0p8_omne0p9,C:\Users\joesc\git\cheaseBS_tests\data\lleppin_DIIID_chease_tests\DIIID162940\chease_ncscal4\omt0p8_omne0p9,4,rhot,jparallel,0.8,0.8,0.9,0.0020343268970858456,12,False,1.0368905069785188,2.8560285262329708,2.333911482185863,3.334209793602994,3.1798625504920253,4.123556372981379,4.92429430533861,4.755943938746957,5.489572935661398,0.8256027495
DIIID162940,chease_ncscal4,omt0p8_omne1p0,C:\Users\joesc\git\cheaseBS_tests\data\lleppin_DIIID_chease_tests\DIIID162940\chease_ncscal4\omt0p8_omne1p0,4,rhot,jparallel,0.8,0.8,1.0,0.0033302174881832073,12,False,1.045100881843529,2.8518599064668875,2.3297243261639045,3.3279481804347593,3.1638058868441425,4.1115763245778565,4.846005399357077,4.720109148660063,5.3185129934710815,0.8207209812
DIIID162940,chease_ncscal4,omt0p8_omne1p1,C:\Users\joesc\git\cheaseBS_tests\data\lleppin_DIIID_chease_tests\DIIID162940\chease_ncscal4\omt0p8_omne1p1,4,rhot,jparallel,0.8,0.8,1.1,0.0002949488972173277,12,False,1.0407244989837614,2.8764942600062047,2.3258433132043894,3.3557482124296456,3.158394392644841,4.141021514364734,4.748989846984589,4.730491007575502,5.152481257734429,0.8234313699
DIIID162940,chease_ncscal4,omt0p9_omne0p9,C:\Users\joesc\git\cheaseBS_tests\data\lleppin_DIIID_chease_tests\DIIID162940\chease_ncscal4\omt0p9_omne0p9,4,rhot,jparallel,0.8,0.9,0.9,0.00024710222748229013,12,True,1.0218274909914884,2.891411438485336,2.299047674758847,3.367855680272295,3.1279109297856604,4.147069390606331,4.701557405774634,4.71028953639965,4.843894825433956,0.8361615769
DIIID162940,chease_ncscal4,omt0p9_omne1p0,C:\Users\joesc\git\cheaseBS_tests\data\lleppin_DIIID_chease_tests\DIIID162940\chease_ncscal4\omt0p9_omne1p0,4,rhot,jparallel,0.8,0.9,1.0,6.891095184860172e-05,11,True,1.022241373461491,2.908560766536826,2.293480406730893,3.3864208751335148,3.128088940423293,4.164309579999744,4.587307042637419,4.700744348352537,4.633261220508234,0.8359408741
DIIID162940,chease_ncscal4,omt0p9_omne1p1,C:\Users\joesc\git\cheaseBS_tests\data\lleppin_DIIID_chease_tests\DIIID162940\chease_ncscal4\omt0p9_omne1p1,4,rhot,jparallel,0.8,0.9,1.1,0.0005271177153878009,10,True,1.021040725356861,2.9292289990583797,2.28988585733813,3.4093384045796267,3.1210630634182674,4.186197338467976,4.465468606400774,4.6934847902093395,4.401785160899669,0.8368834173
DIIID162940,chease_ncscal4,omt1p0_omne1p0,C:\Users\joesc\git\cheaseBS_tests\data\lleppin_DIIID_chease_tests\DIIID162940\chease_ncscal4\omt1p0_omne1p0,4,rhot,jparallel,0.8,1.0,1.0,0.00028578546328561814,2,True,1.0002465487011865,2.9667148905159153,2.2541443653924906,3.443874848398725,3.061510206300597,4.211494507527343,4.2574444150059945,4.649362551064258,3.7039267918945504,0.8515256576
DIIID162940,chease_ncscal4,omt1p0_omne1p1,C:\Users\joesc\git\cheaseBS_tests\data\lleppin_DIIID_chease_tests\DIIID162940\chease_ncscal4\omt1p0_omne1p1,4,rhot,jparallel,0.8,1.0,1.1,0.00011547986937563664,5,True,1.0005025888963386,2.985863455764367,2.2531454905341586,3.465330668448141,3.054362231301083,4.230827470017376,4.140440088763384,4.642086383658885,3.4717119757519597,0.8516181056
DIIID162940,chease_ncscal4,omt1p1_omne1p0,C:\Users\joesc\git\cheaseBS_tests\data\lleppin_DIIID_chease_tests\DIIID162940\chease_ncscal4\omt1p1_omne1p0,4,rhot,jparallel,0.8,1.1,1.0,0.00036438000891284586,11,True,0.9765051148989369,3.0399630987736446,2.214477325889321,3.5181253936717343,2.9927613993937316,4.272410637241005,3.940317323670002,4.61119634331592,2.5480756065149555,0.8690967281
DIIID162940,chease_ncscal4,omt1p1_omne1p1,C:\Users\joesc\git\cheaseBS_tests\data\lleppin_DIIID_chease_tests\DIIID162940\chease_ncscal4\omt1p1_omne1p1,4,rhot,jparallel,0.8,1.1,1.1,9.266808395611668e-05,12,True,0.973710126560328,3.0767128266403194,2.2171320878487286,3.5601713780384716,2.9842336838975863,4.312238716474476,3.7478582694759375,4.6020214708576725,2.0428425962494146,0.8712561345
DIIID162940,chease_rhotTopPed0p3,omt0p7_omne0p7,C:\Users\joesc\git\cheaseBS_tests\data\lleppin_DIIID_chease_tests\DIIID162940\chease_rhotTopPed0p3\omt0p7_omne0p7,1,rhot,jparallel,0.3,0.7,0.7,0.0006024203505233957,19,True,0.35882127765068805,2.896426255472963,2.3263406950140153,3.3779433089307993,3.155107135487291,4.171279367136138,4.668968751082282,4.654869140846781,3.6453014451700625,0.8519470856
DIIID162940,chease_rhotTopPed0p3,omt0p7_omne0p8,C:\Users\joesc\git\cheaseBS_tests\data\lleppin_DIIID_chease_tests\DIIID162940\chease_rhotTopPed0p3\omt0p7_omne0p8,1,rhot,jparallel,0.3,0.7,0.8,0.000247444860864601,15,True,0.3918345270315801,2.90102857689639,2.318392465836906,3.381871363185922,3.1481267567221507,4.1742335637832015,4.651253439620931,4.651738136304786,3.5907986832522716,0.8517902138
DIIID162940,chease_rhotTopPed0p3,omt0p7_omne0p9,C:\Users\joesc\git\cheaseBS_tests\data\lleppin_DIIID_chease_tests\DIIID162940\chease_rhotTopPed0p3\omt0p7_omne0p9,1,rhot,jparallel,0.3,0.7,0.9,0.0006162140837661775,19,True,0.43038406482097846,2.909709670616383,2.3134654461242037,3.3912278815584256,3.1453619905846018,4.182668627050817,4.586328247244829,4.652842995749079,3.6222588304428878,0.8516649075
DIIID162940,chease_rhotTopPed0p3,omt0p8_omne0p8,C:\Users\joesc\git\cheaseBS_tests\data\lleppin_DIIID_chease_tests\DIIID162940\chease_rhotTopPed0p3\omt0p8_omne0p8,1,rhot,jparallel,0.3,0.8,0.8,0.00048126693989672447,17,True,0.5059032161331916,2.918299469004081,2.294454975121249,3.396709629290413,3.1164859240104685,4.178991060553318,4.514913267997922,4.637817235983359,3.566782653125881,0.8515914984
DIIID162940,chease_rhotTopPed0p3,omt0p8_omne0p9,C:\Users\joesc\git\cheaseBS_tests\data\lleppin_DIIID_chease_tests\DIIID162940\chease_rhotTopPed0p3\omt0p8_omne0p9,1,rhot,jparallel,0.3,0.8,0.9,0.0004425493676989951,16,True,0.5535706241054168,2.926105648161777,2.2880158571613145,3.4045827441025103,3.1109412275619546,4.186130807479741,4.475188758265919,4.639355325461757,3.566009376318049,0.8514659317
DIIID162940,chease_rhotTopPed0p3,omt0p8_omne1p0,C:\Users\joesc\git\cheaseBS_tests\data\lleppin_DIIID_chease_tests\DIIID162940\chease_rhotTopPed0p3\omt0p8_omne1p0,1,rhot,jparallel,0.3,0.8,1.0,0.0005370504306661347,15,True,0.6037757071493423,2.9346398857853293,2.282252851031193,3.4134353336538252,3.106021783409662,4.194524676098092,4.435245107125268,4.643525508244776,3.5847192270971,0.8513523921
DIIID162940,chease_rhotTopPed0p3,omt0p8_omne1p1,C:\Users\joesc\git\cheaseBS_tests\data\lleppin_DIIID_chease_tests\DIIID162940\chease_rhotTopPed0p3\omt0p8_omne1p1,1,rhot,jparallel,0.3,0.8,1.1,0.0004686377218167782,15,True,0.6490267139493913,2.941076145163492,2.2761056245227085,3.4197213996930844,3.100012854052946,4.2010368351773915,4.433564361430672,4.649581054421963,3.56985181845014,0.8512651537
DIIID162940,chease_rhotTopPed0p3,omt0p9_omne0p9,C:\Users\joesc\git\cheaseBS_tests\data\lleppin_DIIID_chease_tests\DIIID162940\chease_rhotTopPed0p3\omt0p9_omne0p9,1,rhot,jparallel,0.3,0.9,0.9,0.0005011484428079538,17,True,0.7057596703195973,2.939611897860485,2.268029939419406,3.4156601941721108,3.082131340759247,4.18897830738282,4.3948807585088945,4.632786056672916,3.547717660709947,0.8512899817
DIIID162940,chease_rhotTopPed0p3,omt0p9_omne1p0,C:\Users\joesc\git\cheaseBS_tests\data\lleppin_DIIID_chease_tests\DIIID162940\chease_rhotTopPed0p3\omt0p9_omne1p0,1,rhot,jparallel,0.3,0.9,1.0,0.00018598125378985487,15,True,0.7733633069235664,2.949858949755087,2.2631974902657914,3.42665842162503,3.078007264821074,4.199784134412229,4.351142509179328,4.640474373623322,3.589562070920062,0.8512188703
DIIID162940,chease_rhotTopPed0p3,omt0p9_omne1p1,C:\Users\joesc\git\cheaseBS_tests\data\lleppin_DIIID_chease_tests\DIIID162940\chease_rhotTopPed0p3\omt0p9_omne1p1,1,rhot,jparallel,0.3,0.9,1.1,9.60432784682197e-05,14,True,0.8446945560968354,2.9604597426326373,2.2594641318098048,3.438294248331073,3.0750790889747983,4.211400686558255,4.305131263861212,4.6505459695297295,3.6593848610131197,0.8511777129
DIIID162940,chease_rhotTopPed0p3,omt1p0_omne1p0,C:\Users\joesc\git\cheaseBS_tests\data\lleppin_DIIID_chease_tests\DIIID162940\chease_rhotTopPed0p3\omt1p0_omne1p0,1,rhot,jparallel,0.3,1.0,1.0,0.00018965597855062893,2,True,0.9998356984726311,2.9652325083962294,2.2540077134068217,3.4421115759798604,3.0615011847378137,4.209371534984534,4.255647432013065,4.646839792346778,3.6940851204635954,0.8511688411
DIIID162940,chease_rhotTopPed0p3,omt1p0_omne1p1,C:\Users\joesc\git\cheaseBS_tests\data\lleppin_DIIID_chease_tests\DIIID162940\chease_rhotTopPed0p3\omt1p0_omne1p1,1,rhot,jparallel,0.3,1.0,1.1,0.00043955771801790564,10,True,1.089602783610232,2.9773361557897293,2.2555372380813505,3.4567616041646416,3.0631314161814998,4.225051394546513,4.237470932672651,4.6689298983322445,3.834684695105585,0.8511889851
DIIID162940,chease_rhotTopPed0p3,omt1p1_omne1p0,C:\Users\joesc\git\cheaseBS_tests\data\lleppin_DIIID_chease_tests\DIIID162940\chease_rhotTopPed0p3\omt1p1_omne1p0,1,rhot,jparallel,0.3,1.1,1.0,0.00016557155485417288,13,True,1.294715889264954,2.9799194255407504,2.2591413064228796,3.459956958453262,3.0595994259802066,4.2263597175158605,4.242750984183263,4.682185759422219,3.965090873807024,0.8512189872
DIIID162940,chease_rhotTopPed0p3,omt1p1_omne1p1,C:\Users\joesc\git\cheaseBS_tests\data\lleppin_DIIID_chease_tests\DIIID162940\chease_rhotTopPed0p3\omt1p1_omne1p1,1,rhot,jparallel,0.3,1.1,1.1,0.00022036367355581884,12,True,1.4331496283178664,2.9939007195378853,2.263405502876741,3.4773064759964765,3.065625198454889,4.241338748423125,4.111985153161319,4.6979753714697345,4.200186525291376,0.8512970122
DIIID162940,chease_rhotTopPed0p3_fixedamp,omt0p7_omne0p7,C:\Users\joesc\git\cheaseBS_tests\data\lleppin_DIIID_chease_tests\DIIID162940\chease_rhotTopPed0p3_fixedamp\omt0p7_omne0p7,1,rhot,jparallel,0.3,0.7,0.7,0.13922775914845736,20,False,1.0,3.25651510633507,2.4008820582942403,3.8139225715703837,3.221393154530258,4.733727998657205,5.0559884216123105,5.5288415703535385,5.936367614108543,0.8517639318
DIIID162940,chease_rhotTopPed0p3_fixedamp,omt0p7_omne0p8,C:\Users\joesc\git\cheaseBS_tests\data\lleppin_DIIID_chease_tests\DIIID162940\chease_rhotTopPed0p3_fixedamp\omt0p7_omne0p8,1,rhot,jparallel,0.3,0.7,0.8,0.13242674074561117,20,False,1.0,3.2423419347668334,2.398638671962138,3.7969523475622777,3.2201089046834626,4.709360764967114,4.99019531430532,5.483724150553313,5.846820319810459,0.8516668187
DIIID162940,chease_rhotTopPed0p3_fixedamp,omt0p7_omne0p9,C:\Users\joesc\git\cheaseBS_tests\data\lleppin_DIIID_chease_tests\DIIID162940\chease_rhotTopPed0p3_fixedamp\omt0p7_omne0p9,1,rhot,jparallel,0.3,0.7,0.9,0.1252553787596525,20,False,1.0,3.2278467671772058,2.3960159570981743,3.7795493041940054,3.2185827046029267,4.684282006471889,4.921558752293184,5.438018947574531,5.765093783382395,0.8515636528
DIIID162940,chease_rhotTopPed0p3_fixedamp,omt0p8_omne0p8,C:\Users\joesc\git\cheaseBS_tests\data\lleppin_DIIID_chease_tests\DIIID162940\chease_rhotTopPed0p3_fixedamp\omt0p8_omne0p8,1,rhot,jparallel,0.3,0.8,0.8,0.10908159788429371,20,False,1.0,3.1913240513659855,2.3751405060090622,3.732791621415196,3.206225998889391,4.616542872766474,4.823026316324506,5.318171473143256,5.451521994504774,0.851517841
DIIID162940,chease_rhotTopPed0p3_fixedamp,omt0p8_omne0p9,C:\Users\joesc\git\cheaseBS_tests\data\lleppin_DIIID_chease_tests\DIIID162940\chease_rhotTopPed0p3_fixedamp\omt0p8_omne0p9,1,rhot,jparallel,0.3,0.8,0.9,0.09909219833285847,20,False,1.0,3.171077519738368,2.36973774815253,3.7077843753769897,3.1929934718240927,4.581083686996158,4.744645096736173,5.254919157977217,5.315582653948448,0.8514151395
DIIID162940,chease_rhotTopPed0p3_fixedamp,omt0p8_omne1p0,C:\Users\joesc\git\cheaseBS_tests\data\lleppin_DIIID_chease_tests\DIIID162940\chease_rhotTopPed0p3_fixedamp\omt0p8_omne1p0,1,rhot,jparallel,0.3,0.8,1.0,0.0884932956363556,20,False,1.0,3.1506578997897887,2.3621216211032747,3.681945332924904,3.1841896899442146,4.54463819734288,4.664888589165441,5.190912653573013,5.1830275343282945,0.8513227236
DIIID162940,chease_rhotTopPed0p3_fixedamp,omt0p8_omne1p1,C:\Users\joesc\git\cheaseBS_tests\data\lleppin_DIIID_chease_tests\DIIID162940\chease_rhotTopPed0p3_fixedamp\omt0p8_omne1p1,1,rhot,jparallel,0.3,0.8,1.1,0.077251628056487,20,False,1.0,3.129607241837247,2.3531569030298356,3.6556442378944056,3.1766460695900696,4.5072837084852235,4.5860777359426725,5.126393015630029,5.053856523608768,0.8512474727
DIIID162940,chease_rhotTopPed0p3_fixedamp,omt0p9_omne0p9,C:\Users\joesc\git\cheaseBS_tests\data\lleppin_DIIID_chease_tests\DIIID162940\chease_rhotTopPed0p3_fixedamp\omt0p9_omne0p9,1,rhot,jparallel,0.3,0.9,0.9,0.06461441032721855,20,False,1.0,3.0970137847268364,2.3324181125368098,3.6125631195373624,3.1489681479953378,4.446722281123174,4.553729993395946,5.027163863659868,4.686885817526935,0.8512739905
DIIID162940,chease_rhotTopPed0p3_fixedamp,omt0p9_omne1p0,C:\Users\joesc\git\cheaseBS_tests\data\lleppin_DIIID_chease_tests\DIIID162940\chease_rhotTopPed0p3_fixedamp\omt0p9_omne1p0,1,rhot,jparallel,0.3,0.9,1.0,0.05015352313323258,20,False,1.0,3.0699458219127913,2.316945760145812,3.578412328586501,3.1418350696731223,4.39785893179124,4.461891887635047,4.945504574934476,4.514835811801058,0.851211568
DIIID162940,chease_rhotTopPed0p3_fixedamp,omt0p9_omne1p1,C:\Users\joesc\git\cheaseBS_tests\data\lleppin_DIIID_chease_tests\DIIID162940\chease_rhotTopPed0p3_fixedamp\omt0p9_omne1p1,1,rhot,jparallel,0.3,0.9,1.1,0.03474227321542069,20,False,1.0,3.0422892949018068,2.300812514408012,3.54231773371108,3.1181547216314605,4.347541607086727,4.38425253410608,4.861301444180674,4.33940787963357,0.8511763026
DIIID162940,chease_rhotTopPed0p3_fixedamp,omt1p0_omne1p0,C:\Users\joesc\git\cheaseBS_tests\data\lleppin_DIIID_chease_tests\DIIID162940\chease_rhotTopPed0p3_fixedamp\omt1p0_omne1p0,1,rhot,jparallel,0.3,1.0,1.0,0.0001497220213178659,2,True,1.0,2.9653220704383667,2.254050560062109,3.4422241946804957,3.061546117421989,4.209527701574665,4.25588400166207,4.64708270624739,3.694668134047941,0.8511689121
DIIID162940,chease_rhotTopPed0p3_fixedamp,omt1p0_omne1p1,C:\Users\joesc\git\cheaseBS_tests\data\lleppin_DIIID_chease_tests\DIIID162940\chease_rhotTopPed0p3_fixedamp\omt1p0_omne1p1,1,rhot,jparallel,0.3,1.0,1.1,0.020905138039611058,20,False,1.0,2.9305876346900526,2.2273098259963016,3.396375680128672,3.032089907957802,4.145653284351255,4.19801057560633,4.548969570177884,3.3843521272822263,0.8511878258
DIIID162940,chease_rhotTopPed0p3_fixedamp,omt1p1_omne1p0,C:\Users\joesc\git\cheaseBS_tests\data\lleppin_DIIID_chease_tests\DIIID162940\chease_rhotTopPed0p3_fixedamp\omt1p1_omne1p0,1,rhot,jparallel,0.3,1.1,1.0,0.06580824073465265,20,False,1.0,2.8359209664993315,2.176013702488731,3.2759176575345905,2.9678293752932143,3.9817215902238003,4.117266307928054,4.324563999384283,2.7204417476567126,0.851216459
DIIID162940,chease_rhotTopPed0p3_fixedamp,omt1p1_omne1p1,C:\Users\joesc\git\cheaseBS_tests\data\lleppin_DIIID_chease_tests\DIIID162940\chease_rhotTopPed0p3_fixedamp\omt1p1_omne1p1,1,rhot,jparallel,0.3,1.1,1.1,0.09341112937515067,20,False,1.0,2.7946662302304213,2.136769191201413,3.220298960238411,2.9242259568320206,3.90519310668263,4.052743408286512,4.208523967539802,2.2636088867389277,0.8512959636
DIIID162940,chease_rhotTopPed0p3_fixedamp_ncscal4,omt0p7_omne0p7,C:\Users\joesc\git\cheaseBS_tests\data\lleppin_DIIID_chease_tests\DIIID162940\chease_rhotTopPed0p3_fixedamp_ncscal4\omt0p7_omne0p7,4,rhot,jparallel,0.3,0.7,0.7,0.12963746319796035,20,False,1.0,3.2194375395321546,2.3992825615900646,3.7701561454428556,3.2199801738039016,4.67940946761288,5.062668813413843,5.466196724368494,5.944919291514119,0.841807667
DIIID162940,chease_rhotTopPed0p3_fixedamp_ncscal4,omt0p7_omne0p8,C:\Users\joesc\git\cheaseBS_tests\data\lleppin_DIIID_chease_tests\DIIID162940\chease_rhotTopPed0p3_fixedamp_ncscal4\omt0p7_omne0p8,4,rhot,jparallel,0.3,0.7,0.8,0.12264700944616125,20,False,1.0,3.2049026149592112,2.3968824666375452,3.7527441331379188,3.218573818798884,4.654532689282693,4.997630679486152,5.4205960161242475,5.854234826604534,0.8418302626
DIIID162940,chease_rhotTopPed0p3_fixedamp_ncscal4,omt0p7_omne0p9,C:\Users\joesc\git\cheaseBS_tests\data\lleppin_DIIID_chease_tests\DIIID162940\chease_rhotTopPed0p3_fixedamp_ncscal4\omt0p7_omne0p9,4,rhot,jparallel,0.3,0.7,0.9,0.11524528459026456,20,False,1.0,3.1899152227133913,2.3940656474815514,3.7347315923818485,3.216865572423668,4.628747630195909,4.929778711782279,5.374139478149991,5.7708188616536775,0.8418342068
DIIID162940,chease_rhotTopPed0p3_fixedamp_ncscal4,omt0p8_omne0p8,C:\Users\joesc\git\cheaseBS_tests\data\lleppin_DIIID_chease_tests\DIIID162940\chease_rhotTopPed0p3_fixedamp_ncscal4\omt0p8_omne0p8,4,rhot,jparallel,0.3,0.8,0.8,0.09765510041568949,20,False,1.0,3.1491100409256454,2.373033805101573,3.6829751182618597,3.2043074057717744,4.555010454480411,4.832480225548751,5.248061202906006,5.454843299792226,0.840771026
DIIID162940,chease_rhotTopPed0p3_fixedamp_ncscal4,omt0p8_omne0p9,C:\Users\joesc\git\cheaseBS_tests\data\lleppin_DIIID_chease_tests\DIIID162940\chease_rhotTopPed0p3_fixedamp_ncscal4\omt0p8_omne0p9,4,rhot,jparallel,0.3,0.8,0.9,0.08817871654941152,20,False,1.0,3.1313220931455974,2.367579610531586,3.6608394653633494,3.1910432978727576,4.523152041809398,4.754080431750219,5.18899718769474,5.315368320462102,0.8414321846
DIIID162940,chease_rhotTopPed0p3_fixedamp_ncscal4,omt0p8_omne1p0,C:\Users\joesc\git\cheaseBS_tests\data\lleppin_DIIID_chease_tests\DIIID162940\chease_rhotTopPed0p3_fixedamp_ncscal4\omt0p8_omne1p0,4,rhot,jparallel,0.3,0.8,1.0,0.07811777748555315,20,False,1.0,3.1133955219258764,2.359921068089444,3.6379535640227343,3.182209449878287,4.490379381646216,4.674088567114426,5.129187724764709,5.178842053116289,0.8420988834
DIIID162940,chease_rhotTopPed0p3_fixedamp_ncscal4,omt0p8_omne1p1,C:\Users\joesc\git\cheaseBS_tests\data\lleppin_DIIID_chease_tests\DIIID162940\chease_rhotTopPed0p3_fixedamp_ncscal4\omt0p8_omne1p1,4,rhot,jparallel,0.3,0.8,1.1,0.06745315054682537,20,False,1.0,3.094934582038517,2.35089895012577,3.6146865321255506,3.174575732184895,4.456834265706886,4.594960558670788,5.068950859331606,5.045300406829274,0.8427717395
DIIID162940,chease_rhotTopPed0p3_fixedamp_ncscal4,omt0p9_omne0p9,C:\Users\joesc\git\cheaseBS_tests\data\lleppin_DIIID_chease_tests\DIIID162940\chease_rhotTopPed0p3_fixedamp_ncscal4\omt0p9_omne0p9,4,rhot,jparallel,0.3,0.9,0.9,0.05554885557528065,20,False,1.0,3.0655423456130486,2.3307134164279653,3.575505007034354,3.147443007310765,4.401198994930362,4.56165280894144,4.976177145039996,4.683589275396422,0.8433643481
DIIID162940,chease_rhotTopPed0p3_fixedamp_ncscal4,omt0p9_omne1p0,C:\Users\joesc\git\cheaseBS_tests\data\lleppin_DIIID_chease_tests\DIIID162940\chease_rhotTopPed0p3_fixedamp_ncscal4\omt0p9_omne1p0,4,rhot,jparallel,0.3,0.9,1.0,0.04279282004076533,20,False,1.0,3.044864096740603,2.3154490492815865,3.5488797142594013,3.1405207692576207,4.361624206471718,4.468358920224577,4.904995641158606,4.512510487994093,0.8449486962
DIIID162940,chease_rhotTopPed0p3_fixedamp_ncscal4,omt0p9_omne1p1,C:\Users\joesc\git\cheaseBS_tests\data\lleppin_DIIID_chease_tests\DIIID162940\chease_rhotTopPed0p3_fixedamp_ncscal4\omt0p9_omne1p1,4,rhot,jparallel,0.3,0.9,1.1,0.02921382441682925,20,False,1.0,3.0238129497934803,2.299632873487969,3.5205650010588014,3.1170607289144674,4.320880820688447,4.38916139479735,4.831521998426473,4.334625187558675,0.8465778121
DIIID162940,chease_rhotTopPed0p3_fixedamp_ncscal4,omt1p0_omne1p0,C:\Users\joesc\git\cheaseBS_tests\data\lleppin_DIIID_chease_tests\DIIID162940\chease_rhotTopPed0p3_fixedamp_ncscal4\omt1p0_omne1p0,4,rhot,jparallel,0.3,1.0,1.0,0.00048771999035651637,2,True,1.0,2.9673022340443316,2.2542069537415497,3.4445536159432493,3.061697127514949,4.212393651758422,4.255650195654968,4.6502975093536545,3.695817482544882,0.8516885037
DIIID162940,chease_rhotTopPed0p3_fixedamp_ncscal4,omt1p0_omne1p1,C:\Users\joesc\git\cheaseBS_tests\data\lleppin_DIIID_chease_tests\DIIID162940\chease_rhotTopPed0p3_fixedamp_ncscal4\omt1p0_omne1p1,4,rhot,jparallel,0.3,1.0,1.1,0.016647940181617672,20,False,1.0,2.943829060176089,2.228047538985877,3.4118610618016345,3.032746819502825,4.164521964211983,4.194490599882956,4.569549851118185,3.3893752791101597,0.8546735133
DIIID162940,chease_rhotTopPed0p3_fixedamp_ncscal4,omt1p1_omne1p0,C:\Users\joesc\git\cheaseBS_tests\data\lleppin_DIIID_chease_tests\DIIID162940\chease_rhotTopPed0p3_fixedamp_ncscal4\omt1p1_omne1p0,4,rhot,jparallel,0.3,1.1,1.0,0.04978272075744617,20,False,1.0,2.8830430930339435,2.178198583125586,3.3307230796944123,2.9694328244118666,4.048097027305987,4.105486854903636,4.3957260531445925,2.729847655140008,0.8642398839
DIIID162940,chease_rhotTopPed0p3_fixedamp_ncscal4,omt1p1_omne1p1,C:\Users\joesc\git\cheaseBS_tests\data\lleppin_DIIID_chease_tests\DIIID162940\chease_rhotTopPed0p3_fixedamp_ncscal4\omt1p1_omne1p1,4,rhot,jparallel,0.3,1.1,1.1,0.07101919915839308,20,False,1.0,2.858629403168024,2.1398246805319707,3.294542530652266,2.926587391683348,3.9949432365059345,4.037277269655786,4.304309521591699,2.2828882914656967,0.8691570896
DIIID162940,chease_rhotTopPed0p3_ncscal4,omt0p7_omne0p7,C:\Users\joesc\git\cheaseBS_tests\data\lleppin_DIIID_chease_tests\DIIID162940\chease_rhotTopPed0p3_ncscal4\omt0p7_omne0p7,4,rhot,jparallel,0.3,0.7,0.7,0.00018240369371934576,13,True,1.1960190091107,2.779614052482386,2.381360442109674,3.2518150227531115,3.2029846736230345,4.0378372372202005,5.207047060127585,4.746897859692877,6.238383646047541,0.7341353947
DIIID162940,chease_rhotTopPed0p3_ncscal4,omt0p7_omne0p8,C:\Users\joesc\git\cheaseBS_tests\data\lleppin_DIIID_chease_tests\DIIID162940\chease_rhotTopPed0p3_ncscal4\omt0p7_omne0p8,4,rhot,jparallel,0.3,0.7,0.8,0.0005801645224684283,12,True,1.1837224032310671,2.7914218276670852,2.379276473432499,3.2653196983159205,3.2015749224602863,4.05217178968105,5.150234085117366,4.7482329836637955,6.11877553407319,0.7399902212
DIIID162940,chease_rhotTopPed0p3_ncscal4,omt0p7_omne0p9,C:\Users\joesc\git\cheaseBS_tests\data\lleppin_DIIID_chease_tests\DIIID162940\chease_rhotTopPed0p3_ncscal4\omt0p7_omne0p9,4,rhot,jparallel,0.3,0.7,0.9,0.0006625119629458335,12,True,1.1729021602331229,2.8013882759452975,2.3775097982862663,3.276744982569705,3.2006027998180744,4.063774729363452,5.089182330075191,4.747262902438956,6.0236463303752785,0.7451061018
DIIID162940,chease_rhotTopPed0p3_ncscal4,omt0p8_omne0p8,C:\Users\joesc\git\cheaseBS_tests\data\lleppin_DIIID_chease_tests\DIIID162940\chease_rhotTopPed0p3_ncscal4\omt0p8_omne0p8,4,rhot,jparallel,0.3,0.8,0.8,0.0005383223383815383,12,True,1.1484647386755795,2.8200262536046217,2.3641923099898574,3.2957967117275597,3.1849684026606684,4.080346146112566,4.990846705919851,4.730694728728948,5.684133108478347,0.7562817861
DIIID162940,chease_rhotTopPed0p3_ncscal4,omt0p8_omne0p9,C:\Users\joesc\git\cheaseBS_tests\data\lleppin_DIIID_chease_tests\DIIID162940\chease_rhotTopPed0p3_ncscal4\omt0p8_omne0p9,4,rhot,jparallel,0.3,0.8,0.9,0.0006709309546248895,12,True,1.1343172943080362,2.8344040175986867,2.357278655646127,3.311884339714255,3.189033447464741,4.095790517630643,4.905769088711398,4.728744776901011,5.5481493521890775,0.7638905751
DIIID162940,chease_rhotTopPed0p3_ncscal4,omt0p8_omne1p0,C:\Users\joesc\git\cheaseBS_tests\data\lleppin_DIIID_chease_tests\DIIID162940\chease_rhotTopPed0p3_ncscal4\omt0p8_omne1p0,4,rhot,jparallel,0.3,0.8,1.0,0.0008239704560895511,12,True,1.1191325073471774,2.8502488755847293,2.3509511706971185,3.329323782975298,3.184108704158393,4.11290356434829,4.818186384062438,4.726684802004075,5.3969865617918,0.7722491381
DIIID162940,chease_rhotTopPed0p3_ncscal4,omt0p8_omne1p1,C:\Users\joesc\git\cheaseBS_tests\data\lleppin_DIIID_chease_tests\DIIID162940\chease_rhotTopPed0p3_ncscal4\omt0p8_omne1p1,4,rhot,jparallel,0.3,0.8,1.1,0.00020295000767093065,17,True,1.1060325276513046,2.86386262963691,2.347031378105064,3.344084378509392,3.1706102126961175,4.126761285527312,4.72377001760848,4.72090007888687,5.273774668288387,0.7794804838
DIIID162940,chease_rhotTopPed0p3_ncscal4,omt0p9_omne0p9,C:\Users\joesc\git\cheaseBS_tests\data\lleppin_DIIID_chease_tests\DIIID162940\chease_rhotTopPed0p3_ncscal4\omt0p9_omne0p9,4,rhot,jparallel,0.3,0.9,0.9,0.0004550039815606352,12,True,1.0862989200302624,2.87760692202058,2.3286677934815763,3.355997042677476,3.145885074985403,4.13493362168348,4.6826657760404515,4.699688427167983,4.8644057418568805,0.7911264924
DIIID162940,chease_rhotTopPed0p3_ncscal4,omt0p9_omne1p0,C:\Users\joesc\git\cheaseBS_tests\data\lleppin_DIIID_chease_tests\DIIID162940\chease_rhotTopPed0p3_ncscal4\omt0p9_omne1p0,4,rhot,jparallel,0.3,0.9,1.0,0.0006492909899840388,12,True,1.0664803285356703,2.9001377936030774,2.3159387477353452,3.3801238417851938,3.1347738601922406,4.1577655228627615,4.572044272732182,4.695580214161445,4.63563862194159,0.8037612396
DIIID162940,chease_rhotTopPed0p3_ncscal4,omt0p9_omne1p1,C:\Users\joesc\git\cheaseBS_tests\data\lleppin_DIIID_chease_tests\DIIID162940\chease_rhotTopPed0p3_ncscal4\omt0p9_omne1p1,4,rhot,jparallel,0.3,0.9,1.1,0.0007644223814845955,10,True,1.043639023843531,2.9268176465961897,2.2968642585625063,3.407608214579641,3.1253675735749393,4.184218335797257,4.459149149691309,4.692686575840611,4.4072496660983145,0.8190214526
DIIID162940,chease_rhotTopPed0p3_ncscal4,omt1p0_omne1p0,C:\Users\joesc\git\cheaseBS_tests\data\lleppin_DIIID_chease_tests\DIIID162940\chease_rhotTopPed0p3_ncscal4\omt1p0_omne1p0,4,rhot,jparallel,0.3,1.0,1.0,0.00028578546328561814,2,True,1.0002465487011865,2.9667148909370895,2.254144370410131,3.443874848916141,3.0615102895421185,4.211494507552044,4.257444446204925,4.6493625520735264,3.7039268270885892,0.8515256575
DIIID162940,chease_rhotTopPed0p3_ncscal4,omt1p0_omne1p1,C:\Users\joesc\git\cheaseBS_tests\data\lleppin_DIIID_chease_tests\DIIID162940\chease_rhotTopPed0p3_ncscal4\omt1p0_omne1p1,4,rhot,jparallel,0.3,1.0,1.1,0.00021421088390640038,11,True,0.9737116017731484,3.001366811094232,2.2260931215728217,3.4782213021934685,3.0296819543727778,4.242900986054228,4.1646503816911995,4.648142020495708,3.3073365873908727,0.8728981938
DIIID162940,chease_rhotTopPed0p3_ncscal4,omt1p1_omne1p0,C:\Users\joesc\git\cheaseBS_tests\data\lleppin_DIIID_chease_tests\DIIID162940\chease_rhotTopPed0p3_ncscal4\omt1p1_omne1p0,4,rhot,jparallel,0.3,1.1,1.0,0.0003236767703332886,16,True,0.9138333789410876,3.06308531465632,2.1589506542648778,3.534307919248951,2.944697883269039,4.287215623923725,4.014344141861304,4.622536417724983,2.3250892085221304,0.9304489203
DIIID162940,chease_rhotTopPed0p3_ncscal4,omt1p1_omne1p1,C:\Users\joesc\git\cheaseBS_tests\data\lleppin_DIIID_chease_tests\DIIID162940\chease_rhotTopPed0p3_ncscal4\omt1p1_omne1p1,4,rhot,jparallel,0.3,1.1,1.1,0.000518902550390556,17,True,0.8741533969215541,3.120140788098905,2.1021697267637487,3.587099848339533,2.8748588817818423,4.331634001348303,3.914954985379623,4.62161299055322,1.5673250782141566,0.9720163626
DIIID174082,chease,omt0p7_omne0p7,C:\Users\joesc\git\cheaseBS_tests\data\lleppin_DIIID_chease_tests\DIIID174082\chease\omt0p7_omne0p7,1,rhot,jparallel,0.8,0.7,0.7,0.000308780135727866,16,True,0.8478801533016261,4.006705962399768,2.5508697368967965,4.718197995011297,3.3341142119533047,5.909638070427211,4.164956065925324,6.480455253136174,4.633689731429381,0.6561725303
DIIID174082,chease,omt0p7_omne0p8,C:\Users\joesc\git\cheaseBS_tests\data\lleppin_DIIID_chease_tests\DIIID174082\chease\omt0p7_omne0p8,1,rhot,jparallel,0.8,0.7,0.8,0.000297689641557548,16,True,0.8474896236918641,4.031146984766047,2.557034253179279,4.7489714244900325,3.3412982163502174,5.914566042484712,3.8737361497397482,6.461252336843603,4.5902343319855685,0.6561725973
DIIID174082,chease,omt0p7_omne0p9,C:\Users\joesc\git\cheaseBS_tests\data\lleppin_DIIID_chease_tests\DIIID174082\chease\omt0p7_omne0p9,1,rhot,jparallel,0.8,0.7,0.9,0.013624806087887839,16,False,0.8023405921662463,4.0013717539836335,2.5589414747282735,4.715619987140713,3.352891845173238,5.834992535930878,3.411346091377346,6.3243197209229285,4.4374666751454095,0.6561867999
DIIID174082,chease,omt0p8_omne0p8,C:\Users\joesc\git\cheaseBS_tests\data\lleppin_DIIID_chease_tests\DIIID174082\chease\omt0p8_omne0p8,1,rhot,jparallel,0.8,0.8,0.8,0.0007681870462253429,12,True,0.8951889442952511,4.098772896990781,2.557139362771162,4.829020411230518,3.3393983680378514,5.934587643724697,3.0724769662233564,6.391695212953124,4.273181257633134,0.6561709496
DIIID174082,chease,omt0p8_omne0p9,C:\Users\joesc\git\cheaseBS_tests\data\lleppin_DIIID_chease_tests\DIIID174082\chease\omt0p8_omne0p9,1,rhot,jparallel,0.8,0.8,0.9,0.0002004515604604836,12,True,0.8882222009557054,4.1275377369382245,2.574215091284888,4.868216182188785,3.3580915642445084,5.946195313592415,2.649295211394475,6.360348167315986,4.145130957422643,0.6561710236
DIIID174082,chease,omt0p8_omne1p0,C:\Users\joesc\git\cheaseBS_tests\data\lleppin_DIIID_chease_tests\DIIID174082\chease\omt0p8_omne1p0,1,rhot,jparallel,0.8,0.8,1.0,0.00038318973138575484,16,True,0.8926352388134594,4.16215613268657,2.58692891640572,4.9148531546610545,3.3890971046926563,5.947187869535976,2.2936733623127044,6.337545618108414,3.948268548424859,0.6561710834
DIIID174082,chease,omt0p8_omne1p1,C:\Users\joesc\git\cheaseBS_tests\data\lleppin_DIIID_chease_tests\DIIID174082\chease\omt0p8_omne1p1,1,rhot,jparallel,0.8,0.8,1.1,0.00033550884017083204,13,True,0.8940130354394288,4.208246555943277,2.6159251763100144,4.977352885008361,3.411439890099724,5.97165522408209,1.7525196917356165,6.316492375146349,3.9889169071766966,0.6561711601
DIIID174082,chease,omt0p9_omne0p9,C:\Users\joesc\git\cheaseBS_tests\data\lleppin_DIIID_chease_tests\DIIID174082\chease\omt0p9_omne0p9,1,rhot,jparallel,0.8,0.9,0.9,0.0004563205782937236,14,True,0.9444749073462401,4.211041382406106,2.586581638216967,4.971349742483638,3.3761539353449836,5.9756211314187455,1.6697526198107466,6.289345355103755,3.7953907226680945,0.6561680619
DIIID174082,chease,omt0p9_omne1p0,C:\Users\joesc\git\cheaseBS_tests\data\lleppin_DIIID_chease_tests\DIIID174082\chease\omt0p9_omne1p0,1,rhot,jparallel,0.8,0.9,1.0,0.0008304487810159389,10,True,0.950968406717837,4.261906480434009,2.618311358963514,5.042073965125913,3.416827345324161,6.005165181297795,1.0849978793813255,6.261453169120965,3.623679773208832,0.656167816
DIIID174082,chease,omt0p9_omne1p1,C:\Users\joesc\git\cheaseBS_tests\data\lleppin_DIIID_chease_tests\DIIID174082\chease\omt0p9_omne1p1,1,rhot,jparallel,0.8,0.9,1.1,0.00049708070731566,11,True,0.9467716656362709,4.305202923915742,2.6524136205653224,5.109130181518733,3.467501932187022,6.025691174248618,0.48289923238748184,6.222887779821377,3.4290351652067743,0.6561680063
DIIID174082,chease,omt1p0_omne1p0,C:\Users\joesc\git\cheaseBS_tests\data\lleppin_DIIID_chease_tests\DIIID174082\chease\omt1p0_omne1p0,1,rhot,jparallel,0.8,1.0,1.0,0.00011924299300974882,4,True,1.0115500674405178,4.354472924451755,2.645843919869501,5.168111398030753,3.4651549266305772,6.061040040426286,-0.10534123267953775,6.170519136960883,2.9551784466016544,0.6561612142
DIIID174082,chease,omt1p0_omne1p1,C:\Users\joesc\git\cheaseBS_tests\data\lleppin_DIIID_chease_tests\DIIID174082\chease\omt1p0_omne1p1,1,rhot,jparallel,0.8,1.0,1.1,0.00017689828592087735,6,True,1.0173187808277242,4.408869164584194,2.6918358546507375,5.249311433354378,3.5231074485759932,6.08169958500156,-0.680287988841964,6.148711521846135,2.8959895558587094,0.6561610186
DIIID174082,chease,omt1p1_omne1p0,C:\Users\joesc\git\cheaseBS_tests\data\lleppin_DIIID_chease_tests\DIIID174082\chease\omt1p1_omne1p0,1,rhot,jparallel,0.8,1.1,1.0,0.0002861325700795754,13,True,1.0885979562698969,4.473258104762368,2.7041852545952425,5.325778534547769,3.554993060251057,6.121022711852306,-1.2944775860247237,6.104469188014239,2.6980017655302047,0.6561586628
DIIID174082,chease,omt1p1_omne1p1,C:\Users\joesc\git\cheaseBS_tests\data\lleppin_DIIID_chease_tests\DIIID174082\chease\omt1p1_omne1p1,1,rhot,jparallel,0.8,1.1,1.1,0.0005633777707588701,13,True,1.097750744063215,4.548815701610042,2.7790910886349574,5.442651435098206,3.6451424806575425,6.1709668444503,-2.033167370359671,6.074203924893352,2.4858117947858887,0.6561585848
DIIID174082,chease_fixedamp,omt0p7_omne0p7,C:\Users\joesc\git\cheaseBS_tests\data\lleppin_DIIID_chease_tests\DIIID174082\chease_fixedamp\omt0p7_omne0p7,1,rhot,jparallel,0.8,0.7,0.7,0.04312805789762653,16,False,1.0,4.193983806877027,2.5713392711165493,4.942552665139647,3.341676942957358,6.220433960704018,4.530716363268131,6.866392495900828,4.798196796800143,0.6562127645
DIIID174082,chease_fixedamp,omt0p7_omne0p8,C:\Users\joesc\git\cheaseBS_tests\data\lleppin_DIIID_chease_tests\DIIID174082\chease_fixedamp\omt0p7_omne0p8,1,rhot,jparallel,0.8,0.7,0.8,0.043079144471417356,16,False,1.0,4.215662334187418,2.5759789037915746,4.970685948002024,3.34558268423089,6.220323828388329,4.3054785630286,6.850707505724373,4.780633998386814,0.6562120987
DIIID174082,chease_fixedamp,omt0p7_omne0p9,C:\Users\joesc\git\cheaseBS_tests\data\lleppin_DIIID_chease_tests\DIIID174082\chease_fixedamp\omt0p7_omne0p9,1,rhot,jparallel,0.8,0.7,0.9,0.04310562071556104,16,False,1.0,4.2407120106206255,2.582984538107552,5.001474351388184,3.352870364269198,6.223138919296536,4.043419394163669,6.8360714087400964,4.784335958553832,0.6562115454
DIIID174082,chease_fixedamp,omt0p8_omne0p8,C:\Users\joesc\git\cheaseBS_tests\data\lleppin_DIIID_chease_tests\DIIID174082\chease_fixedamp\omt0p8_omne0p8,1,rhot,jparallel,0.8,0.8,0.8,0.030952860988279873,16,False,1.0,4.222372960842491,2.569309021877033,4.97648282469481,3.3395851667969905,6.141050064987685,3.4795318462675824,6.66853554736117,4.49116847056006,0.6562104219
DIIID174082,chease_fixedamp,omt0p8_omne0p9,C:\Users\joesc\git\cheaseBS_tests\data\lleppin_DIIID_chease_tests\DIIID174082\chease_fixedamp\omt0p8_omne0p9,1,rhot,jparallel,0.8,0.8,0.9,0.030546526842919048,16,False,1.0,4.2525674424539455,2.5830562532222423,5.016611083208938,3.3551232309121812,6.145259549856424,3.1199437431953463,6.6436907079650105,4.438174291045834,0.6562099642
DIIID174082,chease_fixedamp,omt0p8_omne1p0,C:\Users\joesc\git\cheaseBS_tests\data\lleppin_DIIID_chease_tests\DIIID174082\chease_fixedamp\omt0p8_omne1p0,1,rhot,jparallel,0.8,0.8,1.0,0.03021350597780781,16,False,1.0,4.285881429427693,2.603858289988628,5.062323001627376,3.3726233089375817,6.151030565346559,2.741280367929822,6.619410688340224,4.371741619906761,0.6562096517
DIIID174082,chease_fixedamp,omt0p8_omne1p1,C:\Users\joesc\git\cheaseBS_tests\data\lleppin_DIIID_chease_tests\DIIID174082\chease_fixedamp\omt0p8_omne1p1,1,rhot,jparallel,0.8,0.8,1.1,0.02996882240424156,16,False,1.0,4.323668431309888,2.621637334982099,5.113473046927237,3.3988346012067785,6.159958345916671,2.330771993982086,6.596287840674081,4.312420408995187,0.656209553
DIIID174082,chease_fixedamp,omt0p9_omne0p9,C:\Users\joesc\git\cheaseBS_tests\data\lleppin_DIIID_chease_tests\DIIID174082\chease_fixedamp\omt0p9_omne0p9,1,rhot,jparallel,0.8,0.9,0.9,0.015954948861189724,16,False,1.0,4.270839917612162,2.5915044883255356,5.042356158809159,3.371592628423241,6.073492860529469,1.9513541404020418,6.430998258587163,3.9581380751346034,0.656209033
DIIID174082,chease_fixedamp,omt0p9_omne1p0,C:\Users\joesc\git\cheaseBS_tests\data\lleppin_DIIID_chease_tests\DIIID174082\chease_fixedamp\omt0p9_omne1p0,1,rhot,jparallel,0.8,0.9,1.0,0.014902941143516682,16,False,1.0,4.311262073220863,2.6222939832628698,5.102299006023789,3.4067390489964082,6.084367633113313,1.427188377688739,6.393761753440056,3.806747086727257,0.6562087921
DIIID174082,chease_fixedamp,omt0p9_omne1p1,C:\Users\joesc\git\cheaseBS_tests\data\lleppin_DIIID_chease_tests\DIIID174082\chease_fixedamp\omt0p9_omne1p1,1,rhot,jparallel,0.8,0.9,1.1,0.013858495429124608,16,False,1.0,4.359086513383098,2.6593357073114516,5.16922122499871,3.4482947313720964,6.100668035811983,0.8435461883807889,6.356734496090371,3.6726220173168658,0.656208559
DIIID174082,chease_fixedamp,omt1p0_omne1p0,C:\Users\joesc\git\cheaseBS_tests\data\lleppin_DIIID_chease_tests\DIIID174082\chease_fixedamp\omt1p0_omne1p0,1,rhot,jparallel,0.8,1.0,1.0,0.0035043795182119887,16,False,1.0,4.341795734137534,2.64573867630584,5.153243028323666,3.4660033509480095,6.031594018855676,-0.17095368604879838,6.140663577470734,2.9756546049475188,0.6562077744
DIIID174082,chease_fixedamp,omt1p0_omne1p1,C:\Users\joesc\git\cheaseBS_tests\data\lleppin_DIIID_chease_tests\DIIID174082\chease_fixedamp\omt1p0_omne1p1,1,rhot,jparallel,0.8,1.0,1.1,0.005433145025530294,16,False,1.0,4.403231975875578,2.705080006527584,5.243199091982154,3.5610613259947237,6.059277205528653,-0.9098480138790237,6.099040901673623,2.8936055746804685,0.65620783
DIIID174082,chease_fixedamp,omt1p1_omne1p0,C:\Users\joesc\git\cheaseBS_tests\data\lleppin_DIIID_chease_tests\DIIID174082\chease_fixedamp\omt1p1_omne1p0,1,rhot,jparallel,0.8,1.1,1.0,0.024303067502015465,16,False,1.0,4.39224862011629,2.703654990283319,5.23140017390271,3.577648712633804,5.996095413386168,-1.756460413768335,5.899202783682663,2.3882265002496257,0.6562085333
DIIID174082,chease_fixedamp,omt1p1_omne1p1,C:\Users\joesc\git\cheaseBS_tests\data\lleppin_DIIID_chease_tests\DIIID174082\chease_fixedamp\omt1p1_omne1p1,1,rhot,jparallel,0.8,1.1,1.1,0.026974133793577656,16,False,1.0,4.461313995385116,2.784392909411451,5.345189410810041,3.6561625540381355,6.041847310226558,-2.635201022206898,5.844276636874867,2.004198484193655,0.6562080341
DIIID174082,chease_ncscal4,omt0p7_omne0p7,C:\Users\joesc\git\cheaseBS_tests\data\lleppin_DIIID_chease_tests\DIIID174082\chease_ncscal4\omt0p7_omne0p7,4,rhot,jparallel,0.8,0.7,0.7,0.0008203689352699772,15,True,1.0716007566314096,3.9904650858231143,2.554720807696777,4.697495823220883,3.326261770696976,5.936683019254588,4.647907273052787,6.544455092884299,4.655566077497269,0.6209207537
DIIID174082,chease_ncscal4,omt0p7_omne0p8,C:\Users\joesc\git\cheaseBS_tests\data\lleppin_DIIID_chease_tests\DIIID174082\chease_ncscal4\omt0p7_omne0p8,4,rhot,jparallel,0.8,0.7,0.8,0.0008082938257517887,15,True,1.0714775649837935,4.009785871808054,2.5588498683309377,4.722524366170952,3.329628430166084,5.936808282067059,4.4312430262268965,6.530037307597425,4.641519787697993,0.6209760962
DIIID174082,chease_ncscal4,omt0p7_omne0p9,C:\Users\joesc\git\cheaseBS_tests\data\lleppin_DIIID_chease_tests\DIIID174082\chease_ncscal4\omt0p7_omne0p9,4,rhot,jparallel,0.8,0.7,0.9,0.0007872378093843872,15,True,1.071522083735792,4.0311984980463444,2.565003162866029,4.749777524380053,3.3352281736644023,5.938125760751049,4.189258205515298,6.515709792480516,4.635188661586701,0.6209614782
DIIID174082,chease_ncscal4,omt0p8_omne0p8,C:\Users\joesc\git\cheaseBS_tests\data\lleppin_DIIID_chease_tests\DIIID174082\chease_ncscal4\omt0p8_omne0p8,4,rhot,jparallel,0.8,0.8,0.8,0.0005115994953022305,15,True,1.05225499350257,4.070293062894784,2.5574622298137166,4.793144217399541,3.326600391805263,5.940948840378232,3.601242811165351,6.447414010298738,4.417630191909948,0.6302066489
DIIID174082,chease_ncscal4,omt0p8_omne0p9,C:\Users\joesc\git\cheaseBS_tests\data\lleppin_DIIID_chease_tests\DIIID174082\chease_ncscal4\omt0p8_omne0p9,4,rhot,jparallel,0.8,0.8,0.9,0.00047639944616463455,15,True,1.0515175058511506,4.099664599773576,2.570515969843201,4.831853531946373,3.340923523098296,5.9473789732041675,3.2479245806894643,6.4262896499258595,4.37045773909894,0.6305440799
DIIID174082,chease_ncscal4,omt0p8_omne1p0,C:\Users\joesc\git\cheaseBS_tests\data\lleppin_DIIID_chease_tests\DIIID174082\chease_ncscal4\omt0p8_omne1p0,4,rhot,jparallel,0.8,0.8,1.0,0.00045020512611215123,15,True,1.050897965946752,4.131922050447105,2.5868945401277235,4.875098348355678,3.35911444330066,5.955291415016365,2.869112389916039,6.405147859403061,4.316583229181693,0.6308317539
DIIID174082,chease_ncscal4,omt0p8_omne1p1,C:\Users\joesc\git\cheaseBS_tests\data\lleppin_DIIID_chease_tests\DIIID174082\chease_ncscal4\omt0p8_omne1p1,4,rhot,jparallel,0.8,0.8,1.1,0.0003441511152198638,15,True,1.0506394943845216,4.166856223091315,2.6070558659783214,4.922810529883023,3.381470218183452,5.964268757299547,2.4680800759840427,6.383717902908044,4.2555880016533205,0.6309535377
DIIID174082,chease_ncscal4,omt0p9_omne0p9,C:\Users\joesc\git\cheaseBS_tests\data\lleppin_DIIID_chease_tests\DIIID174082\chease_ncscal4\omt0p9_omne0p9,4,rhot,jparallel,0.8,0.9,0.9,0.00047060385775156877,12,True,1.0252883028235638,4.192169171556065,2.585749407711016,4.947126083091429,3.362283159632832,5.978795121817398,1.9830696006967963,6.320525301066808,3.9086925114278013,0.6436283653
DIIID174082,chease_ncscal4,omt0p9_omne1p0,C:\Users\joesc\git\cheaseBS_tests\data\lleppin_DIIID_chease_tests\DIIID174082\chease_ncscal4\omt0p9_omne1p0,4,rhot,jparallel,0.8,0.9,1.0,0.00046318957704400207,12,True,1.0232736685621386,4.2373580810306795,2.614181672100575,5.009923801298815,3.396980315287405,5.997369105598637,1.443417743752935,6.291338043370932,3.7810115729268627,0.644594432
DIIID174082,chease_ncscal4,omt0p9_omne1p1,C:\Users\joesc\git\cheaseBS_tests\data\lleppin_DIIID_chease_tests\DIIID174082\chease_ncscal4\omt0p9_omne1p1,4,rhot,jparallel,0.8,0.9,1.1,0.0004796877869692475,12,True,1.0210689527648247,4.2880461859384855,2.649288813143597,5.081698012396558,3.439021863871956,6.019955205909785,0.8617186786847564,6.261850352262114,3.636418491070735,0.6456719134
DIIID174082,chease_ncscal4,omt1p0_omne1p0,C:\Users\joesc\git\cheaseBS_tests\data\lleppin_DIIID_chease_tests\DIIID174082\chease_ncscal4\omt1p0_omne1p0,4,rhot,jparallel,0.8,1.0,1.0,0.0003678124572976724,4,True,0.9949581123800221,4.360752499788743,2.6475306459508894,5.17606426034499,3.464974469689667,6.066023674484371,-0.21732398073549097,6.1612078563000034,2.9245636692738715,0.6590764827
DIIID174082,chease_ncscal4,omt1p0_omne1p1,C:\Users\joesc\git\cheaseBS_tests\data\lleppin_DIIID_chease_tests\DIIID174082\chease_ncscal4\omt1p0_omne1p1,4,rhot,jparallel,0.8,1.0,1.1,0.0008018989720640051,7,True,0.992237076368038,4.4218762401582135,2.698158039605377,5.267148231480749,3.529438886157593,6.093701306899928,-0.8934838979058171,6.129305122094806,2.8158679644962725,0.6605955628
DIIID174082,chease_ncscal4,omt1p1_omne1p0,C:\Users\joesc\git\cheaseBS_tests\data\lleppin_DIIID_chease_tests\DIIID174082\chease_ncscal4\omt1p1_omne1p0,4,rhot,jparallel,0.8,1.1,1.0,0.0004082254786340299,15,True,0.9575089564598747,4.540175902355748,2.7237030646372387,5.413543941483077,3.5829430223161043,6.180811791254082,-1.9900727301676215,6.0458054377245185,2.299443673854348,0.6798233585
DIIID174082,chease_ncscal4,omt1p1_omne1p1,C:\Users\joesc\git\cheaseBS_tests\data\lleppin_DIIID_chease_tests\DIIID174082\chease_ncscal4\omt1p1_omne1p1,4,rhot,jparallel,0.8,1.1,1.1,0.003031166096807373,16,False,0.9439482822692288,4.665500553943433,2.812798707734942,5.596961587929983,3.6956695716763415,6.279392200931624,-2.9739208512757815,6.028385655508381,1.9704954395856238,0.6873964831
DIIID174082,chease_rhotTopPed0p3,omt0p8_omne1p1,C:\Users\joesc\git\cheaseBS_tests\data\lleppin_DIIID_chease_tests\DIIID174082\chease_rhotTopPed0p3\omt0p8_omne1p1,1,rhot,jparallel,0.3,0.8,1.1,0.0004200747663497119,16,True,0.6909083508210936,4.297041354577891,2.650238658168835,5.098904157718244,3.5042219027713286,6.011402456563824,0.1580160230870915,6.148154941822333,3.09626034622409,0.6565434042
DIIID174082,chease_rhotTopPed0p3,omt0p9_omne1p0,C:\Users\joesc\git\cheaseBS_tests\data\lleppin_DIIID_chease_tests\DIIID174082\chease_rhotTopPed0p3\omt0p9_omne1p0,1,rhot,jparallel,0.3,0.9,1.0,0.0006477939562965485,13,True,0.8023705814825729,4.3191092357700995,2.6547619027525644,5.122899260144535,3.4718506642141698,6.021914589460626,-0.02478082924799458,6.1415228789911716,3.086331360367711,0.6564770857
DIIID174082,chease_rhotTopPed0p3,omt0p9_omne1p1,C:\Users\joesc\git\cheaseBS_tests\data\lleppin_DIIID_chease_tests\DIIID174082\chease_rhotTopPed0p3\omt0p9_omne1p1,1,rhot,jparallel,0.3,0.9,1.1,0.0005565047358726378,13,True,0.8795895313910844,4.342589532646571,2.649419160206096,5.156086768624339,3.4739703317815915,6.041093243643459,-0.022783694839874163,6.171834956705558,3.042953132820057,0.6562431296
DIIID174082,chease_rhotTopPed0p3,omt1p0_omne1p0,C:\Users\joesc\git\cheaseBS_tests\data\lleppin_DIIID_chease_tests\DIIID174082\chease_rhotTopPed0p3\omt1p0_omne1p0,1,rhot,jparallel,0.3,1.0,1.0,0.0004986153470805263,4,True,1.0106250114707387,4.352796210765409,2.645636491899458,5.166095291248851,3.465540913976307,6.058967223589544,-0.11235023217041615,6.167223774269572,2.9506633925434596,0.6562069494
DIIID174082,chease_rhotTopPed0p3,omt1p0_omne1p1,C:\Users\joesc\git\cheaseBS_tests\data\lleppin_DIIID_chease_tests\DIIID174082\chease_rhotTopPed0p3\omt1p0_omne1p1,1,rhot,jparallel,0.3,1.0,1.1,0.00024673998479701883,15,True,1.1117859679939601,4.387645473523942,2.657416103999319,5.211241179033139,3.47037896906983,6.07693430871,-0.10125652834844821,6.216809472229271,3.1476580530319764,0.6561741538
DIIID174082,chease_rhotTopPed0p3,omt1p1_omne1p0,C:\Users\joesc\git\cheaseBS_tests\data\lleppin_DIIID_chease_tests\DIIID174082\chease_rhotTopPed0p3\omt1p1_omne1p0,1,rhot,jparallel,0.3,1.1,1.0,0.0003931433469821325,15,True,1.2804135670677796,4.402714126483526,2.670156138544494,5.224945879662911,3.458095666982319,6.089188832320581,-0.0730792656990048,6.239087649895811,3.326823207356595,0.6561446851
DIIID174082,chease_rhotTopPed0p3_fixedamp,omt0p8_omne1p1,C:\Users\joesc\git\cheaseBS_tests\data\lleppin_DIIID_chease_tests\DIIID174082\chease_rhotTopPed0p3_fixedamp\omt0p8_omne1p1,1,rhot,jparallel,0.3,0.8,1.1,0.08363082271528231,20,False,1.0,4.6098163061478745,2.6514565745866787,5.459864593498957,3.418274865322674,6.53613531301185,2.2303584937723806,6.989776899795092,4.279922537245733,0.6567047081
DIIID174082,chease_rhotTopPed0p3_fixedamp,omt0p9_omne1p0,C:\Users\joesc\git\cheaseBS_tests\data\lleppin_DIIID_chease_tests\DIIID174082\chease_rhotTopPed0p3_fixedamp\omt0p9_omne1p0,1,rhot,jparallel,0.3,0.9,1.0,0.05448450769200323,20,False,1.0,4.5144934121787434,2.654916813168458,5.351966347015404,3.4275157606766165,6.346429306405126,1.3146218067523376,6.659284105723486,3.782157269796608,0.6565187016
DIIID174082,chease_rhotTopPed0p3_fixedamp,omt0p9_omne1p1,C:\Users\joesc\git\cheaseBS_tests\data\lleppin_DIIID_chease_tests\DIIID174082\chease_rhotTopPed0p3_fixedamp\omt0p9_omne1p1,1,rhot,jparallel,0.3,0.9,1.1,0.03435192399852816,20,False,1.0,4.471194724972625,2.6645947655082707,5.3034312725087025,3.449382622972776,6.241089746587232,0.8046930546553207,6.500869144214454,3.664070678034886,0.6562354503
DIIID174082,chease_rhotTopPed0p3_fixedamp,omt1p0_omne1p0,C:\Users\joesc\git\cheaseBS_tests\data\lleppin_DIIID_chease_tests\DIIID174082\chease_rhotTopPed0p3_fixedamp\omt1p0_omne1p0,1,rhot,jparallel,0.3,1.0,1.0,0.00350230676063095,20,False,1.0,4.341796013984523,2.6457400531418407,5.153243138581572,3.46599328787237,6.031553754541368,-0.17095680026417973,6.140682542819741,2.9760334736865337,0.6562077751
DIIID174082,chease_rhotTopPed0p3_fixedamp,omt1p0_omne1p1,C:\Users\joesc\git\cheaseBS_tests\data\lleppin_DIIID_chease_tests\DIIID174082\chease_rhotTopPed0p3_fixedamp\omt1p0_omne1p1,1,rhot,jparallel,0.3,1.0,1.1,0.0315314780981831,20,False,1.0,4.2771015763934335,2.653606611056528,5.081348183936399,3.5003576745883342,5.905100599305848,-0.7707665985005971,5.945020879608524,2.809420665315037,0.656170735
DIIID174082,chease_rhotTopPed0p3_fixedamp,omt1p1_omne1p0,C:\Users\joesc\git\cheaseBS_tests\data\lleppin_DIIID_chease_tests\DIIID174082\chease_rhotTopPed0p3_fixedamp\omt1p1_omne1p0,1,rhot,jparallel,0.3,1.1,1.0,0.07822544327750251,20,False,1.0,4.127683527774323,2.6406312876418494,4.897991541049946,3.5156131370053236,5.677769442038014,-1.4090458344839343,5.605077836696356,2.454701939964093,0.6561337436
DIIID174082,chease_rhotTopPed0p3_fixedamp_ncscal4,omt0p7_omne0p7,C:\Users\joesc\git\cheaseBS_tests\data\lleppin_DIIID_chease_tests\DIIID174082\chease_rhotTopPed0p3_fixedamp_ncscal4\omt0p7_omne0p7,4,rhot,jparallel,0.3,0.7,0.7,0.16080977012317255,20,False,1.0,4.790942984530164,2.60117253181889,5.646878338589684,3.313291753440789,7.074014112518558,4.373661046816678,7.741933941362896,4.2220730040160195,0.6523414561
DIIID174082,chease_rhotTopPed0p3_fixedamp_ncscal4,omt0p7_omne0p8,C:\Users\joesc\git\cheaseBS_tests\data\lleppin_DIIID_chease_tests\DIIID174082\chease_rhotTopPed0p3_fixedamp_ncscal4\omt0p7_omne0p8,4,rhot,jparallel,0.3,0.7,0.8,0.15060830803537176,20,False,1.0,4.762689604582604,2.6104688261022804,5.618789760345642,3.323002296375098,6.9957327399085525,4.170594280859162,7.649619387224276,4.301062781562908,0.6518075583
DIIID174082,chease_rhotTopPed0p3_fixedamp_ncscal4,omt0p7_omne0p9,C:\Users\joesc\git\cheaseBS_tests\data\lleppin_DIIID_chease_tests\DIIID174082\chease_rhotTopPed0p3_fixedamp_ncscal4\omt0p7_omne0p9,4,rhot,jparallel,0.3,0.7,0.9,0.13969551796555113,20,False,1.0,4.7328517005952975,2.6186368915646336,5.58735227035014,3.3342352252455245,6.913333157866458,3.953284248823296,7.551908187248644,4.345701410403198,0.6512147559
DIIID174082,chease_rhotTopPed0p3_fixedamp_ncscal4,omt0p8_omne0p8,C:\Users\joesc\git\cheaseBS_tests\data\lleppin_DIIID_chease_tests\DIIID174082\chease_rhotTopPed0p3_fixedamp_ncscal4\omt0p8_omne0p8,4,rhot,jparallel,0.3,0.8,0.8,0.12016747185021248,20,False,1.0,4.672893682224793,2.6246805317055024,5.520432062487007,3.368265139937812,6.76801821036502,3.2584687950861135,7.303637207076991,4.313951715893644,0.6499886153
DIIID174082,chease_rhotTopPed0p3_fixedamp_ncscal4,omt0p8_omne0p9,C:\Users\joesc\git\cheaseBS_tests\data\lleppin_DIIID_chease_tests\DIIID174082\chease_rhotTopPed0p3_fixedamp_ncscal4\omt0p8_omne0p9,4,rhot,jparallel,0.3,0.8,0.9,0.10649234634818171,20,False,1.0,4.638983417671143,2.6336878059763476,5.484667241367526,3.3822163765384574,6.672249536494862,2.926957503443343,7.179728118621715,4.30540198746221,0.6500879778
DIIID174082,chease_rhotTopPed0p3_fixedamp_ncscal4,omt0p8_omne1p0,C:\Users\joesc\git\cheaseBS_tests\data\lleppin_DIIID_chease_tests\DIIID174082\chease_rhotTopPed0p3_fixedamp_ncscal4\omt0p8_omne1p0,4,rhot,jparallel,0.3,0.8,1.0,0.0918083372222848,20,False,1.0,4.599697899707368,2.6395219790536304,5.442817186940232,3.402968392061871,6.567397558955073,2.633278168957198,7.045744579015108,4.106064701346095,0.6501447829
DIIID174082,chease_rhotTopPed0p3_fixedamp_ncscal4,omt0p8_omne1p1,C:\Users\joesc\git\cheaseBS_tests\data\lleppin_DIIID_chease_tests\DIIID174082\chease_rhotTopPed0p3_fixedamp_ncscal4\omt0p8_omne1p1,4,rhot,jparallel,0.3,0.8,1.1,0.07623831726343143,20,False,1.0,4.568034254409572,2.6485757039197058,5.409536620033716,3.416988718341585,6.479739098050826,2.228960178485525,6.925509900243079,4.253557715881453,0.650147802
DIIID174082,chease_rhotTopPed0p3_fixedamp_ncscal4,omt0p9_omne0p9,C:\Users\joesc\git\cheaseBS_tests\data\lleppin_DIIID_chease_tests\DIIID174082\chease_rhotTopPed0p3_fixedamp_ncscal4\omt0p9_omne0p9,4,rhot,jparallel,0.3,0.9,0.9,0.06696153612554716,20,False,1.0,4.524920450373029,2.6408854909855424,5.3561775254157835,3.408751234127591,6.407917717017411,1.7889843993280807,6.764364725611355,3.8952007556149244,0.6506903193
DIIID174082,chease_rhotTopPed0p3_fixedamp_ncscal4,omt0p9_omne1p0,C:\Users\joesc\git\cheaseBS_tests\data\lleppin_DIIID_chease_tests\DIIID174082\chease_rhotTopPed0p3_fixedamp_ncscal4\omt0p9_omne1p0,4,rhot,jparallel,0.3,0.9,1.0,0.04883634136181038,20,False,1.0,4.483954353799777,2.6527201840753514,5.31512173131124,3.426610208385241,6.30580563046444,1.3160411651610526,6.614263132851247,3.7648067411299544,0.6517477242
DIIID174082,chease_rhotTopPed0p3_fixedamp_ncscal4,omt0p9_omne1p1,C:\Users\joesc\git\cheaseBS_tests\data\lleppin_DIIID_chease_tests\DIIID174082\chease_rhotTopPed0p3_fixedamp_ncscal4\omt0p9_omne1p1,4,rhot,jparallel,0.3,0.9,1.1,0.029324823021092242,20,False,1.0,4.444387260672887,2.662421761644033,5.271004646442706,3.448521590877596,6.205845676031252,0.7986121838868498,6.460960929802551,3.6446689031316377,0.6528093068
DIIID174082,chease_rhotTopPed0p3_fixedamp_ncscal4,omt1p0_omne1p0,C:\Users\joesc\git\cheaseBS_tests\data\lleppin_DIIID_chease_tests\DIIID174082\chease_rhotTopPed0p3_fixedamp_ncscal4\omt1p0_omne1p0,4,rhot,jparallel,0.3,1.0,1.0,0.003065575164215786,20,False,1.0,4.344037715340144,2.6459699229790763,5.155965903258093,3.4659995580386203,6.034462950818518,-0.1703285196377279,6.143931014119842,2.977652025255015,0.6563880019
DIIID174082,chease_rhotTopPed0p3_fixedamp_ncscal4,omt1p0_omne1p1,C:\Users\joesc\git\cheaseBS_tests\data\lleppin_DIIID_chease_tests\DIIID174082\chease_rhotTopPed0p3_fixedamp_ncscal4\omt1p0_omne1p1,4,rhot,jparallel,0.3,1.0,1.1,0.027108017465877578,20,False,1.0,4.298762611804076,2.655598022185687,5.107596406124891,3.5009151652811545,5.93314433610954,-0.7704578803044897,5.97532371819935,2.821900705757243,0.6589420899
DIIID174082,chease_rhotTopPed0p3_fixedamp_ncscal4,omt1p1_omne1p0,C:\Users\joesc\git\cheaseBS_tests\data\lleppin_DIIID_chease_tests\DIIID174082\chease_rhotTopPed0p3_fixedamp_ncscal4\omt1p1_omne1p0,4,rhot,jparallel,0.3,1.1,1.0,0.06350865860929099,20,False,1.0,4.195298229073847,2.646712943791253,4.980043640401805,3.519640703552217,5.764547164713751,-1.4221107312876553,5.695324196427185,2.4865769516765943,0.665410068
DIIID174082,chease_rhotTopPed0p3_fixedamp_ncscal4,omt1p1_omne1p1,C:\Users\joesc\git\cheaseBS_tests\data\lleppin_DIIID_chease_tests\DIIID174082\chease_rhotTopPed0p3_fixedamp_ncscal4\omt1p1_omne1p1,4,rhot,jparallel,0.3,1.1,1.1,0.09223993727554239,20,False,1.0,4.144752230766603,2.6498988604077933,4.923674345653375,3.539525932649168,5.6682502664486565,-2.0405429872488847,5.518320667058191,2.2367745191116173,0.6700720938
DIIID174082,chease_rhotTopPed0p3_fixedamp_ramp,omt0p8_omne1p1,C:\Users\joesc\git\cheaseBS_tests\data\lleppin_DIIID_chease_tests\DIIID174082\chease_rhotTopPed0p3_fixedamp_ramp\omt0p8_omne1p1,1,rhot,jparallel,0.3,0.8,1.1,0.08364122040672888,20,False,1.0,4.609863341288207,2.6514738160555718,5.459922845188296,3.418235603093903,6.5360054580234195,2.230534988561065,6.98988827112417,4.281055191002488,0.6567046724
DIIID174082,chease_rhotTopPed0p3_fixedamp_ramp,omt0p9_omne1p0,C:\Users\joesc\git\cheaseBS_tests\data\lleppin_DIIID_chease_tests\DIIID174082\chease_rhotTopPed0p3_fixedamp_ramp\omt0p9_omne1p0,1,rhot,jparallel,0.3,0.9,1.0,0.05449083806842038,20,False,1.0,4.514514689471742,2.654923920721197,5.3519916373745815,3.4274873431014306,6.346347550492366,1.3147620708181986,6.659349875245391,3.782911313619729,0.6565187103
DIIID174082,chease_rhotTopPed0p3_fixedamp_ramp,omt0p9_omne1p1,C:\Users\joesc\git\cheaseBS_tests\data\lleppin_DIIID_chease_tests\DIIID174082\chease_rhotTopPed0p3_fixedamp_ramp\omt0p9_omne1p1,1,rhot,jparallel,0.3,0.9,1.1,0.03435588647492809,20,False,1.0,4.471207520405585,2.6645996500709126,5.303447189838538,3.449366798256419,6.241037698479004,0.8047957577098009,6.500908575843888,3.664544889028728,0.6562354486
DIIID174082,chease_rhotTopPed0p3_fixedamp_ramp,omt1p0_omne1p0,C:\Users\joesc\git\cheaseBS_tests\data\lleppin_DIIID_chease_tests\DIIID174082\chease_rhotTopPed0p3_fixedamp_ramp\omt1p0_omne1p0,1,rhot,jparallel,0.3,1.0,1.0,0.00350230676063095,20,False,1.0,4.341796013984523,2.6457400531418407,5.153243138581572,3.46599328787237,6.031553754541368,-0.17095680026417973,6.140682542819741,2.9760334736865337,0.6562077751
DIIID174082,chease_rhotTopPed0p3_fixedamp_ramp,omt1p0_omne1p1,C:\Users\joesc\git\cheaseBS_tests\data\lleppin_DIIID_chease_tests\DIIID174082\chease_rhotTopPed0p3_fixedamp_ramp\omt1p0_omne1p1,1,rhot,jparallel,0.3,1.0,1.1,0.031533162175878905,20,False,1.0,4.277094527116598,2.65360401904863,5.081339968895122,3.500366605452437,5.9051189222656415,-0.7708020383482382,5.94500786900637,2.8092527333654846,0.6561707392
DIIID174082,chease_rhotTopPed0p3_fixedamp_ramp,omt1p1_omne1p0,C:\Users\joesc\git\cheaseBS_tests\data\lleppin_DIIID_chease_tests\DIIID174082\chease_rhotTopPed0p3_fixedamp_ramp\omt1p1_omne1p0,1,rhot,jparallel,0.3,1.1,1.0,0.07822893756214037,20,False,1.0,4.127668863622345,2.640625780540123,4.897973715876862,3.515627990023817,5.67780515931604,-1.4089525391704882,5.605057700102719,2.4543138497848993,0.6561337595
DIIID174082,chease_rhotTopPed0p3_fixedamp_ramp,omt1p1_omne1p1,C:\Users\joesc\git\cheaseBS_tests\data\lleppin_DIIID_chease_tests\DIIID174082\chease_rhotTopPed0p3_fixedamp_ramp\omt1p1_omne1p1,1,rhot,jparallel,0.3,1.1,1.1,0.11524554752863198,20,False,1.0,4.043252253654999,2.6403985772168346,4.800486417504532,3.5325932665837705,5.538468062661653,-2.0204059359995545,5.384416196562567,2.185843066979152,0.6562038109
DIIID174082,chease_rhotTopPed0p3_fixedamp_relax0p3,omt0p8_omne1p1,C:\Users\joesc\git\cheaseBS_tests\data\lleppin_DIIID_chease_tests\DIIID174082\chease_rhotTopPed0p3_fixedamp_relax0p3\omt0p8_omne1p1,1,rhot,jparallel,0.3,0.8,1.1,0.08373397726706203,20,False,1.0,4.610440130120175,2.6515255534736406,5.460622118970944,3.4182967105750395,6.536974970521875,2.2307584364568447,6.990824223313229,4.280744045809072,0.6566718808
DIIID174082,chease_rhotTopPed0p3_fixedamp_relax0p3,omt0p9_omne1p0,C:\Users\joesc\git\cheaseBS_tests\data\lleppin_DIIID_chease_tests\DIIID174082\chease_rhotTopPed0p3_fixedamp_relax0p3\omt0p9_omne1p0,1,rhot,jparallel,0.3,0.9,1.0,0.05455822266867623,20,False,1.0,4.514921861393217,2.6549712011459468,5.352488091693267,3.4275285875890034,6.34699361330432,1.3149641964449597,6.659986642696856,3.7827790204180003,0.6564957224
DIIID174082,chease_rhotTopPed0p3_fixedamp_relax0p3,omt0p9_omne1p1,C:\Users\joesc\git\cheaseBS_tests\data\lleppin_DIIID_chease_tests\DIIID174082\chease_rhotTopPed0p3_fixedamp_relax0p3\omt0p9_omne1p1,1,rhot,jparallel,0.3,0.9,1.1,0.034384878442565624,20,False,1.0,4.47138321473851,2.6646199441846488,5.303661648528512,3.4493891133093815,6.241334479809293,0.804931479289604,6.50118308209639,3.6643776640023367,0.656226061
DIIID174082,chease_rhotTopPed0p3_fixedamp_relax0p3,omt1p0_omne1p0,C:\Users\joesc\git\cheaseBS_tests\data\lleppin_DIIID_chease_tests\DIIID174082\chease_rhotTopPed0p3_fixedamp_relax0p3\omt1p0_omne1p0,1,rhot,jparallel,0.3,1.0,1.0,0.003501952387900677,20,False,1.0,4.341797944577472,2.6457403814176472,5.153245506429034,3.4659932302791803,6.0315562121007655,-0.17095469947183786,6.1406855895775,2.9760361005370366,0.6562076571
DIIID174082,chease_rhotTopPed0p3_fixedamp_relax0p3,omt1p0_omne1p1,C:\Users\joesc\git\cheaseBS_tests\data\lleppin_DIIID_chease_tests\DIIID174082\chease_rhotTopPed0p3_fixedamp_relax0p3\omt1p0_omne1p1,1,rhot,jparallel,0.3,1.0,1.1,0.03152582044471376,20,False,1.0,4.277130828995879,2.6536111794654946,5.081383958456899,3.500358112542913,5.905137796485257,-0.7707449327833173,5.94506650708346,2.8094609562259683,0.6561692263
DIIID174082,chease_rhotTopPed0p3_fixedamp_relax0p3,omt1p1_omne1p0,C:\Users\joesc\git\cheaseBS_tests\data\lleppin_DIIID_chease_tests\DIIID174082\chease_rhotTopPed0p3_fixedamp_relax0p3\omt1p1_omne1p0,1,rhot,jparallel,0.3,1.1,1.0,0.07821839013005273,20,False,1.0,4.127717378530446,2.6406364405737897,4.898033160158419,3.5156161447313146,5.677811583770507,-1.4090317129157688,5.605127100266327,2.4547425105237934,0.6561320174
DIIID174082,chease_rhotTopPed0p3_ncscal4,omt0p7_omne0p7,C:\Users\joesc\git\cheaseBS_tests\data\lleppin_DIIID_chease_tests\DIIID174082\chease_rhotTopPed0p3_ncscal4\omt0p7_omne0p7,4,rhot,jparallel,0.3,0.7,0.7,0.000380778342004417,17,True,1.2674706836359118,3.933543795955726,2.5318669619096688,4.617557460452878,3.2662177431288124,5.879854177168616,4.990648252177412,6.427738359687761,3.7600590251803676,0.5468107138
DIIID174082,chease_rhotTopPed0p3_ncscal4,omt0p7_omne0p8,C:\Users\joesc\git\cheaseBS_tests\data\lleppin_DIIID_chease_tests\DIIID174082\chease_rhotTopPed0p3_ncscal4\omt0p7_omne0p8,4,rhot,jparallel,0.3,0.7,0.8,0.00041640168089235725,17,True,1.2517866999569902,3.9556090670541177,2.541375462224374,4.646487381140215,3.2761479179078155,5.88450321099301,4.783382004432897,6.426916150757344,3.8304712712176476,0.5513502441
DIIID174082,chease_rhotTopPed0p3_ncscal4,omt0p7_omne0p9,C:\Users\joesc\git\cheaseBS_tests\data\lleppin_DIIID_chease_tests\DIIID174082\chease_rhotTopPed0p3_ncscal4\omt0p7_omne0p9,4,rhot,jparallel,0.3,0.7,0.9,0.0002837109894551858,19,True,1.2354283643184572,3.979327578718525,2.55161737072693,4.67766342081525,3.2869604380012594,5.888679081856901,4.5643046698613094,6.426939482387914,3.9069207504369086,0.5561443503
DIIID174082,chease_rhotTopPed0p3_ncscal4,omt0p8_omne0p8,C:\Users\joesc\git\cheaseBS_tests\data\lleppin_DIIID_chease_tests\DIIID174082\chease_rhotTopPed0p3_ncscal4\omt0p8_omne0p8,4,rhot,jparallel,0.3,0.8,0.8,0.0008599525306830098,14,True,1.2039884032668735,4.025027976052068,2.5661467517609373,4.738196700287099,3.325754832527871,5.91055131217805,3.8841108376235614,6.384232100755232,4.011491363748929,0.5660091574
DIIID174082,chease_rhotTopPed0p3_ncscal4,omt0p8_omne0p9,C:\Users\joesc\git\cheaseBS_tests\data\lleppin_DIIID_chease_tests\DIIID174082\chease_rhotTopPed0p3_ncscal4\omt0p8_omne0p9,4,rhot,jparallel,0.3,0.8,0.9,0.00040704601882665046,16,True,1.1832118806444296,4.058015321284896,2.5756711674108868,4.781298889599359,3.344108581555972,5.91426632529342,3.5309778882932914,6.3744967636824015,4.073089445754457,0.5731990263
DIIID174082,chease_rhotTopPed0p3_ncscal4,omt0p8_omne1p0,C:\Users\joesc\git\cheaseBS_tests\data\lleppin_DIIID_chease_tests\DIIID174082\chease_rhotTopPed0p3_ncscal4\omt0p8_omne1p0,4,rhot,jparallel,0.3,0.8,1.0,0.0007269394528924633,15,True,1.1580254615442576,4.100587968293767,2.5906551755021554,4.837053538242675,3.3627919099996584,5.92848941611555,3.125744134185731,6.368722297151143,4.097552904257052,0.5823853278
DIIID174082,chease_rhotTopPed0p3_ncscal4,omt0p8_omne1p1,C:\Users\joesc\git\cheaseBS_tests\data\lleppin_DIIID_chease_tests\DIIID174082\chease_rhotTopPed0p3_ncscal4\omt0p8_omne1p1,4,rhot,jparallel,0.3,0.8,1.1,8.355003077798313e-05,16,True,1.134208394774274,4.137297556454666,2.605257936196928,4.88655603207345,3.3847231390463306,5.931929783418475,2.80736724736458,6.356365399992225,3.9420074102688667,0.5912532548
DIIID174082,chease_rhotTopPed0p3_ncscal4,omt0p9_omne0p9,C:\Users\joesc\git\cheaseBS_tests\data\lleppin_DIIID_chease_tests\DIIID174082\chease_rhotTopPed0p3_ncscal4\omt0p9_omne0p9,4,rhot,jparallel,0.3,0.9,0.9,0.0006471668416843475,15,True,1.1175997811432383,4.151629900644937,2.604336765459688,4.9034055183097545,3.3828822653028743,5.936558410675925,2.3593270979758594,6.290110087504173,3.6566053310175812,0.5984143338
DIIID174082,chease_rhotTopPed0p3_ncscal4,omt0p9_omne1p0,C:\Users\joesc\git\cheaseBS_tests\data\lleppin_DIIID_chease_tests\DIIID174082\chease_rhotTopPed0p3_ncscal4\omt0p9_omne1p0,4,rhot,jparallel,0.3,0.9,1.0,0.0005159289573570119,18,True,1.0902147445003363,4.202902813786006,2.61965473457108,4.969827136259766,3.403776541425575,5.957692642688707,1.7391440163797933,6.274557547663432,3.7306777727542597,0.6103015004
DIIID174082,chease_rhotTopPed0p3_ncscal4,omt0p9_omne1p1,C:\Users\joesc\git\cheaseBS_tests\data\lleppin_DIIID_chease_tests\DIIID174082\chease_rhotTopPed0p3_ncscal4\omt0p9_omne1p1,4,rhot,jparallel,0.3,0.9,1.1,0.00028649824399026066,15,True,1.0524865111355148,4.277638540134472,2.645177873268519,5.06739480583903,3.4331915374907718,6.003898926319616,1.0446720866208195,6.262366858799366,3.634350808249845,0.6278174566
DIIID174082,chease_rhotTopPed0p3_ncscal4,omt1p0_omne1p0,C:\Users\joesc\git\cheaseBS_tests\data\lleppin_DIIID_chease_tests\DIIID174082\chease_rhotTopPed0p3_ncscal4\omt1p0_omne1p0,4,rhot,jparallel,0.3,1.0,1.0,0.0003489183971141418,4,True,0.9951236490077683,4.36019564758592,2.6472109338777217,5.175699502889736,3.4695996251433456,6.060806257959293,-0.19933131719162314,6.161533403644095,2.93454475932927,0.6588148945
DIIID174082,chease_rhotTopPed0p3_ncscal4,omt1p0_omne1p1,C:\Users\joesc\git\cheaseBS_tests\data\lleppin_DIIID_chease_tests\DIIID174082\chease_rhotTopPed0p3_ncscal4\omt1p0_omne1p1,4,rhot,jparallel,0.3,1.0,1.1,0.000542896298333865,14,True,0.9491645044334973,4.461084308888616,2.6747773637975363,5.303830119735435,3.540380174174364,6.1231490960183885,-1.0571521647397268,6.145953256565038,2.8833597261654202,0.6864323984
DIIID174082,chease_rhotTopPed0p3_ncscal4,omt1p1_omne1p0,C:\Users\joesc\git\cheaseBS_tests\data\lleppin_DIIID_chease_tests\DIIID174082\chease_rhotTopPed0p3_ncscal4\omt1p1_omne1p0,4,rhot,jparallel,0.3,1.1,1.0,0.0004224615353021888,18,True,0.8743777532759638,4.578249221217464,2.6835545378502363,5.448424882567526,3.5520947524072275,6.22924464068043,-2.1592312641955664,6.068166536976234,2.2535195725635897,0.7411936296
DIIID174082,chease_rhotTopPed0p3_ncscal4,omt1p1_omne1p1,C:\Users\joesc\git\cheaseBS_tests\data\lleppin_DIIID_chease_tests\DIIID174082\chease_rhotTopPed0p3_ncscal4\omt1p1_omne1p1,4,rhot,jparallel,0.3,1.1,1.1,0.0008755181914133569,20,True,0.8109689401921772,4.722039800325251,2.694425881641802,5.633005594078835,3.588888170999397,6.377989500616974,-3.2411055332488816,6.048094351819617,1.6773818528842326,0.7959479348
DIIID174082,ncscal_default_check,omt0p7_omne0p7,C:\Users\joesc\git\cheaseBS_tests\data\lleppin_DIIID_chease_tests\DIIID174082\ncscal_default_check\omt0p7_omne0p7,1,rhot,jparallel,0.3,0.7,0.7,0.0003800694956406461,17,True,1.267311511663814,3.9339743912998077,2.531998284315089,4.617949162462953,3.264584274429301,5.881746014360154,4.969860112383839,6.427565776648167,3.764471005640604,0.5468792532
DIIID174082,ncscal_default_check,omt1p0_omne1p0,C:\Users\joesc\git\cheaseBS_tests\data\lleppin_DIIID_chease_tests\DIIID174082\ncscal_default_check\omt1p0_omne1p0,1,rhot,jparallel,0.3,1.0,1.0,0.0003678124572976724,4,True,0.9949581123800221,4.360752499788743,2.6475306459508894,5.17606426034499,3.464974469689667,6.066023674484371,-0.21732398073549097,6.1612078563000034,2.9245636692738715,0.6590764827
DIIID174082,two_template_check,omt0p7_omne0p7,C:\Users\joesc\git\cheaseBS_tests\data\lleppin_DIIID_chease_tests\DIIID174082\two_template_check\omt0p7_omne0p7,4,rhot,jparallel,0.3,0.7,0.7,0.0003800694956406461,17,True,1.267311511663814,3.9339743912998077,2.531998284315089,4.617949162462953,3.264584274429301,5.881746014360154,4.969860112383839,6.427565776648167,3.764471005640604,0.5468792532
DIIID174082,two_template_check,omt1p0_omne1p0,C:\Users\joesc\git\cheaseBS_tests\data\lleppin_DIIID_chease_tests\DIIID174082\two_template_check\omt1p0_omne1p0,4,rhot,jparallel,0.3,1.0,1.0,0.0003678124572976724,4,True,0.9949581123800221,4.360752499788743,2.6475306459508894,5.17606426034499,3.464974469689667,6.066023674484371,-0.21732398073549097,6.1612078563000034,2.9245636692738715,0.6590764827
NSTX129015,variations,omt0p7_omne0p7,C:\Users\joesc\git\cheaseBS_tests\data\lleppin_NSTX_chease_tests\NSTX129015\variations\omt0p7_omne0p7,4,rhot,jparallel,0.8,0.7,0.7,0.00034532979582451535,14,True,1.0531562094314162,6.813895562772417,3.975770759682691,8.574876301908006,3.61248315214678,10.560411482523591,4.715015574945769,12.16081348760088,6.83832584367642,1.160434787
NSTX129015,variations,omt0p7_omne0p8,C:\Users\joesc\git\cheaseBS_tests\data\lleppin_NSTX_chease_tests\NSTX129015\variations\omt0p7_omne0p8,4,rhot,jparallel,0.8,0.7,0.8,0.00032169827465313605,14,True,1.05387615953972,6.824640776298349,3.9762835432133836,8.584942487092572,3.589600279209124,10.558497631254603,4.6983042939212,12.152597048486474,6.7805164878090425,1.160466328
NSTX129015,variations,omt0p7_omne0p9,C:\Users\joesc\git\cheaseBS_tests\data\lleppin_NSTX_chease_tests\NSTX129015\variations\omt0p7_omne0p9,4,rhot,jparallel,0.8,0.7,0.9,0.00028742739591169957,14,True,1.0547539967763977,6.835660558715295,3.977184871588837,8.595289771082673,3.5651622267470997,10.556407969004631,4.681944124911091,12.144212708160284,6.722254608631341,1.160443944
NSTX129015,variations,omt0p8_omne0p8,C:\Users\joesc\git\cheaseBS_tests\data\lleppin_NSTX_chease_tests\NSTX129015\variations\omt0p8_omne0p8,4,rhot,jparallel,0.8,0.8,0.8,0.0006063575620368157,8,True,1.0411051485098464,6.876678122770721,3.969282061817451,8.62351278111582,3.4652633447550665,10.535115359787575,4.638653150040391,12.108663454600952,6.675036760536351,1.169335465
NSTX129015,variations,omt0p8_omne0p9,C:\Users\joesc\git\cheaseBS_tests\data\lleppin_NSTX_chease_tests\NSTX129015\variations\omt0p8_omne0p9,4,rhot,jparallel,0.8,0.8,0.9,6.751126080591915e-05,9,True,1.0435546058322769,6.883698618419045,3.97229002590599,8.629043633793806,3.4384924481031005,10.527587294284181,4.625703756245575,12.095246778771294,6.621977718478586,1.168370778
NSTX129015,variations,omt0p8_omne1p0,C:\Users\joesc\git\cheaseBS_tests\data\lleppin_NSTX_chease_tests\NSTX129015\variations\omt0p8_omne1p0,4,rhot,jparallel,0.8,0.8,1.0,4.991137503093125e-05,9,True,1.0442944986359106,6.898564901502723,3.9755811782156645,8.643065605425587,3.4026804535110613,10.524779935559586,4.607124810595784,12.085779056318348,6.562361826525471,1.168504131
NSTX129015,variations,omt0p8_omne1p1,C:\Users\joesc\git\cheaseBS_tests\data\lleppin_NSTX_chease_tests\NSTX129015\variations\omt0p8_omne1p1,4,rhot,jparallel,0.8,0.8,1.1,1.8424521872466352e-05,9,True,1.0451969567843173,6.914127718018598,3.9800400655662322,8.657605913517102,3.3631967405646215,10.521905106348118,4.5908773329623465,12.076835322871649,6.503507791765231,1.1685859
NSTX129015,variations,omt0p9_omne0p9,C:\Users\joesc\git\cheaseBS_tests\data\lleppin_NSTX_chease_tests\NSTX129015\variations\omt0p9_omne0p9,4,rhot,jparallel,0.8,0.9,0.9,0.0007610131079309981,6,True,1.031018639893195,6.950161985389875,3.960774117621736,8.680648984293137,3.295546013679256,10.505068765803454,4.521087294207147,12.04035268462263,6.489101622079458,1.176666451
NSTX129015,variations,omt0p9_omne1p0,C:\Users\joesc\git\cheaseBS_tests\data\lleppin_NSTX_chease_tests\NSTX129015\variations\omt0p9_omne1p0,4,rhot,jparallel,0.8,0.9,1.0,0.0007212402338024245,6,True,1.0315818273142143,6.967223253118222,3.9661790815846607,8.696294329616093,3.251588227845166,10.501517960703517,4.4992175387748095,12.029342013662246,6.4300034560631625,1.17699231
NSTX129015,variations,omt0p9_omne1p1,C:\Users\joesc\git\cheaseBS_tests\data\lleppin_NSTX_chease_tests\NSTX129015\variations\omt0p9_omne1p1,4,rhot,jparallel,0.8,0.9,1.1,0.0006396163813566869,6,True,1.0323685910811602,6.984684201457195,3.9724816010230675,8.712185066788175,3.2039143065913085,10.497449193089302,4.478923348038453,12.018063780288132,6.371329134732211,1.177241968
NSTX129015,variations,omt1p0_omne1p0,C:\Users\joesc\git\cheaseBS_tests\data\lleppin_NSTX_chease_tests\NSTX129015\variations\omt1p0_omne1p0,4,rhot,jparallel,0.8,1.0,1.0,0.0004386131564314064,5,True,1.0197543145908696,7.0350503303905345,3.9615132109959905,8.745626848477453,3.08550771885982,10.475468042822007,4.397516254524912,11.98592491355733,6.3994391827441275,1.185860215
NSTX129015,variations,omt1p0_omne1p1,C:\Users\joesc\git\cheaseBS_tests\data\lleppin_NSTX_chease_tests\NSTX129015\variations\omt1p0_omne1p1,4,rhot,jparallel,0.8,1.0,1.1,0.000438995961607056,5,True,1.0200443691608698,7.05687496589948,3.970603916907611,8.765421867815048,3.0241675519602897,10.47142497162508,4.376630624713031,11.974268101423334,6.338201018445208,1.186505369
NSTX129015,variations,omt1p1_omne1p0,C:\Users\joesc\git\cheaseBS_tests\data\lleppin_NSTX_chease_tests\NSTX129015\variations\omt1p1_omne1p0,4,rhot,jparallel,0.8,1.1,1.0,0.0001798328784022516,11,True,1.0073996455592262,7.117429857801738,3.9628993430888677,8.809709187424172,2.878904513281882,10.434623364993518,4.266907313530958,11.906821748059638,6.263599194485286,1.194714932
NSTX129015,variations,omt1p1_omne1p1,C:\Users\joesc\git\cheaseBS_tests\data\lleppin_NSTX_chease_tests\NSTX129015\variations\omt1p1_omne1p1,4,rhot,jparallel,0.8,1.1,1.1,0.00019921202565553725,11,True,1.00721879093864,7.148910612984941,3.9730552092408637,8.842263524458499,2.7924232374243783,10.422335282406868,4.242026983453907,11.875041560246212,6.117933758807992,1.195514773
NSTX129038,variations,omt0p7_omne0p7,C:\Users\joesc\git\cheaseBS_tests\data\lleppin_NSTX_chease_tests\NSTX129038\variations\omt0p7_omne0p7,4,rhot,jparallel,0.8,0.7,0.7,0.0008503763817513131,8,True,0.9498282964010953,6.9112172796803435,3.232273235737858,8.432926736109993,3.9325152624155124,10.832968480412557,5.374055105640396,12.610649234452088,6.891665737948062,1.30481288
NSTX129038,variations,omt0p7_omne0p8,C:\Users\joesc\git\cheaseBS_tests\data\lleppin_NSTX_chease_tests\NSTX129038\variations\omt0p7_omne0p8,4,rhot,jparallel,0.8,0.7,0.8,0.0008967130827167309,8,True,0.9505805209349711,6.9229106392936774,3.2147956408570524,8.439942382350425,3.9204716249294855,10.835105648526406,5.361282548058591,12.607912599764683,6.8543233069345755,1.304439979
NSTX129038,variations,omt0p7_omne0p9,C:\Users\joesc\git\cheaseBS_tests\data\lleppin_NSTX_chease_tests\NSTX129038\variations\omt0p7_omne0p9,4,rhot,jparallel,0.8,0.7,0.9,0.0009587037986111097,8,True,0.9514218629975569,6.935203623430475,3.1967510234810708,8.44750580864195,3.90834674013817,10.837928727772693,5.34825138520159,12.605860421377692,6.816388062404559,1.304023469
NSTX129038,variations,omt0p8_omne0p8,C:\Users\joesc\git\cheaseBS_tests\data\lleppin_NSTX_chease_tests\NSTX129038\variations\omt0p8_omne0p8,4,rhot,jparallel,0.8,0.8,0.8,9.281029244731668e-05,7,True,0.9435998413349752,6.949309940367394,3.14986040123572,8.440485805006713,3.8571225419484256,10.800691687535288,5.317428369931787,12.551733405111172,6.751846872001218,1.310974884
NSTX129038,variations,omt0p8_omne0p9,C:\Users\joesc\git\cheaseBS_tests\data\lleppin_NSTX_chease_tests\NSTX129038\variations\omt0p8_omne0p9,4,rhot,jparallel,0.8,0.8,0.9,8.977720699012555e-05,7,True,0.9444479442313247,6.963034541672314,3.128446352360637,8.448163566380025,3.842482100239992,10.802768136604646,5.303401083100752,12.54856686966296,6.712862015416071,1.31060088
NSTX129038,variations,omt0p8_omne1p0,C:\Users\joesc\git\cheaseBS_tests\data\lleppin_NSTX_chease_tests\NSTX129038\variations\omt0p8_omne1p0,4,rhot,jparallel,0.8,0.8,1.0,8.30725271211922e-05,7,True,0.9454126620009997,6.9772309827048264,3.1053242983537066,8.456124449137382,3.8287754889539225,10.805325518831431,5.287817531429571,12.545466549940722,6.672806192746901,1.310161809
NSTX129038,variations,omt0p8_omne1p1,C:\Users\joesc\git\cheaseBS_tests\data\lleppin_NSTX_chease_tests\NSTX129038\variations\omt0p8_omne1p1,4,rhot,jparallel,0.8,0.8,1.1,0.0002826927533330945,6,True,0.946779683905614,6.9947893234965,3.0756922528245334,8.464342539232742,3.8059660562100537,10.803769427678324,5.268596437410735,12.536562324839132,6.627779225534136,1.30915909
NSTX129038,variations,omt0p9_omne0p9,C:\Users\joesc\git\cheaseBS_tests\data\lleppin_NSTX_chease_tests\NSTX129038\variations\omt0p9_omne0p9,4,rhot,jparallel,0.8,0.9,0.9,0.00029433086531869174,7,True,0.9359460860825933,6.999904968520026,3.0596331866556907,8.45994639138052,3.7772352310306023,10.78153531471423,5.254959919261307,12.506972389231539,6.610759655165546,1.318747463
NSTX129038,variations,omt0p9_omne1p0,C:\Users\joesc\git\cheaseBS_tests\data\lleppin_NSTX_chease_tests\NSTX129038\variations\omt0p9_omne1p0,4,rhot,jparallel,0.8,0.9,1.0,0.0006467234603343645,6,True,0.9379644320476791,7.01706354759961,3.028069574942975,8.466912726889174,3.753991792808997,10.77901846653215,5.235911239817876,12.49708018419681,6.567603652084779,1.317210939
NSTX129038,variations,omt0p9_omne1p1,C:\Users\joesc\git\cheaseBS_tests\data\lleppin_NSTX_chease_tests\NSTX129038\variations\omt0p9_omne1p1,4,rhot,jparallel,0.8,0.9,1.1,0.0006489795342633343,6,True,0.9389847444531233,7.0340463340705455,3.0014950829879337,8.476558631699962,3.737196771726276,10.783110923454872,5.220386608441482,12.495740017994656,6.527122105430864,1.316849174
NSTX129038,variations,omt1p0_omne1p0,C:\Users\joesc\git\cheaseBS_tests\data\lleppin_NSTX_chease_tests\NSTX129038\variations\omt1p0_omne1p0,4,rhot,jparallel,0.8,1.0,1.0,0.0009431369691043128,9,True,0.9266602120745794,7.063473958288297,2.9431167907392255,8.481266446168641,3.67148777703663,10.754453540007248,5.17870842283202,12.44946824389853,6.4589172990203405,1.328452909
NSTX129038,variations,omt1p0_omne1p1,C:\Users\joesc\git\cheaseBS_tests\data\lleppin_NSTX_chease_tests\NSTX129038\variations\omt1p0_omne1p1,4,rhot,jparallel,0.8,1.0,1.1,0.0006181936765716256,8,True,0.9277099305991202,7.088930899835419,2.9068889444303463,8.496590453876852,3.6477058005153236,10.763280422078065,5.160833264458145,12.45292005862738,6.415845480402551,1.327771142
NSTX129038,variations,omt1p1_omne1p0,C:\Users\joesc\git\cheaseBS_tests\data\lleppin_NSTX_chease_tests\NSTX129038\variations\omt1p1_omne1p0,4,rhot,jparallel,0.8,1.1,1.0,0.0005694098729094046,11,True,0.9141091183607644,7.13623596095445,2.83181096046767,8.512361435467756,3.5596528238679412,10.736019781165174,5.101588377308683,12.404201136787695,6.336255520043376,1.340289749
NSTX129038,variations,omt1p1_omne1p1,C:\Users\joesc\git\cheaseBS_tests\data\lleppin_NSTX_chease_tests\NSTX129038\variations\omt1p1_omne1p1,4,rhot,jparallel,0.8,1.1,1.1,0.0005971565999296977,11,True,0.914925822615565,7.167270001681303,2.79013637506383,8.528571405793974,3.5166179813614993,10.740377963924686,5.093871335037221,12.405692633964994,6.295444343338385,1.339884552
